{"type":"FeatureCollection","features":[{"type":"Feature","id":5966,"geometry":{"type":"LineString","coordinates":[[-80.416140220801424,37.230237024773928],[-80.416220964826195,37.230326208888187],[-80.416242241673885,37.230313144640178],[-80.416184552887685,37.23024738188407],[-80.416307819418847,37.230172163609822],[-80.416312495110162,37.230176658997244]]},"properties":{"objectid":5966,"type":"Normal","st_length(shape)":124.41633662310551,"slopelessthan5":null,"slopebtwn5and833":null}},{"type":"Feature","id":6008,"geometry":{"type":"LineString","coordinates":[[-80.413039142897432,37.219863661354623],[-80.413000197558858,37.219874469841251]]},"properties":{"objectid":6008,"type":"Normal","st_length(shape)":12.003319013509937,"slopelessthan5":null,"slopebtwn5and833":null}},{"type":"Feature","id":6031,"geometry":{"type":"LineString","coordinates":[[-80.415976940604409,37.229037445297266],[-80.415873425763394,37.228940311794275],[-80.415819217057248,37.228885266287229],[-80.415799506470535,37.228865270040266],[-80.4157834420471,37.228842241983024],[-80.4157714819939,37.22881683894682],[-80.415763967448598,37.228789785504716],[-80.415768295649983,37.228751020611476],[-80.4158394275332,37.228709157149183],[-80.415992901837001,37.228618831016512],[-80.416007671511792,37.22861705009484]]},"properties":{"objectid":6031,"type":"Normal","st_length(shape)":210.52905079236945,"slopelessthan5":null,"slopebtwn5and833":null}},{"type":"Feature","id":6158,"geometry":{"type":"LineString","coordinates":[[-80.415679989587815,37.218626206567002],[-80.415636253507614,37.218617658475715],[-80.41560399769773,37.218639212490594],[-80.415492077272319,37.218716458939625],[-80.415409937250814,37.218773909340761]]},"properties":{"objectid":6158,"type":"Normal","st_length(shape)":100.17002966202885,"slopelessthan5":null,"slopebtwn5and833":null}},{"type":"Feature","id":6254,"geometry":{"type":"LineString","coordinates":[[-80.416589455972442,37.228224195475349],[-80.416433686760769,37.22805508293952],[-80.416418308628309,37.228040441656375],[-80.416296726888362,37.227911118806716],[-80.416292019902002,37.227903032326601],[-80.41628530937048,37.227895863977579],[-80.416277472731892,37.227889947597212],[-80.416268740456445,37.227885457182239],[-80.416259369354435,37.227882524792712],[-80.416249635023632,37.22788123666821],[-80.416239823744064,37.227881630691613],[-80.416230224058822,37.227883695274954],[-80.416221118288135,37.227887369700234],[-80.416212774226523,37.227892545905107],[-80.41620543726718,37.2278990716609],[-80.415342983839096,37.228477472076918],[-80.414885520548381,37.2287851039072]]},"properties":{"objectid":6254,"type":"Normal","st_length(shape)":677.72432596102351,"slopelessthan5":null,"slopebtwn5and833":null}},{"type":"Feature","id":6258,"geometry":{"type":"LineString","coordinates":[[-80.415409937250814,37.218773909340761],[-80.415424718433002,37.218782517337502],[-80.415476471329512,37.218749917204853],[-80.415492561988913,37.218739380562027],[-80.415547784236779,37.218748150570676]]},"properties":{"objectid":6258,"type":"Normal","st_length(shape)":46.955750161273741,"slopelessthan5":null,"slopebtwn5and833":null}},{"type":"Feature","id":6550,"geometry":{"type":"LineString","coordinates":[[-80.415392223927242,37.229117433472815],[-80.415296338336958,37.229178921688955]]},"properties":{"objectid":6550,"type":"Normal","st_length(shape)":35.784129080301824,"slopelessthan5":null,"slopebtwn5and833":null}},{"type":"Feature","id":6554,"geometry":{"type":"LineString","coordinates":[[-80.416611887098568,37.229688441048722],[-80.41646619993756,37.229535911523001],[-80.41627480442628,37.229338708348855],[-80.416162753215318,37.229271372985195]]},"properties":{"objectid":6554,"type":"Normal","st_length(shape)":201.57374173419743,"slopelessthan5":null,"slopebtwn5and833":null}},{"type":"Feature","id":6556,"geometry":{"type":"LineString","coordinates":[[-80.415392223927242,37.229117433472815],[-80.415388756905415,37.229114147783861],[-80.415180545714122,37.228906303046109],[-80.415092578287954,37.228818489119384],[-80.414885520548381,37.2287851039072]]},"properties":{"objectid":6556,"type":"Normal","st_length(shape)":200.9870294014267,"slopelessthan5":null,"slopebtwn5and833":null}},{"type":"Feature","id":6563,"geometry":{"type":"LineString","coordinates":[[-80.415328514600219,37.230571604033678],[-80.415378720164441,37.230575380540181],[-80.416172410270164,37.2300629175746]]},"properties":{"objectid":6563,"type":"Normal","st_length(shape)":311.67834981467581,"slopelessthan5":null,"slopebtwn5and833":null}},{"type":"Feature","id":6571,"geometry":{"type":"LineString","coordinates":[[-80.415072795429637,37.228976294281331],[-80.415180545714122,37.228906303046109]]},"properties":{"objectid":6571,"type":"Normal","st_length(shape)":40.416627583440658,"slopelessthan5":null,"slopebtwn5and833":null}},{"type":"Feature","id":6573,"geometry":{"type":"LineString","coordinates":[[-80.415445156788039,37.228960722558746],[-80.415377999266255,37.228893213172974]]},"properties":{"objectid":6573,"type":"Normal","st_length(shape)":31.407876460314377,"slopelessthan5":null,"slopebtwn5and833":null}},{"type":"Feature","id":6574,"geometry":{"type":"LineString","coordinates":[[-80.415541822154367,37.22867838366578],[-80.415464239213165,37.228727825940936]]},"properties":{"objectid":6574,"type":"Normal","st_length(shape)":28.883487449980205,"slopelessthan5":null,"slopebtwn5and833":null}},{"type":"Feature","id":6577,"geometry":{"type":"LineString","coordinates":[[-80.4158394275332,37.228709157149183],[-80.415801471291672,37.228665180549285]]},"properties":{"objectid":6577,"type":"Normal","st_length(shape)":19.454768353341692,"slopelessthan5":null,"slopebtwn5and833":null}},{"type":"Feature","id":6578,"geometry":{"type":"LineString","coordinates":[[-80.416007671511792,37.22861705009484],[-80.415959344248833,37.228563736081647]]},"properties":{"objectid":6578,"type":"Normal","st_length(shape)":23.97427187562279,"slopelessthan5":null,"slopebtwn5and833":null}},{"type":"Feature","id":6835,"geometry":{"type":"LineString","coordinates":[[-80.415577609317069,37.229293112964129],[-80.415490279238369,37.22935471575834]]},"properties":{"objectid":6835,"type":"Normal","st_length(shape)":33.90436878017735,"slopelessthan5":null,"slopebtwn5and833":null}},{"type":"Feature","id":6836,"geometry":{"type":"LineString","coordinates":[[-80.415423621966667,37.229097298631608],[-80.415392223927242,37.229117433472815]]},"properties":{"objectid":6836,"type":"Normal","st_length(shape)":11.717705233040023,"slopelessthan5":null,"slopebtwn5and833":null}},{"type":"Feature","id":6837,"geometry":{"type":"LineString","coordinates":[[-80.415577609317069,37.229293112964129],[-80.415392223927242,37.229117433472815]]},"properties":{"objectid":6837,"type":"Normal","st_length(shape)":83.692571592047656,"slopelessthan5":null,"slopebtwn5and833":null}},{"type":"Feature","id":6965,"geometry":{"type":"LineString","coordinates":[[-80.416250052338711,37.228874946488865],[-80.416070032859935,37.228982055753768]]},"properties":{"objectid":6965,"type":"Normal","st_length(shape)":65.327823814268541,"slopelessthan5":null,"slopebtwn5and833":null}},{"type":"Feature","id":6968,"geometry":{"type":"LineString","coordinates":[[-80.415296338336958,37.229178921688955],[-80.415490279238369,37.22935471575834]]},"properties":{"objectid":6968,"type":"Normal","st_length(shape)":85.351387303370061,"slopelessthan5":null,"slopebtwn5and833":null}},{"type":"Feature","id":6969,"geometry":{"type":"LineString","coordinates":[[-80.414885520548381,37.2287851039072],[-80.414871943771374,37.228794233298046],[-80.415072795429637,37.228976294281331]]},"properties":{"objectid":6969,"type":"Normal","st_length(shape)":93.558274674588688,"slopelessthan5":null,"slopebtwn5and833":null}},{"type":"Feature","id":6970,"geometry":{"type":"LineString","coordinates":[[-80.415072795429637,37.228976294281331],[-80.415296338336958,37.229178921688955]]},"properties":{"objectid":6970,"type":"Normal","st_length(shape)":98.37934730114803,"slopelessthan5":null,"slopebtwn5and833":null}},{"type":"Feature","id":7425,"geometry":{"type":"LineString","coordinates":[[-80.415542110917357,37.230638450601546],[-80.415509638120554,37.230631983606905],[-80.415453662391954,37.230585605366727],[-80.415419572729434,37.230549003261586]]},"properties":{"objectid":7425,"type":"Normal","st_length(shape)":49.826114453795263,"slopelessthan5":null,"slopebtwn5and833":null}},{"type":"Feature","id":7426,"geometry":{"type":"LineString","coordinates":[[-80.415817929309171,37.23043875736343],[-80.415807507981697,37.230423937313184],[-80.415731428917908,37.230347648434325]]},"properties":{"objectid":7426,"type":"Normal","st_length(shape)":41.716609609573169,"slopelessthan5":null,"slopebtwn5and833":null}},{"type":"Feature","id":7427,"geometry":{"type":"LineString","coordinates":[[-80.416172410270164,37.2300629175746],[-80.416185896538948,37.230054704305012],[-80.416260411115772,37.230128544280213],[-80.416283038415969,37.230147629284517]]},"properties":{"objectid":7427,"type":"Normal","st_length(shape)":49.056239851393158,"slopelessthan5":null,"slopebtwn5and833":null}},{"type":"Feature","id":5951,"geometry":{"type":"LineString","coordinates":[[-80.415665942881688,37.229339886232729],[-80.415640502050564,37.229354261721497],[-80.415577609317069,37.229293112964129]]},"properties":{"objectid":5951,"type":"Normal","st_length(shape)":37.895782398794047,"slopelessthan5":null,"slopebtwn5and833":null}},{"type":"Feature","id":7432,"geometry":{"type":"LineString","coordinates":[[-80.414885520548381,37.2287851039072],[-80.414875976138546,37.228781863615062],[-80.414775608535152,37.228704798288781],[-80.415153986895518,37.228468213568341],[-80.415737454880201,37.228074818544684],[-80.416160790858314,37.227787751077372]]},"properties":{"objectid":7432,"type":"Normal","st_length(shape)":567.17196195524991,"slopelessthan5":null,"slopebtwn5and833":null}},{"type":"Feature","id":7433,"geometry":{"type":"LineString","coordinates":[[-80.416452697876011,37.228075683986447],[-80.416356914737392,37.228133397784653]]},"properties":{"objectid":7433,"type":"Normal","st_length(shape)":34.917295967891256,"slopelessthan5":null,"slopebtwn5and833":null}},{"type":"Feature","id":7496,"geometry":{"type":"LineString","coordinates":[[-80.415831400251321,37.225776354455178],[-80.416071496817679,37.226002724489902],[-80.416076186345052,37.226005350184835],[-80.416081221967531,37.226007228600935],[-80.416086485454713,37.22600831563522],[-80.416091853226177,37.226008585765427],[-80.416097199253045,37.226008032649226],[-80.416102398016974,37.226006669273112],[-80.416107327457183,37.22600452764754],[-80.416117461209311,37.226014345727044],[-80.416124781873762,37.226029939810694]]},"properties":{"objectid":7496,"type":"Normal","st_length(shape)":130.0156955830447,"slopelessthan5":null,"slopebtwn5and833":null}},{"type":"Feature","id":7604,"geometry":{"type":"LineString","coordinates":[[-80.413030348658609,37.219393601409173],[-80.413069143718459,37.219491113927923]]},"properties":{"objectid":7604,"type":"Normal","st_length(shape)":37.257451945913502,"slopelessthan5":null,"slopebtwn5and833":null}},{"type":"Feature","id":7605,"geometry":{"type":"LineString","coordinates":[[-80.413059614387009,37.219467162738525],[-80.414616729192602,37.219000042161888],[-80.414815729182664,37.218883661656712],[-80.41500378060806,37.218763128693496],[-80.415226826387794,37.21862239316458],[-80.415367352686872,37.218519957006436],[-80.415455348478844,37.218455544736059],[-80.415548602137449,37.218397333498054],[-80.416021554510053,37.218061740802163]]},"properties":{"objectid":7605,"type":"Normal","st_length(shape)":1017.5815574356421,"slopelessthan5":null,"slopebtwn5and833":null}},{"type":"Feature","id":7606,"geometry":{"type":"LineString","coordinates":[[-80.41597271577082,37.218017225331508],[-80.416021554510053,37.218061740802163],[-80.416029725169281,37.21806938441393],[-80.416094463229342,37.218113901314176],[-80.416093601280849,37.21812860438763]]},"properties":{"objectid":7606,"type":"Normal","st_length(shape)":55.443352892721059,"slopelessthan5":null,"slopebtwn5and833":null}},{"type":"Feature","id":7608,"geometry":{"type":"LineString","coordinates":[[-80.415376118876367,37.218513540929308],[-80.415384244427841,37.218520606694646],[-80.415386615322987,37.218614046376345],[-80.415386888597851,37.218622018277948],[-80.415390744539536,37.218640384193847],[-80.415481093760377,37.218724141258825]]},"properties":{"objectid":7608,"type":"Normal","st_length(shape)":87.482074193652991,"slopelessthan5":null,"slopebtwn5and833":null}},{"type":"Feature","id":7607,"geometry":{"type":"LineString","coordinates":[[-80.414742955830945,37.219221063266637],[-80.414723152851266,37.21922662997909],[-80.414769195230633,37.219325513320257],[-80.414757333748568,37.219328090537566],[-80.414689373921689,37.219188021815448],[-80.414646676578528,37.219149876469608],[-80.415009991450304,37.218923236001864]]},"properties":{"objectid":7607,"type":"Normal","st_length(shape)":255.61831534380602,"slopelessthan5":null,"slopebtwn5and833":null}},{"type":"Feature","id":5815,"geometry":{"type":"LineString","coordinates":[[-80.417590611779005,37.230390704942806],[-80.417290703483999,37.230099761008944],[-80.417307619694114,37.229943888367387]]},"properties":{"objectid":5815,"type":"Normal","st_length(shape)":194.24295115161266,"slopelessthan5":null,"slopebtwn5and833":null}},{"type":"Feature","id":5831,"geometry":{"type":"LineString","coordinates":[[-80.417702111606303,37.229082397931478],[-80.417791570253385,37.229089788837591],[-80.418224069385289,37.228834758838254],[-80.418524614866584,37.228683454308886],[-80.418556268904752,37.228643233026858],[-80.418601384433444,37.228585908352457],[-80.418622555066634,37.228571760242595]]},"properties":{"objectid":5831,"type":"Normal","st_length(shape)":336.03030550294005,"slopelessthan5":null,"slopebtwn5and833":null}},{"type":"Feature","id":5834,"geometry":{"type":"LineString","coordinates":[[-80.416618467471821,37.228255691930407],[-80.416852247972344,37.228509496146657]]},"properties":{"objectid":5834,"type":"Normal","st_length(shape)":114.76918780759227,"slopelessthan5":null,"slopebtwn5and833":null}},{"type":"Feature","id":5836,"geometry":{"type":"LineString","coordinates":[[-80.417506679795906,37.227888814936868],[-80.417611912186132,37.227830907924513],[-80.417854377692663,37.228094678774724]]},"properties":{"objectid":5836,"type":"Normal","st_length(shape)":156.38208113522688,"slopelessthan5":null,"slopebtwn5and833":null}},{"type":"Feature","id":5847,"geometry":{"type":"LineString","coordinates":[[-80.416780304108485,37.229836684358652],[-80.416983695358425,37.229709585345852],[-80.417090838042611,37.229729301222974],[-80.417207189180502,37.229835220889157],[-80.417265074456296,37.229896493395017],[-80.417256763255722,37.229962132515894],[-80.417294966048146,37.229961267781242]]},"properties":{"objectid":5847,"type":"Normal","st_length(shape)":221.59628921209321,"slopelessthan5":null,"slopebtwn5and833":null}},{"type":"Feature","id":5862,"geometry":{"type":"LineString","coordinates":[[-80.417467497597315,37.227395658849126],[-80.417835890881364,37.226756566871821],[-80.417836076626813,37.226756247504518]]},"properties":{"objectid":5862,"type":"Normal","st_length(shape)":256.34778768786236,"slopelessthan5":null,"slopebtwn5and833":null}},{"type":"Feature","id":5864,"geometry":{"type":"LineString","coordinates":[[-80.416622228409338,37.22864952360819],[-80.416453245385497,37.228754047864399],[-80.416250052338711,37.228874946488865]]},"properties":{"objectid":5864,"type":"Normal","st_length(shape)":135.9368667431248,"slopelessthan5":null,"slopebtwn5and833":null}},{"type":"Feature","id":5865,"geometry":{"type":"LineString","coordinates":[[-80.416618467471821,37.228255691930407],[-80.416389640989962,37.228391289613867],[-80.416377080030855,37.228398733520187],[-80.416007671511792,37.22861705009484],[-80.416250052338711,37.228874946488865]]},"properties":{"objectid":5865,"type":"Normal","st_length(shape)":338.6672443457544,"slopelessthan5":null,"slopebtwn5and833":null}},{"type":"Feature","id":5866,"geometry":{"type":"LineString","coordinates":[[-80.416852247972344,37.228509496146657],[-80.416799427301427,37.228541567005173],[-80.416622228409338,37.22864952360819]]},"properties":{"objectid":5866,"type":"Normal","st_length(shape)":84.166595889130306,"slopelessthan5":null,"slopebtwn5and833":null}},{"type":"Feature","id":5870,"geometry":{"type":"LineString","coordinates":[[-80.416941829275999,37.226832411864102],[-80.417195810677711,37.226596328955893],[-80.417280002419076,37.226597759057924],[-80.417374910408014,37.226510445300249],[-80.417473528873231,37.22650841704062],[-80.417836076626813,37.226756247504518]]},"properties":{"objectid":5870,"type":"Normal","st_length(shape)":347.61454566685461,"slopelessthan5":null,"slopebtwn5and833":null}},{"type":"Feature","id":5875,"geometry":{"type":"LineString","coordinates":[[-80.41830394761871,37.229954491234857],[-80.418284309633592,37.229932281061501],[-80.418273310844441,37.229921141343596],[-80.418260672538636,37.229911903383659],[-80.418246719855034,37.229904804841688],[-80.418231811746821,37.229900028338051],[-80.418216331746834,37.229897696755273],[-80.418200678100703,37.229897870076726],[-80.418168567672353,37.229902389332494],[-80.418136158735408,37.229901310403768],[-80.418104419972764,37.229894665539071],[-80.418063749878542,37.229907061047925],[-80.418043171773249,37.229918198156632]]},"properties":{"objectid":5875,"type":"Normal","st_length(shape)":87.118355294472224,"slopelessthan5":null,"slopebtwn5and833":null}},{"type":"Feature","id":5882,"geometry":{"type":"LineString","coordinates":[[-80.417068589754606,37.230709316011762],[-80.417590611779005,37.230390704942806]]},"properties":{"objectid":5882,"type":"Normal","st_length(shape)":191.19192018564661,"slopelessthan5":null,"slopebtwn5and833":null}},{"type":"Feature","id":5858,"geometry":{"type":"LineString","coordinates":[[-80.418790451836472,37.223718642734447],[-80.417815423731255,37.224403316771308],[-80.416358338788442,37.225412948638102],[-80.415831400251321,37.225776354455178]]},"properties":{"objectid":5858,"type":"Normal","st_length(shape)":1141.7428336189917,"slopelessthan5":null,"slopebtwn5and833":null}},{"type":"Feature","id":5986,"geometry":{"type":"LineString","coordinates":[[-80.417082224556623,37.230316974720203],[-80.417187380398644,37.230247965638128],[-80.416780304108485,37.229836684358652]]},"properties":{"objectid":5986,"type":"Normal","st_length(shape)":230.57420484139422,"slopelessthan5":null,"slopebtwn5and833":null}},{"type":"Feature","id":5959,"geometry":{"type":"LineString","coordinates":[[-80.416686861222416,37.228155262151454],[-80.417065549298044,37.228561086020278],[-80.417240708715582,37.22874879347944],[-80.41726197579608,37.228771665036639]]},"properties":{"objectid":5959,"type":"Normal","st_length(shape)":280.00769960240837,"slopelessthan5":null,"slopebtwn5and833":null}},{"type":"Feature","id":6001,"geometry":{"type":"LineString","coordinates":[[-80.416865700884316,37.231264644659326],[-80.41688832055145,37.231202016043802],[-80.416822783162004,37.231143884189862],[-80.416739167826918,37.231056121544427],[-80.416680786393854,37.230997344370486],[-80.416650469682565,37.230965492381308]]},"properties":{"objectid":6001,"type":"Normal","st_length(shape)":134.30325947400797,"slopelessthan5":null,"slopebtwn5and833":null}},{"type":"Feature","id":6053,"geometry":{"type":"LineString","coordinates":[[-80.417680968039818,37.229222369554968],[-80.417672175307587,37.229280662094169],[-80.417600014508295,37.229325619449241],[-80.417371786692001,37.229467805737762],[-80.417375763205584,37.229471887036219],[-80.417530502181506,37.229484987301987],[-80.417698111194355,37.229374953582415],[-80.417752720374764,37.22938726926153]]},"properties":{"objectid":6053,"type":"Normal","st_length(shape)":259.08403366865485,"slopelessthan5":null,"slopebtwn5and833":null}},{"type":"Feature","id":6154,"geometry":{"type":"LineString","coordinates":[[-80.417099090729366,37.219042698003825],[-80.416952965617284,37.219303870688258],[-80.416861424806768,37.219529926936239],[-80.416835409823804,37.219654786616459],[-80.416816812378784,37.219784386434],[-80.416809810075009,37.219843801745512],[-80.416801397203244,37.219993996264812],[-80.416805728294563,37.220068782728198],[-80.416814581223548,37.220178111257198],[-80.416831141650334,37.22025561565701],[-80.41685583429188,37.220366041564581],[-80.416866743014026,37.220412528227328],[-80.416883951503948,37.220467662212961],[-80.416906071496967,37.220524660492345],[-80.416930770658681,37.220587449970175],[-80.416956710059225,37.220651190880929],[-80.416983823216327,37.220713265180926],[-80.417020554458148,37.220770997711412],[-80.417056171368202,37.220818532309522],[-80.417138475299723,37.220833925073194],[-80.417655682286707,37.220882255109714]]},"properties":{"objectid":6154,"type":"Normal","st_length(shape)":849.30492686665127,"slopelessthan5":null,"slopebtwn5and833":null}},{"type":"Feature","id":6170,"geometry":{"type":"LineString","coordinates":[[-80.416093601280849,37.21812860438763],[-80.416142280816331,37.218178607591774],[-80.416231215897241,37.218201849797204],[-80.416138892464389,37.218401545821798],[-80.416194690234832,37.2184212297092]]},"properties":{"objectid":6170,"type":"Normal","st_length(shape)":145.59333936071741,"slopelessthan5":null,"slopebtwn5and833":null}},{"type":"Feature","id":6171,"geometry":{"type":"LineString","coordinates":[[-80.417099090729366,37.219042698003825],[-80.41709911042922,37.219042719314594],[-80.417331122733529,37.219270207609831],[-80.417504002086261,37.219381977190714]]},"properties":{"objectid":6171,"type":"Normal","st_length(shape)":171.62413475700049,"slopelessthan5":null,"slopebtwn5and833":null}},{"type":"Feature","id":6182,"geometry":{"type":"LineString","coordinates":[[-80.417504002086261,37.219381977190714],[-80.417473229615283,37.219423586363199],[-80.417457333829503,37.219478969669595],[-80.417413602406015,37.219609816110882],[-80.417386641175142,37.219688336602069],[-80.417370753102574,37.219775352935756],[-80.417356704183845,37.21993477806253],[-80.417359567770134,37.220047516970283],[-80.417365396789009,37.22014642441065],[-80.417379226708121,37.220241884260012],[-80.41739538733448,37.220316802999783],[-80.417414107743312,37.220380287959252],[-80.417429748944059,37.220434710986105],[-80.417460159190398,37.220509397325095],[-80.417490281402891,37.220572697944768],[-80.417526393149942,37.220647290740537],[-80.417559307760584,37.220708267539038],[-80.417589372302032,37.220769291533983],[-80.417655682286707,37.220882255109714]]},"properties":{"objectid":6182,"type":"Normal","st_length(shape)":567.19405023113643,"slopelessthan5":null,"slopebtwn5and833":null}},{"type":"Feature","id":6169,"geometry":{"type":"LineString","coordinates":[[-80.417033785203344,37.218531810248564],[-80.41697119554658,37.218479934243952],[-80.416929279182185,37.218442839634271],[-80.416884019143353,37.21839824477567],[-80.41684506307314,37.21835354751893],[-80.41681259595012,37.218316299405515],[-80.416780068346469,37.218276534987112],[-80.416747667455567,37.218241803960758],[-80.416705943093646,37.218212261597252],[-80.4166100212706,37.21815841663782],[-80.416565820802077,37.218141514346968]]},"properties":{"objectid":6169,"type":"Normal","st_length(shape)":199.42594949166113,"slopelessthan5":null,"slopebtwn5and833":null}},{"type":"Feature","id":6196,"geometry":{"type":"LineString","coordinates":[[-80.416389640989962,37.228391289613867],[-80.416315238648053,37.228306669499617],[-80.416313107081763,37.228304845811913],[-80.416311303453483,37.228302697245695],[-80.416309876602227,37.228300281980246],[-80.416308865164524,37.228297665416562],[-80.416308296528285,37.228294918406455],[-80.416308186091143,37.228292115333971],[-80.416308536843516,37.228289332101234],[-80.416309339287693,37.22828664407313],[-80.416310571694936,37.228284124036598],[-80.416312200693881,37.228281840229656],[-80.41631418217419,37.22827985449365],[-80.416316462480978,37.22827822059871],[-80.416318979867668,37.228276982787754],[-80.416380554278447,37.22826495419595],[-80.416438576397383,37.228251797789788],[-80.416494920776998,37.228232693649034],[-80.416515173574538,37.228222825680355],[-80.41652520004925,37.228217922757715],[-80.41653587225484,37.228214655821382],[-80.416546925168333,37.228213105999217],[-80.416558084312598,37.228213311777978],[-80.416569072572457,37.228215268047563],[-80.416579617076337,37.228218926227896],[-80.416589455972442,37.228224195475349]]},"properties":{"objectid":6196,"type":"Normal","st_length(shape)":134.196579325513,"slopelessthan5":null,"slopebtwn5and833":null}},{"type":"Feature","id":6227,"geometry":{"type":"LineString","coordinates":[[-80.417311370869896,37.228437465682482],[-80.417359391173846,37.228400082906418]]},"properties":{"objectid":6227,"type":"Normal","st_length(shape)":19.511930791974063,"slopelessthan5":null,"slopebtwn5and833":null}},{"type":"Feature","id":6205,"geometry":{"type":"LineString","coordinates":[[-80.416310972300494,37.231611728360527],[-80.41627759635206,37.231588665647251],[-80.416207626224377,37.231515316106119],[-80.416136206466064,37.231441335726387],[-80.41605401541284,37.23131934862927],[-80.416052153554915,37.231296935183934]]},"properties":{"objectid":6205,"type":"Normal","st_length(shape)":139.08689967266091,"slopelessthan5":null,"slopebtwn5and833":null}},{"type":"Feature","id":6202,"geometry":{"type":"LineString","coordinates":[[-80.417654437502605,37.227644519078353],[-80.417776457814739,37.227770000294107],[-80.417842086811092,37.227839452905222]]},"properties":{"objectid":6202,"type":"Normal","st_length(shape)":89.568212679499084,"slopelessthan5":null,"slopebtwn5and833":null}},{"type":"Feature","id":6231,"geometry":{"type":"LineString","coordinates":[[-80.41684688902474,37.230382762086187],[-80.416654811693405,37.230186131166093]]},"properties":{"objectid":6231,"type":"Normal","st_length(shape)":90.843410026062088,"slopelessthan5":null,"slopebtwn5and833":null}},{"type":"Feature","id":6291,"geometry":{"type":"LineString","coordinates":[[-80.417033785203344,37.218531810248564],[-80.417104975641863,37.218571571207946],[-80.417178988708329,37.218605792231017],[-80.417255394082261,37.218634274352809],[-80.41733374753403,37.218656851975005],[-80.417413593507646,37.218673393828709],[-80.417494467769458,37.218683803737669],[-80.417575900107195,37.218688021177499],[-80.417735147416536,37.218691183062589],[-80.418016479969666,37.218689649774234],[-80.418114619842683,37.218690655091429]]},"properties":{"objectid":6291,"type":"Normal","st_length(shape)":327.48990071443296,"slopelessthan5":null,"slopebtwn5and833":null}},{"type":"Feature","id":6292,"geometry":{"type":"LineString","coordinates":[[-80.417696127635253,37.225370966453156],[-80.417834752589215,37.225461125210721]]},"properties":{"objectid":6292,"type":"Normal","st_length(shape)":52.024814064889675,"slopelessthan5":null,"slopebtwn5and833":null}},{"type":"Feature","id":6277,"geometry":{"type":"LineString","coordinates":[[-80.418121787410058,37.225646311490614],[-80.418087627142981,37.225606673078232],[-80.418068694605097,37.225577049194506],[-80.418062654850516,37.22554978175242],[-80.418062176952219,37.225530975283526]]},"properties":{"objectid":6277,"type":"Normal","st_length(shape)":46.571287113501235,"slopelessthan5":null,"slopebtwn5and833":null}},{"type":"Feature","id":6284,"geometry":{"type":"LineString","coordinates":[[-80.417836076626813,37.226756247504518],[-80.418104889710349,37.226939999470154],[-80.418111025452419,37.226996142376045],[-80.418120251219776,37.227077546631726],[-80.41815198543911,37.227129378229613],[-80.418147494581859,37.227187306447135],[-80.418136890801478,37.227244432676009],[-80.418120293493374,37.227300113692053],[-80.418097889538245,37.227353722543732],[-80.418069931197905,37.227404655611466],[-80.41803673327486,37.227452339404202]]},"properties":{"objectid":6284,"type":"Normal","st_length(shape)":297.9507651080898,"slopelessthan5":null,"slopebtwn5and833":null}},{"type":"Feature","id":6272,"geometry":{"type":"LineString","coordinates":[[-80.418175864061922,37.225821031951142],[-80.418028385153946,37.225860222342583],[-80.417321307584743,37.225936000722264],[-80.416980339314009,37.225972606686021],[-80.416908846976426,37.225980934704019],[-80.416850340689336,37.225885226094952],[-80.416872977073098,37.225837165439003],[-80.417387762891792,37.225206412574686],[-80.417415778505557,37.225194034446552]]},"properties":{"objectid":6272,"type":"Normal","st_length(shape)":715.19398390874733,"slopelessthan5":null,"slopebtwn5and833":null}},{"type":"Feature","id":6304,"geometry":{"type":"LineString","coordinates":[[-80.418062176952219,37.225530975283526],[-80.418016123234565,37.22552830326768],[-80.417951745220407,37.225519941772639],[-80.417900064508245,37.225506243845558],[-80.417878293867489,37.225491204604964],[-80.417850148164931,37.225471760735417]]},"properties":{"objectid":6304,"type":"Normal","st_length(shape)":67.490718064443612,"slopelessthan5":null,"slopebtwn5and833":null}},{"type":"Feature","id":6315,"geometry":{"type":"LineString","coordinates":[[-80.417430183556888,37.228951321338599],[-80.417535326321598,37.229068618444806],[-80.417702111606303,37.229082397931478]]},"properties":{"objectid":6315,"type":"Normal","st_length(shape)":101.3609323205022,"slopelessthan5":null,"slopebtwn5and833":null}},{"type":"Feature","id":6316,"geometry":{"type":"LineString","coordinates":[[-80.416780304108485,37.229836684358652],[-80.416480097370979,37.230024282347784],[-80.416140220801424,37.230237024773928]]},"properties":{"objectid":6316,"type":"Normal","st_length(shape)":236.58635744334242,"slopelessthan5":null,"slopebtwn5and833":null}},{"type":"Feature","id":6321,"geometry":{"type":"LineString","coordinates":[[-80.417680968039818,37.229222369554968],[-80.417681279695231,37.229220306869244],[-80.417702111606303,37.229082397931478]]},"properties":{"objectid":6321,"type":"Normal","st_length(shape)":51.333300056263141,"slopelessthan5":null,"slopebtwn5and833":null}},{"type":"Feature","id":6324,"geometry":{"type":"LineString","coordinates":[[-80.418152673605803,37.225369462496417],[-80.417834752589215,37.225461125210721]]},"properties":{"objectid":6324,"type":"Normal","st_length(shape)":98.396385492028486,"slopelessthan5":null,"slopebtwn5and833":null}},{"type":"Feature","id":6336,"geometry":{"type":"LineString","coordinates":[[-80.417033785203344,37.218531810248564],[-80.416972724713517,37.218719395161528],[-80.416964681891272,37.218754424332062],[-80.416961665214316,37.218790238148365],[-80.416963735117093,37.218826119136097],[-80.41697085013233,37.218861348475237],[-80.416982867721686,37.218895220400547],[-80.416999547131383,37.218927056340455],[-80.417099090729366,37.219042698003825]]},"properties":{"objectid":6336,"type":"Normal","st_length(shape)":199.15797044762348,"slopelessthan5":null,"slopebtwn5and833":null}},{"type":"Feature","id":6339,"geometry":{"type":"LineString","coordinates":[[-80.417850148164931,37.225471760735417],[-80.417834752589215,37.225461125210721]]},"properties":{"objectid":6339,"type":"Normal","st_length(shape)":5.9234669821673194,"slopelessthan5":null,"slopebtwn5and833":null}},{"type":"Feature","id":6340,"geometry":{"type":"LineString","coordinates":[[-80.417850148164931,37.225471760735417],[-80.417800127757644,37.225487342731896],[-80.417657549163692,37.225389603503096],[-80.417696127635253,37.225370966453156]]},"properties":{"objectid":6340,"type":"Normal","st_length(shape)":83.430059738028049,"slopelessthan5":null,"slopebtwn5and833":null}},{"type":"Feature","id":6341,"geometry":{"type":"LineString","coordinates":[[-80.417561304102307,37.225137178085525],[-80.41752611470659,37.225141170106646],[-80.41746677769396,37.225120754750691],[-80.417415778505557,37.225194034446552]]},"properties":{"objectid":6341,"type":"Normal","st_length(shape)":59.689809260958363,"slopelessthan5":null,"slopebtwn5and833":null}},{"type":"Feature","id":6342,"geometry":{"type":"LineString","coordinates":[[-80.417534195903286,37.225268769218488],[-80.417696127635253,37.225370966453156]]},"properties":{"objectid":6342,"type":"Normal","st_length(shape)":60.061454931274156,"slopelessthan5":null,"slopebtwn5and833":null}},{"type":"Feature","id":6353,"geometry":{"type":"LineString","coordinates":[[-80.417467497597315,37.227395658849126],[-80.417518651202286,37.227437403666578],[-80.417572900280717,37.227475038206244],[-80.417629915350787,37.227508333894711],[-80.417689350131425,37.227537088510608],[-80.417750843645479,37.227561127412741]]},"properties":{"objectid":6353,"type":"Normal","st_length(shape)":102.8966357951622,"slopelessthan5":null,"slopebtwn5and833":null}},{"type":"Feature","id":6355,"geometry":{"type":"LineString","coordinates":[[-80.417534195903286,37.225268769218488],[-80.417565700915191,37.225226045030801],[-80.417579711222288,37.225188189861093],[-80.417575830542788,37.22516174173478],[-80.417561304102307,37.225137178085525]]},"properties":{"objectid":6355,"type":"Normal","st_length(shape)":52.021336464832778,"slopelessthan5":null,"slopebtwn5and833":null}},{"type":"Feature","id":6358,"geometry":{"type":"LineString","coordinates":[[-80.417797889107675,37.225020449920798],[-80.417863977232045,37.225045166286655],[-80.417913574637524,37.225060632139716],[-80.417961716689518,37.225062512280985],[-80.418013338342405,37.225055756570477]]},"properties":{"objectid":6358,"type":"Normal","st_length(shape)":66.00509824468493,"slopelessthan5":null,"slopebtwn5and833":null}},{"type":"Feature","id":6359,"geometry":{"type":"LineString","coordinates":[[-80.417797889107675,37.225020449920798],[-80.417813859127136,37.22496551245095]]},"properties":{"objectid":6359,"type":"Normal","st_length(shape)":20.535740273712122,"slopelessthan5":null,"slopebtwn5and833":null}},{"type":"Feature","id":6360,"geometry":{"type":"LineString","coordinates":[[-80.417561304102307,37.225137178085525],[-80.417594513332546,37.225097299485221],[-80.4176151545159,37.225067887937506],[-80.417667929610971,37.225040520277744],[-80.417731655619875,37.225023236657904],[-80.417797889107675,37.225020449920798]]},"properties":{"objectid":6360,"type":"Normal","st_length(shape)":86.940961108422101,"slopelessthan5":null,"slopebtwn5and833":null}},{"type":"Feature","id":6361,"geometry":{"type":"LineString","coordinates":[[-80.417813859127136,37.22496551245095],[-80.417831624887825,37.224965815038892],[-80.417849232863603,37.224959907659894],[-80.417860327865554,37.224945231189828],[-80.417862556152741,37.224930995306785],[-80.417857320635392,37.224914216509809],[-80.417840424147499,37.224904432749405],[-80.417818938348844,37.224903302843408],[-80.417796137485254,37.224908702448033],[-80.417785796565454,37.224923958801618],[-80.417785892871365,37.224942299200585],[-80.417794789424192,37.224957538615186],[-80.417813859127136,37.22496551245095]]},"properties":{"objectid":6361,"type":"Normal","st_length(shape)":73.148868876666725,"slopelessthan5":null,"slopebtwn5and833":null}},{"type":"Feature","id":6363,"geometry":{"type":"LineString","coordinates":[[-80.418013338342405,37.225055756570477],[-80.418051354786428,37.225068014521845],[-80.418091376534704,37.225035530040749],[-80.418113976166651,37.225012187346998],[-80.418132796923018,37.2250035771048],[-80.418155451732702,37.224997885089934]]},"properties":{"objectid":6363,"type":"Normal","st_length(shape)":52.513328715554081,"slopelessthan5":null,"slopebtwn5and833":null}},{"type":"Feature","id":6338,"geometry":{"type":"LineString","coordinates":[[-80.418122157698519,37.225297020441857],[-80.417891142195586,37.225357676604425]]},"properties":{"objectid":6338,"type":"Normal","st_length(shape)":70.793804480985159,"slopelessthan5":null,"slopebtwn5and833":null}},{"type":"Feature","id":6381,"geometry":{"type":"LineString","coordinates":[[-80.418013338342405,37.225055756570477],[-80.418044135518258,37.225029100967724],[-80.418088401513472,37.224986582058698],[-80.418099680120648,37.224980862214018],[-80.418143965647985,37.224966301596503]]},"properties":{"objectid":6381,"type":"Normal","st_length(shape)":51.18672419152302,"slopelessthan5":null,"slopebtwn5and833":null}},{"type":"Feature","id":6384,"geometry":{"type":"LineString","coordinates":[[-80.418013338342405,37.225055756570477],[-80.418085637238732,37.225209382120106],[-80.418122157698519,37.225297020441857]]},"properties":{"objectid":6384,"type":"Normal","st_length(shape)":93.397654635416131,"slopelessthan5":null,"slopebtwn5and833":null}},{"type":"Feature","id":6375,"geometry":{"type":"LineString","coordinates":[[-80.417465583521164,37.223733507567076],[-80.417340887261204,37.223822352654317],[-80.416719543310506,37.224257446498903]]},"properties":{"objectid":6375,"type":"Normal","st_length(shape)":289.09202147484734,"slopelessthan5":null,"slopebtwn5and833":null}},{"type":"Feature","id":6393,"geometry":{"type":"LineString","coordinates":[[-80.417908506847979,37.224149746746974],[-80.417465583521164,37.223733507567076]]},"properties":{"objectid":6393,"type":"Normal","st_length(shape)":198.993499923011,"slopelessthan5":null,"slopebtwn5and833":null}},{"type":"Feature","id":6497,"geometry":{"type":"LineString","coordinates":[[-80.417750843645479,37.227561127412741],[-80.41803673327486,37.227452339404202]]},"properties":{"objectid":6497,"type":"Normal","st_length(shape)":92.179178056428412,"slopelessthan5":null,"slopebtwn5and833":null}},{"type":"Feature","id":6490,"geometry":{"type":"LineString","coordinates":[[-80.418409003775466,37.228993788357101],[-80.418388986650882,37.228991863171849],[-80.418339785766165,37.228956892739539],[-80.418313950971893,37.228940044051086],[-80.417980135667719,37.229143419291439],[-80.417970948346152,37.229168210471229]]},"properties":{"objectid":6490,"type":"Normal","st_length(shape)":166.33671291336955,"slopelessthan5":null,"slopebtwn5and833":null}},{"type":"Feature","id":6557,"geometry":{"type":"LineString","coordinates":[[-80.417720682415208,37.231608060731723],[-80.417768629196019,37.231558397286342]]},"properties":{"objectid":6557,"type":"Normal","st_length(shape)":22.843184105791185,"slopelessthan5":null,"slopebtwn5and833":null}},{"type":"Feature","id":6576,"geometry":{"type":"LineString","coordinates":[[-80.416070032859935,37.228982055753768],[-80.415970916476468,37.228880544623792]]},"properties":{"objectid":6576,"type":"Normal","st_length(shape)":46.890541880468639,"slopelessthan5":null,"slopebtwn5and833":null}},{"type":"Feature","id":6579,"geometry":{"type":"LineString","coordinates":[[-80.416622228409338,37.22864952360819],[-80.416389640989962,37.228391289613867]]},"properties":{"objectid":6579,"type":"Normal","st_length(shape)":115.8683376783611,"slopelessthan5":null,"slopebtwn5and833":null}},{"type":"Feature","id":6580,"geometry":{"type":"LineString","coordinates":[[-80.417065549298044,37.228561086020278],[-80.41721435938868,37.228476189425244]]},"properties":{"objectid":6580,"type":"Normal","st_length(shape)":53.221079071250237,"slopelessthan5":null,"slopebtwn5and833":null}},{"type":"Feature","id":6583,"geometry":{"type":"LineString","coordinates":[[-80.417173249403049,37.231539198395687],[-80.417155013192428,37.231587440848038]]},"properties":{"objectid":6583,"type":"Normal","st_length(shape)":18.34963355060972,"slopelessthan5":null,"slopebtwn5and833":null}},{"type":"Feature","id":6584,"geometry":{"type":"LineString","coordinates":[[-80.417076971317286,37.231622797373042],[-80.41717244220871,37.231688111043766],[-80.417236759987603,37.231711291961204],[-80.417417878565345,37.231721480978656],[-80.417530190596935,37.23168150278542]]},"properties":{"objectid":6584,"type":"Normal","st_length(shape)":145.76810909494955,"slopelessthan5":null,"slopebtwn5and833":null}},{"type":"Feature","id":6585,"geometry":{"type":"LineString","coordinates":[[-80.418155488773053,37.231642728313133],[-80.417870323148293,37.231690269771235],[-80.417808981561251,37.231679357736297],[-80.417720682415208,37.231608060731723],[-80.417530190596935,37.23168150278542],[-80.417410795758386,37.231677480176188],[-80.417301138968583,37.231645876041675],[-80.417177674214514,37.231598996750058],[-80.417155013192428,37.231587440848038],[-80.417076971317286,37.231622797373042],[-80.416935549344132,37.23154101537888],[-80.416929699097167,37.231537632340597],[-80.416688081486512,37.231447279978589],[-80.416606868197746,37.231423088760351]]},"properties":{"objectid":6585,"type":"Normal","st_length(shape)":499.45381690874632,"slopelessthan5":null,"slopebtwn5and833":null}},{"type":"Feature","id":6560,"geometry":{"type":"LineString","coordinates":[[-80.417373327443627,37.230956609692484],[-80.417511335200885,37.230867959597937],[-80.418125075166799,37.23049533417467]]},"properties":{"objectid":6560,"type":"Normal","st_length(shape)":275.88777458019513,"slopelessthan5":null,"slopebtwn5and833":null}},{"type":"Feature","id":6559,"geometry":{"type":"LineString","coordinates":[[-80.417373327443627,37.230956609692484],[-80.416927390447412,37.23122497080179],[-80.416912011687316,37.231234476675922]]},"properties":{"objectid":6559,"type":"Normal","st_length(shape)":168.14543224066057,"slopelessthan5":null,"slopebtwn5and833":null}},{"type":"Feature","id":6568,"geometry":{"type":"LineString","coordinates":[[-80.417472234429908,37.229204612723194],[-80.417530681551227,37.229216182989596],[-80.417597450447502,37.229219108154297],[-80.417680374848729,37.229226305168226]]},"properties":{"objectid":6568,"type":"Normal","st_length(shape)":61.282318428077659,"slopelessthan5":null,"slopebtwn5and833":null}},{"type":"Feature","id":6555,"geometry":{"type":"LineString","coordinates":[[-80.416681439828167,37.229737593250633],[-80.417378943667941,37.229303450112397]]},"properties":{"objectid":6555,"type":"Normal","st_length(shape)":257.33827034240358,"slopelessthan5":null,"slopebtwn5and833":null}},{"type":"Feature","id":6567,"geometry":{"type":"LineString","coordinates":[[-80.417301980544224,37.228978599919472],[-80.417463736420189,37.229147667282305],[-80.417472234429908,37.229204612723194],[-80.417450293146814,37.22924092750479],[-80.417378943667941,37.229303450112397]]},"properties":{"objectid":6567,"type":"Normal","st_length(shape)":143.88692603549916,"slopelessthan5":null,"slopebtwn5and833":null}},{"type":"Feature","id":6566,"geometry":{"type":"LineString","coordinates":[[-80.417331405615371,37.229258631006651],[-80.417378943667941,37.229303450112397]]},"properties":{"objectid":6566,"type":"Normal","st_length(shape)":21.397175914962872,"slopelessthan5":null,"slopebtwn5and833":null}},{"type":"Feature","id":6612,"geometry":{"type":"LineString","coordinates":[[-80.418129668249009,37.227928703495273],[-80.418049929373353,37.22796453175436],[-80.417982678976514,37.228001918143356]]},"properties":{"objectid":6612,"type":"Normal","st_length(shape)":50.475738839189049,"slopelessthan5":null,"slopebtwn5and833":null}},{"type":"Feature","id":6601,"geometry":{"type":"LineString","coordinates":[[-80.417908506847979,37.224149746746974],[-80.417030359242304,37.224758095747667],[-80.416967608926029,37.224807848000331],[-80.416744640043319,37.224952162399148],[-80.416627707216307,37.225044677700737],[-80.416607446637599,37.225068852759193],[-80.416124023905567,37.225408166948853],[-80.415778245566671,37.225648666675845],[-80.415731011866058,37.225683120429629],[-80.415831400251321,37.225776354455178]]},"properties":{"objectid":6601,"type":"Normal","st_length(shape)":890.12887940639826,"slopelessthan5":null,"slopebtwn5and833":null}},{"type":"Feature","id":6599,"geometry":{"type":"LineString","coordinates":[[-80.417465583521164,37.223733507567076],[-80.417684133436282,37.223585624125704]]},"properties":{"objectid":6599,"type":"Normal","st_length(shape)":83.3563095856546,"slopelessthan5":null,"slopebtwn5and833":null}},{"type":"Feature","id":6600,"geometry":{"type":"LineString","coordinates":[[-80.417465583521164,37.223733507567076],[-80.417184213498274,37.223473699072521]]},"properties":{"objectid":6600,"type":"Normal","st_length(shape)":125.13855843036347,"slopelessthan5":null,"slopebtwn5and833":null}},{"type":"Feature","id":6709,"geometry":{"type":"LineString","coordinates":[[-80.417915037899519,37.223125099670447],[-80.417857417500429,37.223093142772818],[-80.417551485415913,37.223199460504262],[-80.417660772906004,37.223301428733812],[-80.417671615883833,37.223291701697775],[-80.417915037899519,37.223125099670447]]},"properties":{"objectid":6709,"type":"Normal","st_length(shape)":264.46966177208117,"slopelessthan5":null,"slopebtwn5and833":null}},{"type":"Feature","id":6712,"geometry":{"type":"LineString","coordinates":[[-80.418317614183721,37.223864364885621],[-80.418288052850102,37.223845653439604],[-80.418252403636885,37.223833256383948],[-80.418215147110971,37.223827214474625],[-80.418177407107251,37.223827709964503],[-80.418140322044607,37.223834727907239],[-80.418086286497413,37.223848334795235],[-80.418056095946937,37.22385309722786],[-80.418025532881629,37.223852875548801],[-80.417995414589356,37.223847675685974],[-80.417966546464299,37.223837636689069],[-80.417939700469901,37.223823027011214],[-80.417915594495696,37.223804237330249],[-80.417758381182608,37.223655143125676],[-80.417684133436282,37.223585624125704],[-80.417632577705078,37.223537352739591],[-80.417616331529686,37.223529628707546],[-80.417601603586164,37.223519299788649],[-80.417588807608425,37.223506656140458],[-80.41757830305805,37.223492052945346],[-80.417570385026394,37.223475900432831],[-80.417565275944924,37.223458652355468],[-80.417563119336776,37.22344079324219],[-80.417563975784844,37.223422824786979],[-80.417567821230008,37.223405251755445],[-80.417574547646936,37.223388567805031],[-80.417583966078695,37.223373241617338],[-80.417595811944935,37.223359703732022],[-80.417660772906004,37.223301428733812]]},"properties":{"objectid":6712,"type":"Normal","st_length(shape)":356.9698479312965,"slopelessthan5":null,"slopebtwn5and833":null}},{"type":"Feature","id":6714,"geometry":{"type":"LineString","coordinates":[[-80.416935549344132,37.23154101537888],[-80.417173249403049,37.231539198395687],[-80.417356764059647,37.231487586580457],[-80.417441633325879,37.231485478040888],[-80.417654439988652,37.231524482325767],[-80.417768629196019,37.231558397286342],[-80.418003401781064,37.231575552169943],[-80.418155488773053,37.231642728313133]]},"properties":{"objectid":6714,"type":"Normal","st_length(shape)":368.8009198248543,"slopelessthan5":null,"slopebtwn5and833":null}},{"type":"Feature","id":6715,"geometry":{"type":"LineString","coordinates":[[-80.418155488773053,37.231642728313133],[-80.418149593252309,37.231586784320776],[-80.41814241028149,37.23155340586603],[-80.417993532194501,37.231398438863941],[-80.418054376304283,37.23136059873277],[-80.418231318504439,37.23124347914176]]},"properties":{"objectid":6715,"type":"Normal","st_length(shape)":193.23490805377475,"slopelessthan5":null,"slopebtwn5and833":null}},{"type":"Feature","id":6719,"geometry":{"type":"LineString","coordinates":[[-80.416140220801424,37.230237024773928],[-80.415545004459318,37.230609588836842],[-80.41553981101714,37.230661391239963],[-80.415612643021547,37.230748388762535],[-80.415686358682706,37.230832092145093],[-80.415741075182325,37.230908690792369],[-80.415795497892091,37.231019359849412],[-80.415918072054481,37.231183485358962],[-80.415971480100978,37.231255897967017],[-80.415989969179975,37.231271828817654],[-80.41601093843191,37.23128431595174],[-80.416033753804783,37.231292981793004],[-80.416057725425063,37.231297564310452],[-80.416082128457447,37.231297924941465],[-80.416106225021977,37.231294052781578],[-80.416129286505409,37.231286064914151],[-80.4161506155925,37.231274202870139],[-80.416656560014417,37.230961731596039],[-80.417068589754606,37.230709316011762]]},"properties":{"objectid":6719,"type":"Normal","st_length(shape)":886.60709692053956,"slopelessthan5":null,"slopebtwn5and833":null}},{"type":"Feature","id":6716,"geometry":{"type":"LineString","coordinates":[[-80.417774421048122,37.231036700023445],[-80.418024330458508,37.231046786237314],[-80.418231318504439,37.23124347914176]]},"properties":{"objectid":6716,"type":"Normal","st_length(shape)":166.44407572744421,"slopelessthan5":null,"slopebtwn5and833":null}},{"type":"Feature","id":6720,"geometry":{"type":"LineString","coordinates":[[-80.417068589754606,37.230709316011762],[-80.417009836246038,37.230724688831657],[-80.416957270181896,37.230735200583261],[-80.416904635800677,37.230744652638741],[-80.416851270666626,37.23074809965275],[-80.416797857668953,37.230745497515422],[-80.416745080309397,37.230736879525132],[-80.416693613955701,37.230722355962349],[-80.416644117199269,37.230702112678486],[-80.416597117182732,37.230654130062625],[-80.41661320002396,37.230633692889548]]},"properties":{"objectid":6720,"type":"Normal","st_length(shape)":159.39710097485556,"slopelessthan5":null,"slopebtwn5and833":null}},{"type":"Feature","id":6825,"geometry":{"type":"LineString","coordinates":[[-80.417590611779005,37.230390704942806],[-80.417940488355285,37.230177159511484],[-80.41830394761871,37.229954491234857]]},"properties":{"objectid":6825,"type":"Normal","st_length(shape)":261.44684649975039,"slopelessthan5":null,"slopebtwn5and833":null}},{"type":"Feature","id":6919,"geometry":{"type":"LineString","coordinates":[[-80.418357989973103,37.225822668709696],[-80.41829178022374,37.225790228807433],[-80.418175864061922,37.225821031951142]]},"properties":{"objectid":6919,"type":"Normal","st_length(shape)":58.171591255385763,"slopelessthan5":null,"slopebtwn5and833":null}},{"type":"Feature","id":6920,"geometry":{"type":"LineString","coordinates":[[-80.417415778505557,37.225194034446552],[-80.417534195903286,37.225268769218488]]},"properties":{"objectid":6920,"type":"Normal","st_length(shape)":43.921758411468723,"slopelessthan5":null,"slopebtwn5and833":null}},{"type":"Feature","id":6921,"geometry":{"type":"LineString","coordinates":[[-80.416941829275999,37.226832411864102],[-80.417416262776442,37.227351420776138],[-80.417467497597315,37.227395658849126]]},"properties":{"objectid":6921,"type":"Normal","st_length(shape)":256.0231768350672,"slopelessthan5":null,"slopebtwn5and833":null}},{"type":"Feature","id":6924,"geometry":{"type":"LineString","coordinates":[[-80.418436961080758,37.227625716622221],[-80.418474021961558,37.227625114292046],[-80.418579940667556,37.227635132869693],[-80.418668255620318,37.227645437489883]]},"properties":{"objectid":6924,"type":"Normal","st_length(shape)":67.829637729463585,"slopelessthan5":null,"slopebtwn5and833":null}},{"type":"Feature","id":6926,"geometry":{"type":"LineString","coordinates":[[-80.418848181309514,37.227696772591543],[-80.418866376700109,37.227703264354403],[-80.418869295882843,37.227704327278104]]},"properties":{"objectid":6926,"type":"Normal","st_length(shape)":6.7347290906930448,"slopelessthan5":null,"slopebtwn5and833":null}},{"type":"Feature","id":6963,"geometry":{"type":"LineString","coordinates":[[-80.415976940604409,37.229037445297266],[-80.415741276856465,37.229177661732621],[-80.415577609317069,37.229293112964129]]},"properties":{"objectid":6963,"type":"Normal","st_length(shape)":149.061569856332,"slopelessthan5":null,"slopebtwn5and833":null}},{"type":"Feature","id":6964,"geometry":{"type":"LineString","coordinates":[[-80.416070032859935,37.228982055753768],[-80.415976940604409,37.229037445297266]]},"properties":{"objectid":6964,"type":"Normal","st_length(shape)":33.782697978874459,"slopelessthan5":null,"slopebtwn5and833":null}},{"type":"Feature","id":6966,"geometry":{"type":"LineString","coordinates":[[-80.416852247972344,37.228509496146657],[-80.417153316169163,37.22883634821288]]},"properties":{"objectid":6966,"type":"Normal","st_length(shape)":147.80142080850979,"slopelessthan5":null,"slopebtwn5and833":null}},{"type":"Feature","id":6967,"geometry":{"type":"LineString","coordinates":[[-80.416589455972442,37.228224195475349],[-80.416618467471821,37.228255691930407]]},"properties":{"objectid":6967,"type":"Normal","st_length(shape)":14.242561392906744,"slopelessthan5":null,"slopebtwn5and833":null}},{"type":"Feature","id":6972,"geometry":{"type":"LineString","coordinates":[[-80.416669304934402,37.22972627012355],[-80.416611887098568,37.229688441048722]]},"properties":{"objectid":6972,"type":"Normal","st_length(shape)":21.659737581319039,"slopelessthan5":null,"slopebtwn5and833":null}},{"type":"Feature","id":6975,"geometry":{"type":"LineString","coordinates":[[-80.416912011687316,37.231234476675922],[-80.416606868197746,37.231423088760351]]},"properties":{"objectid":6975,"type":"Normal","st_length(shape)":112.28469064544508,"slopelessthan5":null,"slopebtwn5and833":null}},{"type":"Feature","id":6987,"geometry":{"type":"LineString","coordinates":[[-80.418073500900064,37.232553205021425],[-80.41814128714033,37.232538474446599]]},"properties":{"objectid":6987,"type":"Normal","st_length(shape)":20.450136546649329,"slopelessthan5":null,"slopebtwn5and833":null}},{"type":"Feature","id":6988,"geometry":{"type":"LineString","coordinates":[[-80.418425571400192,37.232148652289332],[-80.4180667647219,37.232385367271242],[-80.418050853419828,37.232404703190696],[-80.418039686625107,37.232434692658266],[-80.41803877145226,37.232457361198087],[-80.418043848014776,37.232481124778126],[-80.418059329944143,37.232503527799601],[-80.418067387804172,37.232527242938403],[-80.418073500900064,37.232553205021425]]},"properties":{"objectid":6988,"type":"Normal","st_length(shape)":200.16479493645505,"slopelessthan5":null,"slopebtwn5and833":null}},{"type":"Feature","id":6989,"geometry":{"type":"LineString","coordinates":[[-80.41842303025237,37.23214588339502],[-80.418560985956262,37.232280314176293]]},"properties":{"objectid":6989,"type":"Normal","st_length(shape)":63.314278142613936,"slopelessthan5":null,"slopebtwn5and833":null}},{"type":"Feature","id":5999,"geometry":{"type":"LineString","coordinates":[[-80.418125075166799,37.23049533417467],[-80.418089467115848,37.23046019683634],[-80.41803088903697,37.230400491587567],[-80.417946938008853,37.230316708076955],[-80.417893228033904,37.23025366553977],[-80.417866121877239,37.230222549412794]]},"properties":{"objectid":5999,"type":"Normal","st_length(shape)":124.76487824845999,"slopelessthan5":null,"slopebtwn5and833":null}},{"type":"Feature","id":7428,"geometry":{"type":"LineString","coordinates":[[-80.416185896538948,37.230054704305012],[-80.416196906042686,37.2300410577663],[-80.416300117317661,37.229983343437667]]},"properties":{"objectid":7428,"type":"Normal","st_length(shape)":42.579857943778478,"slopelessthan5":null,"slopebtwn5and833":null}},{"type":"Feature","id":7429,"geometry":{"type":"LineString","coordinates":[[-80.416384539782626,37.230084095138352],[-80.416290960792324,37.229988463540991]]},"properties":{"objectid":7429,"type":"Normal","st_length(shape)":44.210870070266438,"slopelessthan5":null,"slopebtwn5and833":null}},{"type":"Feature","id":7502,"geometry":{"type":"LineString","coordinates":[[-80.418538190477747,37.225307482596349],[-80.418472690446009,37.22537159539003],[-80.418589855113439,37.225628186489537],[-80.418835342493864,37.225563182067255]]},"properties":{"objectid":7502,"type":"Normal","st_length(shape)":204.89024617250251,"slopelessthan5":null,"slopebtwn5and833":null}},{"type":"Feature","id":6553,"geometry":{"type":"LineString","coordinates":[[-80.415490279238369,37.22935471575834],[-80.415539569877126,37.229399394488347],[-80.415604726034786,37.229445447051873],[-80.415831334381565,37.229584848527345],[-80.415963266580349,37.229659969434309],[-80.416002293825571,37.229693674742038],[-80.41626804042393,37.22996502560801],[-80.416290960792324,37.229988463540991],[-80.416701398757994,37.229756217686244],[-80.416669304934402,37.22972627012355]]},"properties":{"objectid":6553,"type":"Normal","st_length(shape)":491.19112048843181,"slopelessthan5":null,"slopebtwn5and833":null}},{"type":"Feature","id":7430,"geometry":{"type":"LineString","coordinates":[[-80.416701398757994,37.229756217686244],[-80.416722781985726,37.229782681758152],[-80.416762165756424,37.229819269633985],[-80.416780304108485,37.229836684358652]]},"properties":{"objectid":7430,"type":"Normal","st_length(shape)":37.29964261448476,"slopelessthan5":null,"slopebtwn5and833":null}},{"type":"Feature","id":6971,"geometry":{"type":"LineString","coordinates":[[-80.416611887098568,37.229688441048722],[-80.416627030348167,37.229682395945645],[-80.416641046438713,37.229674064650091],[-80.416653592842579,37.22966365076369],[-80.41666436294858,37.229651408782786],[-80.416673093555019,37.229637637879009],[-80.416679571301842,37.229622674588065],[-80.416683637884773,37.229606884585436]]},"properties":{"objectid":6971,"type":"Normal","st_length(shape)":38.008321553361291,"slopelessthan5":null,"slopebtwn5and833":null}},{"type":"Feature","id":7431,"geometry":{"type":"LineString","coordinates":[[-80.41675689380493,37.229617667709036],[-80.416789102746137,37.229652148619678]]},"properties":{"objectid":7431,"type":"Normal","st_length(shape)":15.669799394475271,"slopelessthan5":null,"slopebtwn5and833":null}},{"type":"Feature","id":7434,"geometry":{"type":"LineString","coordinates":[[-80.416951516132059,37.22877205924015],[-80.416874337852065,37.22869223429192],[-80.416967364247725,37.228634471118482],[-80.416972809084527,37.228627137305324],[-80.417059444298815,37.228565636590837],[-80.417065549298044,37.228561086020278]]},"properties":{"objectid":7434,"type":"Normal","st_length(shape)":110.2909679369412,"slopelessthan5":null,"slopebtwn5and833":null}},{"type":"Feature","id":7435,"geometry":{"type":"LineString","coordinates":[[-80.417153316169163,37.22883634821288],[-80.417166789883055,37.228870341076345],[-80.41730353845638,37.22892616247028],[-80.417382701688354,37.228882218150112],[-80.417383146438837,37.228874879011691]]},"properties":{"objectid":7435,"type":"Normal","st_length(shape)":88.416100568469389,"slopelessthan5":null,"slopebtwn5and833":null}},{"type":"Feature","id":7436,"geometry":{"type":"LineString","coordinates":[[-80.417368955799276,37.229126314318101],[-80.41741780357242,37.229099658643342]]},"properties":{"objectid":7436,"type":"Normal","st_length(shape)":17.217464322398005,"slopelessthan5":null,"slopebtwn5and833":null}},{"type":"Feature","id":7437,"geometry":{"type":"LineString","coordinates":[[-80.417316230323792,37.22906993943284],[-80.417362444536209,37.229041797083688]]},"properties":{"objectid":7437,"type":"Normal","st_length(shape)":16.912147406578534,"slopelessthan5":null,"slopebtwn5and833":null}},{"type":"Feature","id":7438,"geometry":{"type":"LineString","coordinates":[[-80.417184245041369,37.229011512597197],[-80.417252936118572,37.228973196601515],[-80.417258053738806,37.228977422449184],[-80.417263798821949,37.228980745376383],[-80.417270013683407,37.228983074179162],[-80.41727652774469,37.228984344939157],[-80.417283162215185,37.228984522777992],[-80.417289734999429,37.228983602814544],[-80.417296065695041,37.228981610298931],[-80.417301980544224,37.228978599919472]]},"properties":{"objectid":7438,"type":"Normal","st_length(shape)":40.477898754426967,"slopelessthan5":null,"slopebtwn5and833":null}},{"type":"Feature","id":7439,"geometry":{"type":"LineString","coordinates":[[-80.417301980544224,37.228978599919472],[-80.417304993951149,37.228976325261371],[-80.417307571774558,37.228973566726019],[-80.417309637361598,37.228970406339812],[-80.417311129291022,37.228966938078379],[-80.417312003199598,37.228963265072167],[-80.417312233101214,37.228959496539822],[-80.417311812159625,37.228955744540492],[-80.417310752891751,37.228952120641715],[-80.417309086795441,37.228948732601886],[-80.417306863412875,37.228945681166039],[-80.417304148857411,37.228943057070097],[-80.417301023847713,37.228940938342852],[-80.41730353845638,37.22892616247028]]},"properties":{"objectid":7439,"type":"Normal","st_length(shape)":20.952378961456937,"slopelessthan5":null,"slopebtwn5and833":null}},{"type":"Feature","id":7440,"geometry":{"type":"LineString","coordinates":[[-80.416983695358425,37.229709585345852],[-80.417371786692001,37.229467805737762]]},"properties":{"objectid":7440,"type":"Normal","st_length(shape)":143.23272384854496,"slopelessthan5":null,"slopebtwn5and833":null}},{"type":"Feature","id":5928,"geometry":{"type":"LineString","coordinates":[[-80.41819543334779,37.228851644603488],[-80.418151124247544,37.228799904694007],[-80.418111730850441,37.228756246886675],[-80.418032140876633,37.228676351006399],[-80.41801472327063,37.228664777614014],[-80.41799558226829,37.228656355117948],[-80.417975282415767,37.228651331931921],[-80.417954422438413,37.228649856210154],[-80.417933617581923,37.228651971477696],[-80.417913481466286,37.228657615346691],[-80.417786484462539,37.22872980369273],[-80.417727838388728,37.228768147888381],[-80.417717450487288,37.228774450099117],[-80.417708314574213,37.228782460183297],[-80.417700708162513,37.22879193482617],[-80.41769486230497,37.228802586225427],[-80.417690954575718,37.228814090833566],[-80.417689103676125,37.228826099185959],[-80.417689365829247,37.228838246516204],[-80.417691733071905,37.22885016383632],[-80.417696133496591,37.228861489145103],[-80.41770243343575,37.228871878424329],[-80.41771044152209,37.228881016088671],[-80.417719914501518,37.228888624571915],[-80.417750108302258,37.228917827620357],[-80.417794160636802,37.228961466634487],[-80.417834599516851,37.22900373310717],[-80.417872995819252,37.229041775104818]]},"properties":{"objectid":5928,"type":"Normal","st_length(shape)":305.91632801977573,"slopelessthan5":null,"slopebtwn5and833":null}},{"type":"Feature","id":7563,"geometry":{"type":"LineString","coordinates":[[-80.417917498111677,37.223586492089424],[-80.417779645888928,37.223675309878331]]},"properties":{"objectid":7563,"type":"Normal","st_length(shape)":51.54348396978201,"slopelessthan5":null,"slopebtwn5and833":null}},{"type":"Feature","id":6240,"geometry":{"type":"LineString","coordinates":[[-80.418507785745135,37.227731853972685],[-80.418449919906706,37.227729589491041],[-80.418308395844747,37.227737892187783],[-80.418166644342818,37.227740015060924],[-80.418024935122062,37.227735954071115]]},"properties":{"objectid":6240,"type":"Normal","st_length(shape)":140.74376296537,"slopelessthan5":null,"slopebtwn5and833":null}},{"type":"Feature","id":7487,"geometry":{"type":"LineString","coordinates":[[-80.418668255620318,37.227645437489883],[-80.418672615357508,37.227665304754318],[-80.418679366499134,37.227756811090003]]},"properties":{"objectid":7487,"type":"Normal","st_length(shape)":40.718943398126555,"slopelessthan5":null,"slopebtwn5and833":null}},{"type":"Feature","id":6331,"geometry":{"type":"LineString","coordinates":[[-80.418734464520455,37.227807815737755],[-80.418699824966623,37.227832686327503],[-80.418621835424744,37.22787754801935],[-80.418296156902358,37.228053349829821],[-80.418305298776247,37.22806771278136]]},"properties":{"objectid":6331,"type":"Normal","st_length(shape)":161.79412411940763,"slopelessthan5":null,"slopebtwn5and833":null}},{"type":"Feature","id":6923,"geometry":{"type":"LineString","coordinates":[[-80.417654437502605,37.227644519078353],[-80.417661067800893,37.227647738891761],[-80.417721888146943,37.227669229640135],[-80.417855575977001,37.227713250966481],[-80.418024935122062,37.227735954071115]]},"properties":{"objectid":6923,"type":"Normal","st_length(shape)":113.70707894224708,"slopelessthan5":null,"slopebtwn5and833":null}},{"type":"Feature","id":7489,"geometry":{"type":"LineString","coordinates":[[-80.418128718923654,37.227619782514516],[-80.418108256464691,37.227633627017966],[-80.418087286033241,37.227646731709179],[-80.41807581362022,37.227727647620213],[-80.418074691378507,37.227738084657723]]},"properties":{"objectid":7489,"type":"Normal","st_length(shape)":49.016421387327021,"slopelessthan5":null,"slopebtwn5and833":null}},{"type":"Feature","id":7490,"geometry":{"type":"LineString","coordinates":[[-80.417926261316154,37.227614863350837],[-80.417935826000488,37.22761717204439],[-80.418108256464691,37.227633627017966]]},"properties":{"objectid":7490,"type":"Normal","st_length(shape)":53.467225862550784,"slopelessthan5":null,"slopebtwn5and833":null}},{"type":"Feature","id":7493,"geometry":{"type":"LineString","coordinates":[[-80.418104889710349,37.226939999470154],[-80.417718533830723,37.226960159400569]]},"properties":{"objectid":7493,"type":"Normal","st_length(shape)":112.72563751808677,"slopelessthan5":null,"slopebtwn5and833":null}},{"type":"Feature","id":7495,"geometry":{"type":"LineString","coordinates":[[-80.41732360279191,37.22655764688097],[-80.41733107352637,37.226560545723665]]},"properties":{"objectid":7495,"type":"Normal","st_length(shape)":2.4176462836827635,"slopelessthan5":null,"slopebtwn5and833":null}},{"type":"Feature","id":6391,"geometry":{"type":"LineString","coordinates":[[-80.417030359242304,37.224758095747667],[-80.416928113881383,37.22466293169866],[-80.416861611063567,37.22460073458997],[-80.416791910476917,37.224537323074571],[-80.416705867394811,37.224453928726192],[-80.416607002107327,37.224364414627772],[-80.416506520927101,37.224273660386956],[-80.416356649950657,37.224136506975469],[-80.416305755325695,37.224088404065512],[-80.416259435770115,37.224035881198411],[-80.41621807349604,37.223979371773716],[-80.416182009809845,37.223919342086603],[-80.41615154229595,37.223856287480167],[-80.416126922361144,37.223790728258031],[-80.416108353160183,37.223723205390996],[-80.415967019258019,37.223229910714373],[-80.415810556317055,37.223258182827003]]},"properties":{"objectid":6391,"type":"Normal","st_length(shape)":699.60118538697554,"slopelessthan5":null,"slopebtwn5and833":null}},{"type":"Feature","id":7499,"geometry":{"type":"LineString","coordinates":[[-80.417030359242304,37.224758095747667],[-80.417050558380694,37.224772025950649],[-80.417133695434444,37.224849648588354],[-80.41715010754443,37.224864327960219]]},"properties":{"objectid":7499,"type":"Normal","st_length(shape)":52.146378079081103,"slopelessthan5":null,"slopebtwn5and833":null}},{"type":"Feature","id":6042,"geometry":{"type":"LineString","coordinates":[[-80.418426876108768,37.223192939123791],[-80.418415481332985,37.223200285002271],[-80.41846955607248,37.22324531105609],[-80.418550055103438,37.223283492264827],[-80.418571927963313,37.223305721037477],[-80.418579130787492,37.223311551504651],[-80.418585235298394,37.223318523589732],[-80.418590063099785,37.223326433542788],[-80.418593473105602,37.223335050205947],[-80.418595365662938,37.223344121768676],[-80.418595685464325,37.223353383126607],[-80.418594423163995,37.223362563628854],[-80.418591615650996,37.223371394987439],[-80.418587344971172,37.22337961911763],[-80.41858173592945,37.223386995680151],[-80.418574952442654,37.223393309104772],[-80.418567192749137,37.223398374890024],[-80.418415800157945,37.223509631008071],[-80.418321822013866,37.22352073991641]]},"properties":{"objectid":6042,"type":"Normal","st_length(shape)":190.1966154327103,"slopelessthan5":null,"slopebtwn5and833":null}},{"type":"Feature","id":7491,"geometry":{"type":"LineString","coordinates":[[-80.417495592361817,37.227419683949563],[-80.417399914334993,37.227491455088533]]},"properties":{"objectid":7491,"type":"Normal","st_length(shape)":38.194514913859102,"slopelessthan5":null,"slopebtwn5and833":null}},{"type":"Feature","id":6313,"geometry":{"type":"LineString","coordinates":[[-80.416094463229342,37.218113901314176],[-80.41612939517961,37.218104821605401],[-80.416213193819161,37.218051228271506],[-80.416286904809155,37.217990972357207],[-80.416298431818063,37.217984322238827],[-80.416310920472441,37.217979725553036],[-80.416324008209031,37.217977315748101],[-80.416337315072312,37.217977162784074],[-80.41635045474527,37.217979271101711],[-80.416363045764626,37.217983579493577],[-80.416374722595279,37.217989962880964],[-80.416385146242348,37.21799823594511],[-80.416436757752166,37.218037832097529],[-80.416497960874381,37.218089722779347],[-80.416515258047085,37.218109452153669],[-80.416565820802077,37.218141514346968]]},"properties":{"objectid":6313,"type":"Normal","st_length(shape)":179.29575320640396,"slopelessthan5":null,"slopebtwn5and833":null}},{"type":"Feature","id":7494,"geometry":{"type":"LineString","coordinates":[[-80.417598169892742,37.226593619987767],[-80.417622801446882,37.226563900279864],[-80.417505186386677,37.226482854392884],[-80.417534373287808,37.226457291313487]]},"properties":{"objectid":7494,"type":"Normal","st_length(shape)":70.788117146412333,"slopelessthan5":null,"slopebtwn5and833":null}},{"type":"Feature","id":7441,"geometry":{"type":"LineString","coordinates":[[-80.417535326321598,37.229068618444806],[-80.417621824953926,37.22916459752669],[-80.41761406491382,37.22922054978492]]},"properties":{"objectid":7441,"type":"Normal","st_length(shape)":63.570832038129183,"slopelessthan5":null,"slopebtwn5and833":null}},{"type":"Feature","id":7497,"geometry":{"type":"LineString","coordinates":[[-80.416124781873762,37.226029939810694],[-80.416692381272824,37.225651044594649],[-80.416825685461447,37.225498647298188],[-80.41711144624044,37.225149544243266],[-80.417131453700236,37.22513105882426],[-80.417154199738263,37.225116071265518],[-80.417179079389825,37.225104980183453],[-80.417205430943568,37.225098080561878],[-80.417232553540757,37.225095555906492],[-80.417259725815583,37.225097473364265],[-80.417286225080971,37.225103781937548],[-80.417323098498045,37.22511921020827],[-80.417357428350201,37.225139683158098],[-80.417388528794589,37.225164791777793],[-80.417415778505557,37.225194034446552]]},"properties":{"objectid":7497,"type":"Normal","st_length(shape)":543.47122121717041,"slopelessthan5":null,"slopebtwn5and833":null}},{"type":"Feature","id":7615,"geometry":{"type":"LineString","coordinates":[[-80.417499130762465,37.21398621959684],[-80.417523481825427,37.21406451757997],[-80.417255845495845,37.214151135603387],[-80.417199528180021,37.21416453401411],[-80.417142223033025,37.21417273630648],[-80.417084408438129,37.214175674007777],[-80.417026567031456,37.214173322594064],[-80.416969181672968,37.214165701694945],[-80.416912731415522,37.214152874929674],[-80.416857687505782,37.214134949376053],[-80.41575286009919,37.21368877640279]]},"properties":{"objectid":7615,"type":"Normal","st_length(shape)":593.00591948049487,"slopelessthan5":null,"slopebtwn5and833":null}},{"type":"Feature","id":7616,"geometry":{"type":"LineString","coordinates":[[-80.415790527108825,37.213998168870276],[-80.416861931530534,37.214184660038164],[-80.416904381968195,37.214184997556764],[-80.416946500902199,37.214179691996144],[-80.416987541515851,37.214168837429952]]},"properties":{"objectid":7616,"type":"Normal","st_length(shape)":356.65860171824028,"slopelessthan5":null,"slopebtwn5and833":null}},{"type":"Feature","id":8276,"geometry":{"type":"LineString","coordinates":[[-80.417352817902966,37.230968952373203],[-80.417429068563024,37.231053768966639],[-80.417449212562204,37.231086356509238],[-80.417476086932425,37.231109719179294],[-80.417507083704933,37.23113345110017],[-80.417611650165284,37.231185440858646],[-80.417665145645742,37.231212431302801],[-80.417693432362128,37.231234148677345],[-80.417719358170359,37.23126750747771],[-80.417750860978131,37.231311193565773],[-80.417772996859043,37.231337303642803],[-80.417791530342782,37.231349174335037],[-80.417826883576367,37.231363537794977],[-80.417859212811905,37.23137098798626],[-80.417920912729002,37.231375429288327],[-80.417968301734888,37.231378167126323],[-80.417993532194501,37.231398438863941]]},"properties":{"objectid":8276,"type":"Normal","st_length(shape)":255.67763991941041,"slopelessthan5":null,"slopebtwn5and833":null}},{"type":"Feature","id":5835,"geometry":{"type":"LineString","coordinates":[[-80.416686861222416,37.228155262151454],[-80.416871341701935,37.228169374633218],[-80.417047454287697,37.22821902230816],[-80.417158285165527,37.228278191221591],[-80.417209521268049,37.228331380002018],[-80.41726979515613,37.228393816912515],[-80.417311370869896,37.228437465682482],[-80.417311815542746,37.228437932533268],[-80.417343382653812,37.228469061293872],[-80.417370252262529,37.228504324679491],[-80.417391888999902,37.228543020077588],[-80.417407861760339,37.228584376493799],[-80.417417852291294,37.228627569913776],[-80.417421661534419,37.228671739721392],[-80.417419213591643,37.228716005846294],[-80.417410557237531,37.228759486299047],[-80.417408459090439,37.228769712957757],[-80.41739552298209,37.22883803643176],[-80.417383146438837,37.228874879011691]]},"properties":{"objectid":5835,"type":"Normal","st_length(shape)":388.31028928962337,"slopelessthan5":null,"slopebtwn5and833":null}},{"type":"Feature","id":8679,"geometry":{"type":"LineString","coordinates":[[-80.417047454287697,37.22821902230816],[-80.417188910400313,37.228136742609792]]},"properties":{"objectid":8679,"type":"Normal","st_length(shape)":50.927078741058637,"slopelessthan5":null,"slopebtwn5and833":null}},{"type":"Feature","id":8680,"geometry":{"type":"LineString","coordinates":[[-80.416545528040714,37.227997604058075],[-80.416664917641171,37.228131746248309],[-80.416686861222416,37.228155262151454]]},"properties":{"objectid":8680,"type":"Normal","st_length(shape)":70.629532853822667,"slopelessthan5":null,"slopebtwn5and833":null}},{"type":"Feature","id":8681,"geometry":{"type":"LineString","coordinates":[[-80.416941829275999,37.226832411864102],[-80.416924305747642,37.226833720295772],[-80.416840135703723,37.226876026914361],[-80.416818566861338,37.226889134789914]]},"properties":{"objectid":8681,"type":"Normal","st_length(shape)":41.956501929781851,"slopelessthan5":null,"slopebtwn5and833":null}},{"type":"Feature","id":6253,"geometry":{"type":"LineString","coordinates":[[-80.416818566861338,37.226889134789914],[-80.417234193936451,37.227329810107747],[-80.417245730143279,37.227346905685799],[-80.41732965581177,37.227428505546719],[-80.417417171760988,37.22750624237046],[-80.417483874182096,37.227553045163901],[-80.417553881889589,37.227594742110412],[-80.417626804820529,37.227631100886526],[-80.417654437502605,37.227644519078353]]},"properties":{"objectid":6253,"type":"Normal","st_length(shape)":370.27051046352574,"slopelessthan5":null,"slopebtwn5and833":null}},{"type":"Feature","id":8682,"geometry":{"type":"LineString","coordinates":[[-80.417495409618326,37.227668351069426],[-80.417504074715609,37.2276957651545],[-80.417530947820126,37.227738512560975],[-80.417611912186132,37.227830907924513]]},"properties":{"objectid":8682,"type":"Normal","st_length(shape)":68.792449641118495,"slopelessthan5":null,"slopebtwn5and833":null}},{"type":"Feature","id":8683,"geometry":{"type":"LineString","coordinates":[[-80.417626804820529,37.227631100886526],[-80.417495409618326,37.227668351069426],[-80.417270673435752,37.227718403954874],[-80.416754807449493,37.228150660996995]]},"properties":{"objectid":8683,"type":"Normal","st_length(shape)":326.05575799533784,"slopelessthan5":null,"slopebtwn5and833":null}},{"type":"Feature","id":8684,"geometry":{"type":"LineString","coordinates":[[-80.417399914334993,37.227491455088533],[-80.417231863846411,37.227627756246441],[-80.416823169603788,37.227976877354443],[-80.416686861222416,37.228155262151454]]},"properties":{"objectid":8684,"type":"Normal","st_length(shape)":319.91821842849447,"slopelessthan5":null,"slopebtwn5and833":null}},{"type":"Feature","id":8685,"geometry":{"type":"LineString","coordinates":[[-80.418674653165169,37.22909621393331],[-80.418644272373029,37.229065170134639],[-80.418535169921896,37.22894399163745],[-80.418637323538988,37.228866213668759],[-80.418647466441328,37.22882138225161],[-80.418642764816624,37.228768913120177]]},"properties":{"objectid":8685,"type":"Normal","st_length(shape)":145.52450986365432,"slopelessthan5":null,"slopebtwn5and833":null}},{"type":"Feature","id":8688,"geometry":{"type":"LineString","coordinates":[[-80.418674653165169,37.22909621393331],[-80.41864631348021,37.229118816318412],[-80.418621623749345,37.229103387527587],[-80.418594663228632,37.229102782946946],[-80.418565363364209,37.229112266559241],[-80.418544195651677,37.22912773318091]]},"properties":{"objectid":8688,"type":"Normal","st_length(shape)":46.179220557245969,"slopelessthan5":null,"slopebtwn5and833":null}},{"type":"Feature","id":6711,"geometry":{"type":"LineString","coordinates":[[-80.416606868197746,37.231423088760351],[-80.416328171857771,37.231595352296971],[-80.4163165844773,37.231604626528977],[-80.416306758575004,37.23161574994613],[-80.416298985088545,37.231628393192295],[-80.416293494185112,37.231642181910317],[-80.416290448446276,37.231656707826481],[-80.416289938054121,37.231671540839159],[-80.416291978120967,37.231686241753842],[-80.416296508241956,37.231700375287339],[-80.41630339428356,37.231713522956198],[-80.416312432355198,37.231725295467676],[-80.416323354846242,37.231735344246438],[-80.416531760937772,37.231926904993806],[-80.416898322488777,37.232210090962575],[-80.417630366975786,37.232771657967405],[-80.417646396151426,37.232782313772596],[-80.417663987597578,37.232790125409942],[-80.41768264132169,37.232794870853311],[-80.4177018271386,37.23279641522543],[-80.417721695280164,37.23279516854064],[-80.417741048073964,37.232790503067037],[-80.417759301772634,37.232782559531486],[-80.417775905781298,37.232771577538564],[-80.418034895143052,37.232589005635695],[-80.418073500900064,37.232553205021425]]},"properties":{"objectid":6711,"type":"Normal","st_length(shape)":860.18582234850953,"slopelessthan5":null,"slopebtwn5and833":null}},{"type":"Feature","id":7424,"geometry":{"type":"LineString","coordinates":[[-80.417373327443627,37.230956609692484],[-80.417692467247804,37.230926534062789],[-80.418483095110048,37.230873624646449],[-80.418525571214417,37.2309100886918]]},"properties":{"objectid":7424,"type":"Normal","st_length(shape)":342.67991653576212,"slopelessthan5":null,"slopebtwn5and833":null}},{"type":"Feature","id":5818,"geometry":{"type":"LineString","coordinates":[[-80.419798564173206,37.23209858738732],[-80.419180117999801,37.231523061000011]]},"properties":{"objectid":5818,"type":"Normal","st_length(shape)":276.27255766943,"slopelessthan5":null,"slopebtwn5and833":null}},{"type":"Feature","id":5857,"geometry":{"type":"LineString","coordinates":[[-80.420074787325717,37.222624087064375],[-80.420066543681074,37.222641252835565],[-80.420055549508859,37.222656801133041],[-80.420042113501594,37.222670295394281],[-80.420026612913304,37.222681356729645],[-80.419519920828137,37.223035857571077]]},"properties":{"objectid":5857,"type":"Normal","st_length(shape)":221.54732203695849,"slopelessthan5":null,"slopebtwn5and833":null}},{"type":"Feature","id":5861,"geometry":{"type":"LineString","coordinates":[[-80.419265419692394,37.226963532726955],[-80.419486104508792,37.226756034926822]]},"properties":{"objectid":5861,"type":"Normal","st_length(shape)":99.176166917313381,"slopelessthan5":null,"slopebtwn5and833":null}},{"type":"Feature","id":5884,"geometry":{"type":"LineString","coordinates":[[-80.41852325845538,37.219344582445359],[-80.418831512161844,37.219086551055355],[-80.419136374844115,37.219205439466002],[-80.419363212397172,37.21933162013611]]},"properties":{"objectid":5884,"type":"Normal","st_length(shape)":309.14912829552492,"slopelessthan5":null,"slopebtwn5and833":null}},{"type":"Feature","id":5892,"geometry":{"type":"LineString","coordinates":[[-80.420384337236044,37.230727549254802],[-80.419693369022866,37.231195507317153],[-80.419460716369045,37.231343985669518]]},"properties":{"objectid":5892,"type":"Normal","st_length(shape)":350.28231999582221,"slopelessthan5":null,"slopebtwn5and833":null}},{"type":"Feature","id":5981,"geometry":{"type":"LineString","coordinates":[[-80.419677948405052,37.22895162104448],[-80.41977227135385,37.229050679008878]]},"properties":{"objectid":5981,"type":"Normal","st_length(shape)":45.331016297467166,"slopelessthan5":null,"slopebtwn5and833":null}},{"type":"Feature","id":5987,"geometry":{"type":"LineString","coordinates":[[-80.419786582354789,37.228633640013847],[-80.419734046030186,37.228663285838088]]},"properties":{"objectid":5987,"type":"Normal","st_length(shape)":18.720543742692271,"slopelessthan5":null,"slopebtwn5and833":null}},{"type":"Feature","id":6005,"geometry":{"type":"LineString","coordinates":[[-80.419074868894185,37.217464880287039],[-80.419113785410389,37.217517030169219],[-80.419142302678537,37.217574332323196],[-80.419174389404347,37.21764179876687],[-80.419179660453977,37.217653290020415],[-80.419208917862164,37.217727765278589],[-80.419231412729602,37.217804554216293],[-80.419246965573095,37.217883044146049],[-80.419255452298856,37.217962608808428],[-80.419256805192532,37.21804261336888],[-80.419251013459615,37.218122419482953],[-80.419247778431554,37.218149388868277],[-80.419229679772343,37.218340894601546],[-80.419209241036995,37.21854488507789]]},"properties":{"objectid":6005,"type":"Normal","st_length(shape)":402.98472874129266,"slopelessthan5":null,"slopebtwn5and833":null}},{"type":"Feature","id":6018,"geometry":{"type":"LineString","coordinates":[[-80.419514082461475,37.225948312590475],[-80.419491664736952,37.226096738668303],[-80.419472468091527,37.22610191865239],[-80.41936796663515,37.226069945191057]]},"properties":{"objectid":6018,"type":"Normal","st_length(shape)":92.909241154744862,"slopelessthan5":null,"slopebtwn5and833":null}},{"type":"Feature","id":6019,"geometry":{"type":"LineString","coordinates":[[-80.420081403021953,37.230075698593168],[-80.420042109128175,37.23004142842921],[-80.419997341062853,37.230002385782804],[-80.419968548353381,37.229990295649486],[-80.419941769581115,37.229984087857822],[-80.419917758975856,37.229984478376672],[-80.419836289151817,37.230002072415473],[-80.419777097291757,37.230040671648467],[-80.419242038690541,37.230404091786077]]},"properties":{"objectid":6019,"type":"Normal","st_length(shape)":311.98328676445732,"slopelessthan5":null,"slopebtwn5and833":null}},{"type":"Feature","id":6025,"geometry":{"type":"LineString","coordinates":[[-80.419324216515804,37.220100820357857],[-80.41921602191934,37.220103181765268],[-80.419216440814267,37.220119657590459]]},"properties":{"objectid":6025,"type":"Normal","st_length(shape)":37.515122705932043,"slopelessthan5":null,"slopebtwn5and833":null}},{"type":"Feature","id":6026,"geometry":{"type":"LineString","coordinates":[[-80.41932504498962,37.219839047679685],[-80.419203667786817,37.219841032209622],[-80.419199499963725,37.219790003624823]]},"properties":{"objectid":6026,"type":"Normal","st_length(shape)":53.9681287170459,"slopelessthan5":null,"slopebtwn5and833":null}},{"type":"Feature","id":6075,"geometry":{"type":"LineString","coordinates":[[-80.419414649789346,37.226442577743022],[-80.41915668455006,37.226254392900636]]},"properties":{"objectid":6075,"type":"Normal","st_length(shape)":101.66394901219806,"slopelessthan5":null,"slopebtwn5and833":null}},{"type":"Feature","id":6078,"geometry":{"type":"LineString","coordinates":[[-80.419051419117736,37.226265385721632],[-80.419030503505056,37.226288338896801],[-80.419060651143297,37.226309319075497]]},"properties":{"objectid":6078,"type":"Normal","st_length(shape)":21.976347753288312,"slopelessthan5":null,"slopebtwn5and833":null}},{"type":"Feature","id":6084,"geometry":{"type":"LineString","coordinates":[[-80.41964261554017,37.226608876518974],[-80.419917394774103,37.226803123757776],[-80.41991761962656,37.226803278726017],[-80.420275911481426,37.227047719157298]]},"properties":{"objectid":6084,"type":"Normal","st_length(shape)":243.99005723561586,"slopelessthan5":null,"slopebtwn5and833":null}},{"type":"Feature","id":6085,"geometry":{"type":"LineString","coordinates":[[-80.420200682636306,37.227107726301497],[-80.419602748399697,37.227667594284028]]},"properties":{"objectid":6085,"type":"Normal","st_length(shape)":268.06445031040812,"slopelessthan5":null,"slopebtwn5and833":null}},{"type":"Feature","id":6086,"geometry":{"type":"LineString","coordinates":[[-80.418975530484914,37.227236096520429],[-80.419005224897177,37.227256525290684],[-80.419162618699175,37.227364805004562],[-80.419475580248033,37.22758010828769],[-80.419602748399697,37.227667594284028]]},"properties":{"objectid":6086,"type":"Normal","st_length(shape)":240.89252423078514,"slopelessthan5":null,"slopebtwn5and833":null}},{"type":"Feature","id":6090,"geometry":{"type":"LineString","coordinates":[[-80.419475580248033,37.22758010828769],[-80.419431203656259,37.227621853486539]]},"properties":{"objectid":6090,"type":"Normal","st_length(shape)":19.948480798812941,"slopelessthan5":null,"slopebtwn5and833":null}},{"type":"Feature","id":6092,"geometry":{"type":"LineString","coordinates":[[-80.419242038690541,37.230404091786077],[-80.419325879435846,37.23048737778479],[-80.419273597071296,37.231049972439529],[-80.419208618662594,37.231098245153618],[-80.419448794226952,37.231332678286996],[-80.419460716369045,37.231343985669518]]},"properties":{"objectid":6092,"type":"Normal","st_length(shape)":385.87571923256212,"slopelessthan5":null,"slopebtwn5and833":null}},{"type":"Feature","id":6111,"geometry":{"type":"LineString","coordinates":[[-80.420063665682264,37.230524903221252],[-80.419273597071296,37.231049972439529]]},"properties":{"objectid":6111,"type":"Normal","st_length(shape)":299.08941144345033,"slopelessthan5":null,"slopebtwn5and833":null}},{"type":"Feature","id":6119,"geometry":{"type":"LineString","coordinates":[[-80.420515839857217,37.230849933508139],[-80.420384337236044,37.230727549254802],[-80.420117985282019,37.230479664957599],[-80.420063665682264,37.230524903221252],[-80.419325879435846,37.23048737778479]]},"properties":{"objectid":6119,"type":"Normal","st_length(shape)":415.79994486510935,"slopelessthan5":null,"slopebtwn5and833":null}},{"type":"Feature","id":6141,"geometry":{"type":"LineString","coordinates":[[-80.419621774672848,37.221639509686753],[-80.419679471179876,37.221628118255346]]},"properties":{"objectid":6141,"type":"Normal","st_length(shape)":17.303772538294073,"slopelessthan5":null,"slopebtwn5and833":null}},{"type":"Feature","id":6138,"geometry":{"type":"LineString","coordinates":[[-80.41936796663515,37.226069945191057],[-80.418767464095652,37.225886212176903],[-80.418713573947315,37.225928116278091]]},"properties":{"objectid":6138,"type":"Normal","st_length(shape)":209.08292756128156,"slopelessthan5":null,"slopebtwn5and833":null}},{"type":"Feature","id":6139,"geometry":{"type":"LineString","coordinates":[[-80.420060111169008,37.225337454580298],[-80.419704500817176,37.225322227933333]]},"properties":{"objectid":6139,"type":"Normal","st_length(shape)":103.68547784612964,"slopelessthan5":null,"slopebtwn5and833":null}},{"type":"Feature","id":6142,"geometry":{"type":"LineString","coordinates":[[-80.41985907384074,37.225693449942071],[-80.41958076898365,37.225454847520055],[-80.419551336124044,37.225429613521619]]},"properties":{"objectid":6142,"type":"Normal","st_length(shape)":131.36089432431243,"slopelessthan5":null,"slopebtwn5and833":null}},{"type":"Feature","id":6143,"geometry":{"type":"LineString","coordinates":[[-80.419399025900972,37.225817980971343],[-80.419419432868665,37.225522090273024]]},"properties":{"objectid":6143,"type":"Normal","st_length(shape)":107.89580176462606,"slopelessthan5":null,"slopebtwn5and833":null}},{"type":"Feature","id":6148,"geometry":{"type":"LineString","coordinates":[[-80.419563326281803,37.229625836723919],[-80.419293664772525,37.229345810718016]]},"properties":{"objectid":6148,"type":"Normal","st_length(shape)":128.68020337724673,"slopelessthan5":null,"slopebtwn5and833":null}},{"type":"Feature","id":6149,"geometry":{"type":"LineString","coordinates":[[-80.419409809541264,37.226708666784738],[-80.419486104508792,37.226756034926822]]},"properties":{"objectid":6149,"type":"Normal","st_length(shape)":28.122297130597104,"slopelessthan5":null,"slopebtwn5and833":null}},{"type":"Feature","id":6150,"geometry":{"type":"LineString","coordinates":[[-80.419068273204061,37.226831065564703],[-80.419265419692394,37.226963532726955]]},"properties":{"objectid":6150,"type":"Normal","st_length(shape)":74.97194295514457,"slopelessthan5":null,"slopebtwn5and833":null}},{"type":"Feature","id":6137,"geometry":{"type":"LineString","coordinates":[[-80.419346218008783,37.225253755435446],[-80.419379528073407,37.225206530140767],[-80.419404064412888,37.225158529100455],[-80.419434959817096,37.225102468139028],[-80.419461565427312,37.22507237433593],[-80.419517696576463,37.225038635987595],[-80.419533433356946,37.224925780330217],[-80.419549727067562,37.22482494320721],[-80.41956974599043,37.224710335210879],[-80.419597571099303,37.224626359179709],[-80.419597320098092,37.22462610639657]]},"properties":{"objectid":6137,"type":"Normal","st_length(shape)":247.03581737533003,"slopelessthan5":null,"slopebtwn5and833":null}},{"type":"Feature","id":6156,"geometry":{"type":"LineString","coordinates":[[-80.419519920828137,37.223035857571077],[-80.419164798752405,37.22327948210404]]},"properties":{"objectid":6156,"type":"Normal","st_length(shape)":136.23226258318189,"slopelessthan5":null,"slopebtwn5and833":null}},{"type":"Feature","id":6157,"geometry":{"type":"LineString","coordinates":[[-80.419551336124044,37.225429613521619],[-80.419704500817176,37.225322227933333],[-80.419895563282154,37.225188272439539],[-80.419978160721612,37.2251303618417]]},"properties":{"objectid":6157,"type":"Normal","st_length(shape)":165.2718155175256,"slopelessthan5":null,"slopebtwn5and833":null}},{"type":"Feature","id":6159,"geometry":{"type":"LineString","coordinates":[[-80.418957571401862,37.228347872963958],[-80.419005890818056,37.228375262470202],[-80.419056930087123,37.228397170095541],[-80.419110069636773,37.228413329900505],[-80.419164664399204,37.228423545719124],[-80.419220051641531,37.228427693540269],[-80.419275559010927,37.228425723013004],[-80.419330512696263,37.228417658057808],[-80.419384245607674,37.228403596576214],[-80.41940148601546,37.228397977259654],[-80.419419407223657,37.228395213444159],[-80.419437539555105,37.228395377563508],[-80.419455407799589,37.228398465316488],[-80.419472543668007,37.228404395779584],[-80.419488498065348,37.228413013527849],[-80.419502852860404,37.228424092708231],[-80.419519297511457,37.228439426466075],[-80.419734046030186,37.228663285838088],[-80.419981342344968,37.228921070504079]]},"properties":{"objectid":6159,"type":"Normal","st_length(shape)":398.74004048518793,"slopelessthan5":null,"slopebtwn5and833":null}},{"type":"Feature","id":6160,"geometry":{"type":"LineString","coordinates":[[-80.41985907384074,37.225693449942071],[-80.420186217416727,37.225451769407947],[-80.420060111169008,37.225337454580298]]},"properties":{"objectid":6160,"type":"Normal","st_length(shape)":185.17547996782173,"slopelessthan5":null,"slopebtwn5and833":null}},{"type":"Feature","id":6185,"geometry":{"type":"LineString","coordinates":[[-80.419363212397172,37.21933162013611],[-80.419379755310004,37.21936481480131],[-80.419521420874901,37.219698552002299],[-80.419559145434192,37.219856980433917],[-80.41957741141556,37.220007384861269],[-80.419583619210201,37.220125283293136],[-80.419579250923007,37.22026900510393],[-80.419553171976645,37.220488507353544],[-80.419498370974367,37.220796686016399],[-80.419495543772257,37.220807887447179],[-80.419491074349949,37.220818540586976],[-80.419485063086782,37.220828406175578],[-80.419477644990465,37.220837262640472],[-80.419468986664981,37.220844911073186],[-80.419454854480037,37.220854217083335],[-80.419439509187725,37.220861347474624],[-80.419423283341018,37.220866147721949],[-80.419406528575649,37.220868513797541],[-80.418844545367108,37.220878255277185],[-80.418571054361678,37.220842813154896]]},"properties":{"objectid":6185,"type":"Normal","st_length(shape)":828.69962838184699,"slopelessthan5":null,"slopebtwn5and833":null}},{"type":"Feature","id":6212,"geometry":{"type":"LineString","coordinates":[[-80.419993554298742,37.218032876414746],[-80.420070639102562,37.218017740862628]]},"properties":{"objectid":6212,"type":"Normal","st_length(shape)":23.11226387428071,"slopelessthan5":null,"slopebtwn5and833":null}},{"type":"Feature","id":6229,"geometry":{"type":"LineString","coordinates":[[-80.419414649789346,37.226442577743022],[-80.41948474934307,37.226441847142851],[-80.41955463364387,37.226447384805937],[-80.419623743310055,37.226459146406626],[-80.419691525160417,37.2264770378004],[-80.419757436642129,37.226500915777443]]},"properties":{"objectid":6229,"type":"Normal","st_length(shape)":103.28102384835077,"slopelessthan5":null,"slopebtwn5and833":null}},{"type":"Feature","id":6262,"geometry":{"type":"LineString","coordinates":[[-80.419929314274384,37.218410367040235],[-80.419979861364823,37.218394114837047],[-80.419981634995523,37.218393441568161],[-80.419983391430762,37.218392756862286],[-80.419985129566967,37.218392061638738],[-80.419986851611284,37.218391354058973],[-80.419988555333603,37.218390635060544],[-80.419990240711101,37.218389903742604],[-80.419991906594234,37.218389159222568],[-80.419993553005995,37.21838840240126],[-80.419995179923433,37.218387632377826],[-80.419996786220096,37.218386849170585],[-80.419998371872992,37.218386051878646],[-80.419999936882192,37.218385240501995],[-80.420001480121158,37.218384415058949],[-80.420003000440445,37.218383574666959],[-80.420004498966591,37.218382719307684],[-80.420005973446607,37.218381849017717],[-80.420007426110587,37.218380962859584],[-80.420008853578992,37.218380060888265],[-80.420010256978301,37.218379143085343],[-80.420011635159156,37.21837820856836],[-80.420012989248022,37.218377257318899],[-80.42001431699191,37.218376289373609],[-80.420015618344934,37.218375302930738],[-80.420016893353022,37.218374299792046],[-80.420018140866702,37.218373279074953],[-80.420019360863066,37.218372239878612],[-80.420020553319191,37.218371181302075],[-80.420021717131505,37.218370104264558],[-80.420022377268268,37.21836947344363],[-80.420023027083147,37.218368835580463],[-80.420023667725616,37.218368191557474],[-80.420024299172695,37.218367540473842],[-80.420024921470286,37.218366884131342],[-80.420025534595439,37.218366221629068],[-80.420026138548138,37.218365552967036],[-80.420026733328413,37.218364878145245],[-80.420027317832663,37.218364198082938],[-80.420027894268031,37.218363510941643],[-80.42002846268042,37.218362818523161],[-80.420029020816756,37.218362120864157],[-80.420029570907161,37.218361417027047],[-80.420030112951636,37.218360707011868],[-80.420030644720057,37.218359991756145],[-80.420031169592008,37.218359271204946],[-80.420031685314413,37.218358545394906],[-80.420032192990888,37.21835781340674],[-80.420032691517861,37.218357076159712],[-80.420033183171171,37.218356334518127],[-80.420033665652113,37.21835558671679],[-80.420034140110005,37.218354833638266],[-80.420034606567768,37.218354076183481],[-80.420035066106166,37.218353312532258],[-80.420035516517899,37.218352544523114],[-80.420035960056055,37.218351772119412],[-80.420036395548252,37.218350993537562],[-80.420036823063299,37.218350211480349],[-80.420037243658882,37.218349423226769],[-80.420037657403839,37.218348631479493],[-80.420038063102794,37.218347833554148],[-80.4200384608246,37.218347032153439],[-80.420038851672814,37.218346226358143],[-80.420039235624458,37.218345415267301],[-80.420039612702567,37.218344599781922],[-80.420039982907042,37.218343779901915],[-80.420040346237911,37.218342955627328],[-80.420040701591645,37.218342127877371],[-80.420041051175303,37.218341294813598],[-80.420041393908335,37.218340458256179],[-80.420041729767732,37.218339617304125],[-80.420042059880046,37.218338771939173],[-80.420042383141634,37.218337923080526],[-80.420042699552624,37.218337070728182],[-80.420043010193567,37.218336213062059],[-80.420043314006705,37.218335352803109],[-80.42004361207276,37.218334488131283],[-80.420043904414655,37.218333619947444],[-80.42004418990588,37.218332748269887],[-80.420044469672902,37.218331873080345],[-80.420044744819336,37.218330993459574],[-80.420045013138036,37.218330111246019],[-80.420045275709626,37.218329224619538],[-80.42004553257992,37.218328335381983],[-80.420045783726067,37.218327442632386],[-80.42004603029747,37.218326547253405],[-80.420046271121748,37.218325647461462],[-80.420046506244731,37.218324745058439],[-80.420046736793012,37.218323840026002],[-80.420046961617103,37.218322931481552],[-80.420047181843458,37.218322019406763],[-80.420047396368659,37.218321104720907],[-80.420047606319045,37.218320187405581],[-80.420047811694644,37.21831926746087],[-80.420048011369019,37.218318344905001],[-80.420048207572179,37.218317418800538],[-80.420048398097023,37.218316490985856],[-80.420048585150695,37.218315559622539],[-80.420048766526051,37.218314626548988],[-80.420048944453143,37.218313690827735],[-80.420049117805434,37.21831275247704],[-80.42004928658298,37.218311811496925],[-80.420049451935199,37.21831086876994],[-80.42004961271266,37.218309923413536],[-80.42004976893827,37.21830897632865],[-80.420049921715631,37.218308026595992],[-80.420050071044713,37.218307074215595],[-80.420050215844881,37.218306121007593],[-80.4200503571968,37.218305165151854],[-80.420050495123377,37.218304207549224],[-80.42005062962464,37.21830324819976],[-80.420050760700533,37.218302287103533],[-80.420050887224576,37.21830132427872],[-80.420051011449829,37.218300359688769],[-80.420051132249668,37.218299393351948],[-80.420051249624208,37.21829842526833],[-80.420051364722823,37.218297456320428],[-80.420051476396139,37.218296485625686],[-80.420051584644057,37.218295513184096],[-80.420051690616077,37.218294539878265],[-80.42005179316277,37.218293564825572],[-80.420051893433509,37.218292588908653],[-80.420051990278907,37.218291611244858],[-80.420052085974902,37.218290632698491],[-80.42005217826852,37.218289653306215],[-80.420052268286142,37.218288673049642],[-80.420052356027895,37.218287691928843],[-80.420052441493752,37.218286709943754],[-80.420052524660662,37.218285726193542],[-80.420052605574668,37.218284742480002],[-80.420052685339186,37.218283757883789],[-80.420052761724236,37.218282773342622],[-80.420052836936947,37.218281787017958],[-80.420052911023134,37.21828080071159],[-80.420052982833425,37.218279813540981],[-80.420053052390699,37.218278826407008],[-80.420053120821478,37.218277839291389],[-80.420053188102855,37.218276851293197],[-80.420053254234773,37.218275862412384],[-80.420053318136638,37.218274874469152],[-80.420053380889058,37.218273885643306],[-80.42005344251497,37.218272896835835],[-80.420053503014401,37.218271908046646],[-80.420053563513818,37.218270919257513],[-80.420053621760232,37.218269930504981],[-80.420053678903074,37.218268942671706],[-80.420053736022993,37.218267953937477],[-80.420053793165806,37.218266966104224],[-80.420053848055602,37.218265978307606],[-80.420053902945412,37.218264990510939],[-80.420053957858187,37.218264003615204],[-80.420054011667347,37.218263017638755],[-80.420054065476478,37.218262031662249],[-80.420054119285624,37.218261045685772],[-80.420054172014062,37.218260061529413],[-80.420054224742543,37.218259077373069],[-80.420054278620412,37.218258094099305],[-80.420054331394724,37.218257111744798],[-80.420054386608967,37.218256092398001],[-80.420054441869127,37.218255074853047],[-80.420054497152108,37.218254058208998],[-80.420054552435147,37.21825304156495],[-80.42005460776403,37.218252026722737],[-80.420054664242244,37.218251012763076],[-80.420054719616957,37.218249999722659],[-80.420054776118135,37.21824898666393],[-80.420054831538621,37.218247975425349],[-80.420054888108538,37.218246965069319],[-80.420054944701391,37.218245955614208],[-80.420055000190658,37.218244947078304],[-80.420055056829312,37.218243939425051],[-80.420055113490903,37.218242932672688],[-80.420055170152438,37.218241925920296],[-80.420055226859844,37.218240920969706],[-80.420055283590159,37.218239916920105],[-80.420055341469876,37.218238913753012],[-80.420055398223113,37.218237910604266],[-80.42005545502218,37.218236909257328],[-80.420055512970663,37.218235908793027],[-80.420055569792609,37.218234908346986],[-80.420055627786908,37.218233909684457],[-80.420055685804144,37.21823291192289],[-80.420055742694856,37.218231914179569],[-80.420055800757893,37.218230918219774],[-80.420055858820916,37.21822992225998],[-80.420055916906847,37.218228927201054],[-80.420055975015714,37.21822793304311],[-80.420056033170383,37.218226940686939],[-80.420056091325108,37.218225948330776],[-80.420056149502713,37.218224956875567],[-80.420056208829706,37.218223966302887],[-80.420056267053141,37.218222976649443],[-80.420056326403071,37.218221986977674],[-80.420056384672321,37.218220999126061],[-80.420056444091031,37.218220012157012],[-80.420056502383176,37.218219025206324],[-80.420056561824751,37.218218039138193],[-80.420056621312185,37.218217054871886],[-80.420056679673067,37.218216070623903],[-80.42005673918338,37.2182150872585],[-80.420056798716644,37.218214104794043],[-80.420056858249865,37.218213122329537],[-80.420056917828944,37.218212141666861],[-80.420056978534518,37.218211160985852],[-80.420057038159385,37.218210182125013],[-80.420057097784294,37.218209203264173],[-80.420057157432069,37.218208225304231],[-80.420057218229303,37.218207248226854],[-80.420057277922893,37.218206272068763],[-80.420057338743035,37.218205295892254],[-80.420057398482513,37.218204321535985],[-80.420057459348428,37.218203347161335],[-80.420057520237307,37.218202373687603],[-80.420057580022615,37.218201401133129],[-80.420057640934388,37.218200428560323],[-80.420057701891977,37.218199457789297],[-80.420057762849581,37.218198487018327],[-80.42005782383012,37.218197517148248],[-80.420057884833568,37.218196548179073],[-80.420057945859867,37.218195580110773],[-80.420058008012759,37.218194612024178],[-80.420058069084874,37.218193645757729],[-80.420058130157074,37.218192679491274],[-80.420058191252139,37.218191714125737],[-80.420058253473741,37.218190748741911],[-80.420058314614664,37.218189785178126],[-80.420058376882082,37.21818882159608],[-80.420058439172379,37.218187858914924],[-80.420058500359133,37.218186897153053],[-80.420058562672352,37.218185935372794],[-80.420058625008508,37.218184974493489],[-80.420058686241077,37.218184014533414],[-80.420058748623049,37.21818305545586],[-80.420058811005035,37.218182096378357],[-80.420058873432808,37.21818113910269],[-80.420058935860609,37.218180181826988],[-80.420058998288411,37.218179224551314],[-80.420059061888509,37.218178269059138],[-80.420059124362183,37.21817731358523],[-80.420059186858722,37.218176359012283],[-80.420059249355262,37.218175404439329],[-80.42005931300119,37.218174450748968],[-80.420059375543545,37.218173497977766],[-80.420059439235359,37.218172546089249],[-80.420059501800623,37.218171594219008],[-80.420059565515302,37.218170643231339],[-80.420059628126381,37.218169693162935],[-80.420059691864012,37.218168743076163],[-80.420059755624521,37.218167793890331],[-80.42005981828143,37.218166845623742],[-80.420059882087756,37.218165898239725],[-80.420059945894124,37.218164950855673],[-80.420060009700435,37.218164003471685],[-80.420060073552619,37.21816305788947],[-80.420060137404789,37.21816211230729],[-80.420060201256931,37.218161166725089],[-80.420060265154945,37.218160222944725],[-80.42006032905293,37.218159279164333],[-80.420060392950887,37.218158335383933],[-80.420060458021226,37.218157393387045],[-80.42006052196507,37.21815645140849],[-80.420060585908857,37.218155509429927],[-80.420060651002103,37.218154568333958],[-80.42006071499172,37.218153628157182],[-80.420060780107875,37.218152687962139],[-80.4200608441204,37.218151748686296],[-80.420060909282384,37.218150810293025],[-80.420060973317831,37.218149871918101],[-80.420061038502723,37.218148934425791],[-80.420061103687559,37.218147996933396],[-80.420061168895359,37.218147060341984],[-80.420061232999601,37.218146124669779],[-80.420061298230266,37.218145188979243],[-80.420061363483882,37.218144254189674],[-80.420061428737526,37.218143319399999],[-80.420061494014021,37.218142385511321],[-80.420061559290545,37.218141451622607],[-80.420061624590005,37.218140518634819],[-80.420061689912316,37.218139586547899],[-80.42006175523467,37.218138654461001],[-80.420061820557052,37.218137722374102],[-80.420061887051716,37.218136792070716],[-80.420061952396935,37.21813586088475],[-80.420062017788041,37.218134931500586],[-80.420062084282705,37.218134001197186],[-80.420062149696719,37.218133072713925],[-80.420062215087782,37.218132143329747],[-80.420062281651184,37.218131215729088],[-80.420062347088106,37.218130288146703],[-80.420062413651522,37.21812936054603],[-80.420062479111351,37.218128433864607],[-80.420062545697661,37.218127507164837],[-80.420062612306907,37.218126581365986],[-80.42006267781251,37.218125656486393],[-80.420062744421742,37.218124730687521],[-80.420062811076804,37.218123806690471],[-80.420062876605371,37.218122882711782],[-80.420062943260419,37.218121958714711],[-80.420063009938389,37.218121035618573],[-80.420063076616358,37.218120112522485],[-80.420063143317236,37.218119190327243],[-80.420063210018114,37.218118268132017],[-80.420063276741914,37.218117346837701],[-80.420063343465685,37.2181164255434],[-80.420063410189471,37.21811550424912],[-80.420063476936178,37.218114583855709],[-80.420063543705794,37.218113664363173],[-80.420063610475395,37.218112744870695],[-80.420063678371505,37.21811182535987],[-80.420063745164015,37.218110906768281],[-80.420063811956524,37.218109988176707],[-80.420063878749062,37.218109069585132],[-80.420063946690988,37.218108151876109],[-80.420064013529327,37.218107235086322],[-80.420064080367681,37.218106318296606],[-80.420064148332557,37.218105401488479],[-80.420064215170896,37.218104484698692],[-80.420064283158638,37.218103568791484],[-80.420064350042793,37.21810265380357],[-80.420064418053457,37.218101738797309],[-80.420064484937626,37.218100823809351],[-80.420064552948261,37.218099908803076],[-80.420064619855339,37.218098994716023],[-80.420064687911875,37.218098081511563],[-80.420064755945447,37.218097167406178],[-80.420064822875432,37.218096254220079],[-80.420064890954791,37.218095341916531],[-80.420064959034235,37.218094429612989],[-80.420065027113623,37.218093517309434],[-80.420065094066516,37.218092605024218],[-80.420065162168811,37.218091693621567],[-80.420065230271106,37.218090782218916],[-80.420065298396366,37.218089871717197],[-80.420065366498648,37.218088960314546],[-80.420065434646759,37.218088050713753],[-80.420065502772005,37.218087140211978],[-80.42006557092013,37.218086230611156],[-80.420065639068241,37.218085321010363],[-80.420065707216352,37.2180844114095],[-80.420065775387428,37.218083502709611],[-80.420065843558447,37.218082594009694],[-80.420065911729466,37.218081685309777],[-80.420065979923393,37.218080777510764],[-80.420066048117377,37.218079869711765],[-80.420066116311332,37.218078961912745],[-80.42006618565469,37.218078054996298],[-80.420066253848617,37.218077147197299],[-80.420066322065452,37.218076240299226],[-80.420066390305223,37.218075334302043],[-80.420066458522101,37.218074427403906],[-80.420066527888324,37.218073521388384],[-80.420066596128137,37.218072615391193],[-80.420066664390802,37.218071710294936],[-80.420066733757068,37.218070804279435],[-80.420066802019733,37.218069899183156],[-80.420066870282398,37.218068994086842],[-80.420066939671585,37.218068088972288],[-80.42006700795713,37.218067184776864],[-80.420067076242717,37.218066280581539],[-80.420067145654812,37.218065376367832],[-80.420067213940385,37.218064472172429],[-80.420067283352466,37.218063567958758],[-80.420067421095965,37.218061761351521],[-80.420067558839378,37.218059954744213],[-80.420067696605784,37.218058149037873],[-80.42006783439507,37.218056344232451],[-80.420067972207264,37.218054540327948],[-80.420068111145937,37.218052736405056],[-80.420068248981053,37.218050933401436],[-80.420068386816141,37.218049130397802],[-80.420068525800644,37.218047328276818],[-80.420068663681562,37.218045527074977],[-80.420068802688945,37.218043725854855],[-80.420068940592756,37.218041925553976],[-80.420069079623062,37.218040125234758],[-80.420069217549781,37.218038325834762],[-80.42006949452967,37.218034727016438],[-80.420069772681856,37.218031129981611],[-80.420070327905549,37.218023937732134],[-80.420070639102562,37.218017740862628]]},"properties":{"objectid":6262,"type":"Normal","st_length(shape)":161.2332523056329,"slopelessthan5":null,"slopebtwn5and833":null}},{"type":"Feature","id":6289,"geometry":{"type":"LineString","coordinates":[[-80.419597571099303,37.224626359179709],[-80.419653890535628,37.224646837866437],[-80.419683440844381,37.224664735301602],[-80.419712708771613,37.224683804481188],[-80.419739658216301,37.224717714002502],[-80.419770481075375,37.22475333874754],[-80.419836993142084,37.22481628577556],[-80.419908812836823,37.22486226814533],[-80.420090205481955,37.224933570537331],[-80.420108668886741,37.224940828337516]]},"properties":{"objectid":6289,"type":"Normal","st_length(shape)":191.83046009888852,"slopelessthan5":null,"slopebtwn5and833":null}},{"type":"Feature","id":6326,"geometry":{"type":"LineString","coordinates":[[-80.419164933860486,37.227521329733605],[-80.419067880396142,37.22745622818853]]},"properties":{"objectid":6326,"type":"Normal","st_length(shape)":36.881898932763683,"slopelessthan5":null,"slopebtwn5and833":null}},{"type":"Feature","id":6305,"geometry":{"type":"LineString","coordinates":[[-80.4192153220704,37.225665192419712],[-80.419106434934562,37.225753269456725]]},"properties":{"objectid":6305,"type":"Normal","st_length(shape)":45.093673914833332,"slopelessthan5":null,"slopebtwn5and833":null}},{"type":"Feature","id":6328,"geometry":{"type":"LineString","coordinates":[[-80.419808056434832,37.226453319625001],[-80.419928406645155,37.226295070134711],[-80.420065677066262,37.226146249373002],[-80.420167608068468,37.226049872948337],[-80.420275157341337,37.225981451996851],[-80.420292131360156,37.22599501412801]]},"properties":{"objectid":6328,"type":"Normal","st_length(shape)":227.7225664149222,"slopelessthan5":null,"slopebtwn5and833":null}},{"type":"Feature","id":6348,"geometry":{"type":"LineString","coordinates":[[-80.420044266131342,37.224105328388724],[-80.420011126459912,37.224064707744986],[-80.419929123714482,37.223985194877898]]},"properties":{"objectid":6348,"type":"Normal","st_length(shape)":55.18444867216062,"slopelessthan5":null,"slopebtwn5and833":null}},{"type":"Feature","id":6350,"geometry":{"type":"LineString","coordinates":[[-80.419660306131277,37.223730213508226],[-80.419276913437926,37.22337703709924]]},"properties":{"objectid":6350,"type":"Normal","st_length(shape)":170.28274698794874,"slopelessthan5":null,"slopebtwn5and833":null}},{"type":"Feature","id":6351,"geometry":{"type":"LineString","coordinates":[[-80.419164798752405,37.22327948210404],[-80.418957109884985,37.223087975700636]]},"properties":{"objectid":6351,"type":"Normal","st_length(shape)":92.295773454217894,"slopelessthan5":null,"slopebtwn5and833":null}},{"type":"Feature","id":6357,"geometry":{"type":"LineString","coordinates":[[-80.419000578141635,37.231637641181159],[-80.419000264584128,37.23176349022598],[-80.419001234419298,37.231794497889467],[-80.419007555545491,37.231824869901885],[-80.419019037226221,37.231853689804431],[-80.41903590249963,37.231881579054622],[-80.419056694740064,37.231906677470143],[-80.419080959642642,37.231928436657313],[-80.419200136287657,37.232027937346864],[-80.419425422762487,37.232179276638028],[-80.419573485607273,37.232264962021873]]},"properties":{"objectid":6357,"type":"Normal","st_length(shape)":301.224913919085,"slopelessthan5":null,"slopebtwn5and833":null}},{"type":"Feature","id":6500,"geometry":{"type":"LineString","coordinates":[[-80.420090205481955,37.224933570537331],[-80.420300736472385,37.224791999985591]]},"properties":{"objectid":6500,"type":"Normal","st_length(shape)":80.088910846877013,"slopelessthan5":null,"slopebtwn5and833":null}},{"type":"Feature","id":6458,"geometry":{"type":"LineString","coordinates":[[-80.419577147534696,37.227176337610246],[-80.419005224897177,37.227256525290684]]},"properties":{"objectid":6458,"type":"Normal","st_length(shape)":169.05323221038108,"slopelessthan5":null,"slopebtwn5and833":null}},{"type":"Feature","id":6461,"geometry":{"type":"LineString","coordinates":[[-80.41915668455006,37.226254392900636],[-80.419126281719443,37.226283485748603],[-80.419065695728804,37.226246315944387],[-80.419051419117736,37.226265385721632]]},"properties":{"objectid":6461,"type":"Normal","st_length(shape)":44.129502148757737,"slopelessthan5":null,"slopebtwn5and833":null}},{"type":"Feature","id":6462,"geometry":{"type":"LineString","coordinates":[[-80.419514082461475,37.225948312590475],[-80.41936796663515,37.226069945191057]]},"properties":{"objectid":6462,"type":"Normal","st_length(shape)":61.40866957917369,"slopelessthan5":null,"slopebtwn5and833":null}},{"type":"Feature","id":6467,"geometry":{"type":"LineString","coordinates":[[-80.419602748399697,37.227667594284028],[-80.419648735377521,37.227708669459467],[-80.419590526418233,37.227765197152955],[-80.41950964531928,37.227834435635536],[-80.419662253913657,37.227857616083206],[-80.419739345638092,37.22787940268519],[-80.419877582135157,37.227883023566321],[-80.419897570372868,37.227898223929756]]},"properties":{"objectid":6467,"type":"Normal","st_length(shape)":198.56032598370501,"slopelessthan5":null,"slopebtwn5and833":null}},{"type":"Feature","id":6468,"geometry":{"type":"LineString","coordinates":[[-80.418981316832301,37.227539762875892],[-80.419110936181767,37.227633559065374],[-80.419190516337551,37.227734077493437],[-80.419247882801798,37.227931859138302]]},"properties":{"objectid":6468,"type":"Normal","st_length(shape)":168.13450103840958,"slopelessthan5":null,"slopebtwn5and833":null}},{"type":"Feature","id":6482,"geometry":{"type":"LineString","coordinates":[[-80.418125075166799,37.23049533417467],[-80.418576194932456,37.230223453869627],[-80.419303491789648,37.229776405323541],[-80.419563326281803,37.229625836723919],[-80.42003950503107,37.229320396731964],[-80.420255925947387,37.229202512830327]]},"properties":{"objectid":6482,"type":"Normal","st_length(shape)":778.92423612683342,"slopelessthan5":null,"slopebtwn5and833":null}},{"type":"Feature","id":6483,"geometry":{"type":"LineString","coordinates":[[-80.419303491789648,37.229776405323541],[-80.419262950424709,37.229734235638816],[-80.419209100119886,37.229679797786559],[-80.419126304969936,37.229593042809981],[-80.419068062784191,37.229533876078015],[-80.419038802830542,37.229502553685357]]},"properties":{"objectid":6483,"type":"Normal","st_length(shape)":126.02128955641983,"slopelessthan5":null,"slopebtwn5and833":null}},{"type":"Feature","id":6506,"geometry":{"type":"LineString","coordinates":[[-80.419323639859854,37.220282740796719],[-80.419355337385824,37.220281261876131]]},"properties":{"objectid":6506,"type":"Normal","st_length(shape)":9.2451533979997667,"slopelessthan5":null,"slopebtwn5and833":null}},{"type":"Feature","id":6572,"geometry":{"type":"LineString","coordinates":[[-80.419825061864756,37.222070322659057],[-80.419810039104192,37.222077608719061],[-80.419726832610181,37.222137014491388],[-80.419712850222965,37.222143420189937]]},"properties":{"objectid":6572,"type":"Normal","st_length(shape)":42.284804989774003,"slopelessthan5":null,"slopebtwn5and833":null}},{"type":"Feature","id":6565,"geometry":{"type":"LineString","coordinates":[[-80.419484267863737,37.221660366441327],[-80.419507261152688,37.22165965182711],[-80.419607801877362,37.221641635934368]]},"properties":{"objectid":6565,"type":"Normal","st_length(shape)":36.700044912854409,"slopelessthan5":null,"slopebtwn5and833":null}},{"type":"Feature","id":6575,"geometry":{"type":"LineString","coordinates":[[-80.419557100324013,37.221809411174789],[-80.419534986916787,37.221815521880814]]},"properties":{"objectid":6575,"type":"Normal","st_length(shape)":6.8122555439359047,"slopelessthan5":null,"slopebtwn5and833":null}},{"type":"Feature","id":6703,"geometry":{"type":"LineString","coordinates":[[-80.420300736472385,37.224791999985591],[-80.420157689945412,37.224746699777477],[-80.420046083482461,37.22470974667354],[-80.419873957562018,37.224659514161708],[-80.41975964702759,37.224621565595776],[-80.419597320098092,37.22462610639657],[-80.419512329942222,37.224602504129329],[-80.419450236220456,37.224593975627556],[-80.419417304778932,37.224588708691456]]},"properties":{"objectid":6703,"type":"Normal","st_length(shape)":270.95883900702165,"slopelessthan5":null,"slopebtwn5and833":null}},{"type":"Feature","id":6590,"geometry":{"type":"LineString","coordinates":[[-80.420196464363087,37.229335388835445],[-80.420374372566286,37.22951933649604],[-80.42033858618872,37.229542734594581]]},"properties":{"objectid":6590,"type":"Normal","st_length(shape)":98.124452951033604,"slopelessthan5":null,"slopebtwn5and833":null}},{"type":"Feature","id":6602,"geometry":{"type":"LineString","coordinates":[[-80.419724835178883,37.221762097683197],[-80.41966720250565,37.221772280379746]]},"properties":{"objectid":6602,"type":"Normal","st_length(shape)":17.185414795499799,"slopelessthan5":null,"slopebtwn5and833":null}},{"type":"Feature","id":6592,"geometry":{"type":"LineString","coordinates":[[-80.418856735265919,37.225587733086435],[-80.418981399091379,37.225547749906042],[-80.419234574657921,37.225360621364558]]},"properties":{"objectid":6592,"type":"Normal","st_length(shape)":139.48405086102699,"slopelessthan5":null,"slopebtwn5and833":null}},{"type":"Feature","id":6593,"geometry":{"type":"LineString","coordinates":[[-80.419503752380734,37.225161664089548],[-80.419480284842521,37.22536869773004]]},"properties":{"objectid":6593,"type":"Normal","st_length(shape)":75.688776234030357,"slopelessthan5":null,"slopebtwn5and833":null}},{"type":"Feature","id":6594,"geometry":{"type":"LineString","coordinates":[[-80.419480284842521,37.22536869773004],[-80.419234574657921,37.225360621364558]]},"properties":{"objectid":6594,"type":"Normal","st_length(shape)":71.599728254667212,"slopelessthan5":null,"slopebtwn5and833":null}},{"type":"Feature","id":6608,"geometry":{"type":"LineString","coordinates":[[-80.420095867047024,37.222622878922962],[-80.420074787325717,37.222624087064375]]},"properties":{"objectid":6608,"type":"Normal","st_length(shape)":6.1533947781382876,"slopelessthan5":null,"slopebtwn5and833":null}},{"type":"Feature","id":6614,"geometry":{"type":"LineString","coordinates":[[-80.418935674797154,37.223721453431075],[-80.418986201815144,37.223713049065623],[-80.419037387924718,37.223711152992799],[-80.419088398258026,37.223715796138372],[-80.419205314797239,37.223740126059333],[-80.419595480571687,37.223838705907141],[-80.419861886791381,37.223920000183789]]},"properties":{"objectid":6614,"type":"Normal","st_length(shape)":282.22686345979946,"slopelessthan5":null,"slopebtwn5and833":null}},{"type":"Feature","id":6701,"geometry":{"type":"LineString","coordinates":[[-80.419489357050921,37.225893110140404],[-80.419410276900649,37.225952650374637],[-80.419409279980428,37.225983786012577],[-80.41936796663515,37.226069945191057]]},"properties":{"objectid":6701,"type":"Normal","st_length(shape)":76.560877647311131,"slopelessthan5":null,"slopebtwn5and833":null}},{"type":"Feature","id":6702,"geometry":{"type":"LineString","coordinates":[[-80.419489357050921,37.225893110140404],[-80.419520337490582,37.225760564180369],[-80.41958076898365,37.225454847520055]]},"properties":{"objectid":6702,"type":"Normal","st_length(shape)":161.78661875014717,"slopelessthan5":null,"slopebtwn5and833":null}},{"type":"Feature","id":6255,"geometry":{"type":"LineString","coordinates":[[-80.419417304778932,37.224588708691456],[-80.419428749229041,37.224569882294631],[-80.419457521884681,37.224559370223737],[-80.419487524689146,37.224553189522211],[-80.419518109414028,37.224551473727779],[-80.419548615258208,37.224554259911194],[-80.419578383124801,37.224561487875306],[-80.419620064138641,37.22457522691748],[-80.419641062143697,37.224529702400638]]},"properties":{"objectid":6255,"type":"Normal","st_length(shape)":83.597967003793457,"slopelessthan5":null,"slopebtwn5and833":null}},{"type":"Feature","id":6741,"geometry":{"type":"LineString","coordinates":[[-80.419929314274384,37.218410367040235],[-80.419914578202977,37.218413830635427],[-80.419900361383498,37.218417238915542],[-80.419886577506929,37.218420654571922],[-80.419873113823698,37.218424164159309],[-80.419859859905856,37.218427856898316],[-80.419846703026607,37.218431820244483],[-80.41979436077311,37.218450108124308],[-80.419744195391601,37.21847372152196],[-80.41969674702014,37.218502406188506],[-80.419482061188504,37.218643254089251],[-80.419453791286301,37.218659236808499],[-80.419423438234446,37.218670783536496],[-80.419391693272615,37.218677631315927],[-80.419350524732494,37.218676870471057],[-80.419338869909254,37.218730116652928],[-80.419349434836334,37.218829288200901],[-80.419366724002984,37.218927510898524],[-80.419390657251057,37.21902432935363],[-80.419421123618264,37.219119294684567],[-80.419457981852702,37.219211966601385],[-80.419501061067663,37.219301915447126],[-80.419550161534005,37.219388724189869],[-80.419605055606098,37.219471990356233]]},"properties":{"objectid":6741,"type":"Normal","st_length(shape)":501.59988747280215,"slopelessthan5":null,"slopebtwn5and833":null}},{"type":"Feature","id":6752,"geometry":{"type":"LineString","coordinates":[[-80.419621774672848,37.221639509686753],[-80.419642906983825,37.221706436183602],[-80.41966720250565,37.221772280379746]]},"properties":{"objectid":6752,"type":"Normal","st_length(shape)":50.12789703676939,"slopelessthan5":null,"slopebtwn5and833":null}},{"type":"Feature","id":6754,"geometry":{"type":"LineString","coordinates":[[-80.419519920828137,37.223035857571077],[-80.419350880379213,37.222890682781021]]},"properties":{"objectid":6754,"type":"Normal","st_length(shape)":72.224147111815384,"slopelessthan5":null,"slopebtwn5and833":null}},{"type":"Feature","id":6753,"geometry":{"type":"LineString","coordinates":[[-80.419607801877362,37.221641635934368],[-80.419621774672848,37.221639509686753]]},"properties":{"objectid":6753,"type":"Normal","st_length(shape)":4.1414249744088751,"slopelessthan5":null,"slopebtwn5and833":null}},{"type":"Feature","id":6815,"geometry":{"type":"LineString","coordinates":[[-80.420142004253734,37.229968049904237],[-80.420081403021953,37.230075698593168]]},"properties":{"objectid":6815,"type":"Normal","st_length(shape)":42.982239622914342,"slopelessthan5":null,"slopebtwn5and833":null}},{"type":"Feature","id":6821,"geometry":{"type":"LineString","coordinates":[[-80.419293664772525,37.229345810718016],[-80.419613118815008,37.229149341053891],[-80.41977227135385,37.229050679008878]]},"properties":{"objectid":6821,"type":"Normal","st_length(shape)":175.96222007538341,"slopelessthan5":null,"slopebtwn5and833":null}},{"type":"Feature","id":6824,"geometry":{"type":"LineString","coordinates":[[-80.419124655479436,37.229449753418237],[-80.419293664772525,37.229345810718016]]},"properties":{"objectid":6824,"type":"Normal","st_length(shape)":62.075519045028848,"slopelessthan5":null,"slopebtwn5and833":null}},{"type":"Feature","id":6828,"geometry":{"type":"LineString","coordinates":[[-80.419180117999801,37.231523061000011],[-80.419460716369045,37.231343985669518]]},"properties":{"objectid":6828,"type":"Normal","st_length(shape)":104.52000478814072,"slopelessthan5":null,"slopebtwn5and833":null}},{"type":"Feature","id":6834,"geometry":{"type":"LineString","coordinates":[[-80.419162618699175,37.227364805004562],[-80.418976839992226,37.227386286273365]]},"properties":{"objectid":6834,"type":"Normal","st_length(shape)":54.651181070953534,"slopelessthan5":null,"slopebtwn5and833":null}},{"type":"Feature","id":6838,"geometry":{"type":"LineString","coordinates":[[-80.419417304778932,37.224588708691456],[-80.419372376170315,37.224577975062843],[-80.419328874729644,37.224562437517513],[-80.419287312462913,37.224542278930258],[-80.419248178552337,37.224517736564877],[-80.419211933598675,37.224489099281669],[-80.419184126179715,37.2244700898381],[-80.419153679289721,37.224455681563256],[-80.419121347989986,37.224446231772141],[-80.419087934073843,37.224441974812869],[-80.419054266182727,37.22444301625503],[-80.419021179256461,37.224449330271582],[-80.418989493827397,37.224460760279392],[-80.418959995671685,37.224477022822377],[-80.418951530484961,37.224483280142039],[-80.418908142892263,37.224521307546091],[-80.418833984624968,37.22459974027084]]},"properties":{"objectid":6838,"type":"Normal","st_length(shape)":210.1606478421287,"slopelessthan5":null,"slopebtwn5and833":null}},{"type":"Feature","id":6829,"geometry":{"type":"LineString","coordinates":[[-80.419573485607273,37.232264962021873],[-80.419798564173206,37.23209858738732]]},"properties":{"objectid":6829,"type":"Normal","st_length(shape)":89.236633137765097,"slopelessthan5":null,"slopebtwn5and833":null}},{"type":"Feature","id":6827,"geometry":{"type":"LineString","coordinates":[[-80.419460716369045,37.231343985669518],[-80.419761529382342,37.231629289163749],[-80.420074619359838,37.231417639831577],[-80.420130985631218,37.231448793262331]]},"properties":{"objectid":6827,"type":"Normal","st_length(shape)":275.17511909990969,"slopelessthan5":null,"slopebtwn5and833":null}},{"type":"Feature","id":6841,"geometry":{"type":"LineString","coordinates":[[-80.419519635321791,37.225021535999424],[-80.419503752380734,37.225161664089548]]},"properties":{"objectid":6841,"type":"Normal","st_length(shape)":51.228966667446485,"slopelessthan5":null,"slopebtwn5and833":null}},{"type":"Feature","id":6842,"geometry":{"type":"LineString","coordinates":[[-80.419503752380734,37.225161664089548],[-80.419908812836823,37.22486226814533]]},"properties":{"objectid":6842,"type":"Normal","st_length(shape)":160.59741318096781,"slopelessthan5":null,"slopebtwn5and833":null}},{"type":"Feature","id":6843,"geometry":{"type":"LineString","coordinates":[[-80.419361468404858,37.225266830190591],[-80.419503752380734,37.225161664089548]]},"properties":{"objectid":6843,"type":"Normal","st_length(shape)":56.411957816945453,"slopelessthan5":null,"slopebtwn5and833":null}},{"type":"Feature","id":6844,"geometry":{"type":"LineString","coordinates":[[-80.419361468404858,37.225266830190591],[-80.419346218008783,37.225253755435446]]},"properties":{"objectid":6844,"type":"Normal","st_length(shape)":6.5097820119055516,"slopelessthan5":null,"slopebtwn5and833":null}},{"type":"Feature","id":6845,"geometry":{"type":"LineString","coordinates":[[-80.419234574657921,37.225360621364558],[-80.419110578601448,37.225356545661271]]},"properties":{"objectid":6845,"type":"Normal","st_length(shape)":36.132343235342901,"slopelessthan5":null,"slopebtwn5and833":null}},{"type":"Feature","id":6846,"geometry":{"type":"LineString","coordinates":[[-80.419234574657921,37.225360621364558],[-80.419361468404858,37.225266830190591]]},"properties":{"objectid":6846,"type":"Normal","st_length(shape)":50.310195286357562,"slopelessthan5":null,"slopebtwn5and833":null}},{"type":"Feature","id":6847,"geometry":{"type":"LineString","coordinates":[[-80.419276913437926,37.22337703709924],[-80.419538612370502,37.223193263398187],[-80.41996493336471,37.222895488755611]]},"properties":{"objectid":6847,"type":"Normal","st_length(shape)":266.21515481674783,"slopelessthan5":null,"slopebtwn5and833":null}},{"type":"Feature","id":6848,"geometry":{"type":"LineString","coordinates":[[-80.41893655100364,37.223616048784947],[-80.419276913437926,37.22337703709924]]},"properties":{"objectid":6848,"type":"Normal","st_length(shape)":131.8854961677396,"slopelessthan5":null,"slopebtwn5and833":null}},{"type":"Feature","id":6816,"geometry":{"type":"LineString","coordinates":[[-80.420333640311924,37.230314630329048],[-80.420294334550448,37.230339798992361]]},"properties":{"objectid":6816,"type":"Normal","st_length(shape)":14.660238664820595,"slopelessthan5":null,"slopebtwn5and833":null}},{"type":"Feature","id":6822,"geometry":{"type":"LineString","coordinates":[[-80.419981342344968,37.228921070504079],[-80.419998001264545,37.228941363163919],[-80.420073326097381,37.22901526872208],[-80.420151862076906,37.229098559309875],[-80.420225591311763,37.229179557671152]]},"properties":{"objectid":6822,"type":"Normal","st_length(shape)":118.00659710490599,"slopelessthan5":null,"slopebtwn5and833":null}},{"type":"Feature","id":6820,"geometry":{"type":"LineString","coordinates":[[-80.420225591311763,37.229179557671152],[-80.420255925947387,37.229202512830327],[-80.420334367544115,37.22928610946942]]},"properties":{"objectid":6820,"type":"Normal","st_length(shape)":50.211437429134953,"slopelessthan5":null,"slopebtwn5and833":null}},{"type":"Feature","id":6870,"geometry":{"type":"LineString","coordinates":[[-80.420142555018217,37.22709706066761],[-80.419577147534696,37.227176337610246]]},"properties":{"objectid":6870,"type":"Normal","st_length(shape)":167.12777667300119,"slopelessthan5":null,"slopebtwn5and833":null}},{"type":"Feature","id":6871,"geometry":{"type":"LineString","coordinates":[[-80.419388283106613,37.228028190798263],[-80.419418036181909,37.228037081221757],[-80.419450309004318,37.228036556444508],[-80.419479588329736,37.228033731598323],[-80.419520424818543,37.228023672597487],[-80.4195787434887,37.228008631815364],[-80.419634129473607,37.227993638696404],[-80.419712748014732,37.227968872771214],[-80.419843666914133,37.227923197278962],[-80.419897570372868,37.227898223929756]]},"properties":{"objectid":6871,"type":"Normal","st_length(shape)":158.86169786477112,"slopelessthan5":null,"slopebtwn5and833":null}},{"type":"Feature","id":6873,"geometry":{"type":"LineString","coordinates":[[-80.419388283106613,37.228028190798263],[-80.419369293997605,37.228043634770891]]},"properties":{"objectid":6873,"type":"Normal","st_length(shape)":7.8856606406884362,"slopelessthan5":null,"slopebtwn5and833":null}},{"type":"Feature","id":6874,"geometry":{"type":"LineString","coordinates":[[-80.419514082461475,37.225948312590475],[-80.419536062407929,37.22593207548644]]},"properties":{"objectid":6874,"type":"Normal","st_length(shape)":8.7122440211622241,"slopelessthan5":null,"slopebtwn5and833":null}},{"type":"Feature","id":6875,"geometry":{"type":"LineString","coordinates":[[-80.419536062407929,37.22593207548644],[-80.419489357050921,37.225893110140404]]},"properties":{"objectid":6875,"type":"Normal","st_length(shape)":19.651636754346988,"slopelessthan5":null,"slopebtwn5and833":null}},{"type":"Feature","id":6876,"geometry":{"type":"LineString","coordinates":[[-80.419489357050921,37.225893110140404],[-80.419399025900972,37.225817980971343],[-80.4192153220704,37.225665192419712]]},"properties":{"objectid":6876,"type":"Normal","st_length(shape)":115.11745544930653,"slopelessthan5":null,"slopebtwn5and833":null}},{"type":"Feature","id":6880,"geometry":{"type":"LineString","coordinates":[[-80.4192153220704,37.225665192419712],[-80.419419432868665,37.225522090273024],[-80.419551336124044,37.225429613521619]]},"properties":{"objectid":6880,"type":"Normal","st_length(shape)":130.10751055394019,"slopelessthan5":null,"slopebtwn5and833":null}},{"type":"Feature","id":6881,"geometry":{"type":"LineString","coordinates":[[-80.419551336124044,37.225429613521619],[-80.419480284842521,37.22536869773004],[-80.419361468404858,37.225266830190591]]},"properties":{"objectid":6881,"type":"Normal","st_length(shape)":81.047499979389201,"slopelessthan5":null,"slopebtwn5and833":null}},{"type":"Feature","id":6872,"geometry":{"type":"LineString","coordinates":[[-80.420011111405174,37.22799713225583],[-80.419956313796263,37.22795319204775],[-80.419897570372868,37.227898223929756]]},"properties":{"objectid":6872,"type":"Normal","st_length(shape)":48.919529359377677,"slopelessthan5":null,"slopebtwn5and833":null}},{"type":"Feature","id":6914,"geometry":{"type":"LineString","coordinates":[[-80.42024374944306,37.222478624980127],[-80.42027257088192,37.222483759355434]]},"properties":{"objectid":6914,"type":"Normal","st_length(shape)":8.5974732847440976,"slopelessthan5":null,"slopebtwn5and833":null}},{"type":"Feature","id":6918,"geometry":{"type":"LineString","coordinates":[[-80.419164798752405,37.22327948210404],[-80.418970459292524,37.223414911101628]]},"properties":{"objectid":6918,"type":"Normal","st_length(shape)":75.054148654126806,"slopelessthan5":null,"slopebtwn5and833":null}},{"type":"Feature","id":6925,"geometry":{"type":"LineString","coordinates":[[-80.418668255620318,37.227645437489883],[-80.418765670228893,37.227667333308816],[-80.418848181309514,37.227696772591543]]},"properties":{"objectid":6925,"type":"Normal","st_length(shape)":55.766310755581308,"slopelessthan5":null,"slopebtwn5and833":null}},{"type":"Feature","id":6927,"geometry":{"type":"LineString","coordinates":[[-80.419247882801798,37.227931859138302],[-80.419323715708288,37.227994654018637],[-80.419388283106613,37.228028190798263]]},"properties":{"objectid":6927,"type":"Normal","st_length(shape)":54.19924826620867,"slopelessthan5":null,"slopebtwn5and833":null}},{"type":"Feature","id":6936,"geometry":{"type":"LineString","coordinates":[[-80.419486104508792,37.226756034926822],[-80.419552014412574,37.226694064477179]]},"properties":{"objectid":6936,"type":"Normal","st_length(shape)":29.619775318897187,"slopelessthan5":null,"slopebtwn5and833":null}},{"type":"Feature","id":6937,"geometry":{"type":"LineString","coordinates":[[-80.418942258809622,37.226191406825954],[-80.418955822353766,37.226200812904295],[-80.419051419117736,37.226265385721632]]},"properties":{"objectid":6937,"type":"Normal","st_length(shape)":41.660993988817282,"slopelessthan5":null,"slopebtwn5and833":null}},{"type":"Feature","id":6938,"geometry":{"type":"LineString","coordinates":[[-80.41964261554017,37.226608876518974],[-80.419414649789346,37.226442577743022]]},"properties":{"objectid":6938,"type":"Normal","st_length(shape)":89.84067799825462,"slopelessthan5":null,"slopebtwn5and833":null}},{"type":"Feature","id":6939,"geometry":{"type":"LineString","coordinates":[[-80.419929123714482,37.223985194877898],[-80.419861886791381,37.223920000183789]]},"properties":{"objectid":6939,"type":"Normal","st_length(shape)":30.768315492390315,"slopelessthan5":null,"slopebtwn5and833":null}},{"type":"Feature","id":6950,"geometry":{"type":"LineString","coordinates":[[-80.418790451836472,37.223718642734447],[-80.41893655100364,37.223616048784947]]},"properties":{"objectid":6950,"type":"Normal","st_length(shape)":56.611033049929148,"slopelessthan5":null,"slopebtwn5and833":null}},{"type":"Feature","id":6707,"geometry":{"type":"LineString","coordinates":[[-80.418832300293289,37.231745034170217],[-80.418975250459397,37.23188775347927],[-80.418973481775353,37.23191290757233],[-80.418967510476762,37.231937406556675],[-80.418957506456607,37.231960553397094],[-80.418943754345207,37.231981689529029],[-80.4189266454121,37.232000213595782],[-80.418906666433756,37.232015598558078],[-80.418884385843981,37.232027406689191],[-80.418780761696127,37.232089044218931],[-80.418759135736309,37.232122296959631]]},"properties":{"objectid":6707,"type":"Normal","st_length(shape)":177.86377898457016,"slopelessthan5":null,"slopebtwn5and833":null}},{"type":"Feature","id":6991,"geometry":{"type":"LineString","coordinates":[[-80.418895506293225,37.232184693978759],[-80.418846599633156,37.232108584528262],[-80.418808995391771,37.232072250497986]]},"properties":{"objectid":6991,"type":"Normal","st_length(shape)":48.326242843242639,"slopelessthan5":null,"slopebtwn5and833":null}},{"type":"Feature","id":6993,"geometry":{"type":"LineString","coordinates":[[-80.418975250459397,37.23188775347927],[-80.419044406205401,37.231892779603832]]},"properties":{"objectid":6993,"type":"Normal","st_length(shape)":20.21617600805352,"slopelessthan5":null,"slopebtwn5and833":null}},{"type":"Feature","id":6994,"geometry":{"type":"LineString","coordinates":[[-80.418895506293225,37.232184693978759],[-80.418966172092269,37.232168770586803],[-80.419024242950456,37.232165442698829],[-80.419085536357372,37.232171599740269],[-80.419159361002357,37.232201399996356],[-80.419245119527616,37.232250054741073],[-80.419343323809201,37.23230032405138],[-80.419420282685763,37.232341399576129],[-80.419514926706086,37.232392919930312],[-80.419657910977534,37.232455604205043],[-80.419770744962165,37.232501731819717],[-80.419845117897964,37.23252377263001],[-80.420057745189666,37.232587680640506],[-80.420111921550728,37.232605250462228],[-80.420169838068858,37.232625173952393]]},"properties":{"objectid":6994,"type":"Normal","st_length(shape)":414.1758274560699,"slopelessthan5":null,"slopebtwn5and833":null}},{"type":"Feature","id":6998,"geometry":{"type":"LineString","coordinates":[[-80.4199003926215,37.232412554268109],[-80.419912078031786,37.232425668018024],[-80.420047753810948,37.232470308990941],[-80.420115532079137,37.232477833620365]]},"properties":{"objectid":6998,"type":"Normal","st_length(shape)":68.496061605969686,"slopelessthan5":null,"slopebtwn5and833":null}},{"type":"Feature","id":7421,"geometry":{"type":"LineString","coordinates":[[-80.419978617267887,37.231482536976664],[-80.4200854251404,37.231585725011129]]},"properties":{"objectid":7421,"type":"Normal","st_length(shape)":48.768978632903256,"slopelessthan5":null,"slopebtwn5and833":null}},{"type":"Feature","id":7422,"geometry":{"type":"LineString","coordinates":[[-80.419761529382342,37.231629289163749],[-80.419771946984739,37.231663689253686]]},"properties":{"objectid":7422,"type":"Normal","st_length(shape)":12.88685228393528,"slopelessthan5":null,"slopebtwn5and833":null}},{"type":"Feature","id":7416,"geometry":{"type":"LineString","coordinates":[[-80.419325879435846,37.23048737778479],[-80.41966048309412,37.230792854331192]]},"properties":{"objectid":7416,"type":"Normal","st_length(shape)":147.85099057503558,"slopelessthan5":null,"slopebtwn5and833":null}},{"type":"Feature","id":7418,"geometry":{"type":"LineString","coordinates":[[-80.420405845414052,37.23074756559182],[-80.420339874711772,37.231314367171237]]},"properties":{"objectid":7418,"type":"Normal","st_length(shape)":207.26110598457922,"slopelessthan5":null,"slopebtwn5and833":null}},{"type":"Feature","id":7419,"geometry":{"type":"LineString","coordinates":[[-80.420074619359838,37.231417639831577],[-80.420020711122419,37.23140082812629],[-80.419489842596136,37.231371610383562]]},"properties":{"objectid":7419,"type":"Normal","st_length(shape)":171.76317336101383,"slopelessthan5":null,"slopebtwn5and833":null}},{"type":"Feature","id":7442,"geometry":{"type":"LineString","coordinates":[[-80.420167599832794,37.228116490419119],[-80.420144421542489,37.228193170788465],[-80.420130982825555,37.228274466807598],[-80.420125654035346,37.228331992149734],[-80.420125529040746,37.22838976364244],[-80.420130608858173,37.228447311504681],[-80.420133110697194,37.228498779905344],[-80.420130546515978,37.228509141224379],[-80.420126295673342,37.22851893215357],[-80.420120476449526,37.228527880259044],[-80.420113250765169,37.228535736558626],[-80.420104819675885,37.228542282449766],[-80.420095417777787,37.2285473357922],[-80.420085306679923,37.228550755976038],[-80.420074767724884,37.228552447834211],[-80.420064094160438,37.22855236429055],[-80.419968414841819,37.228561659857768],[-80.419894426129602,37.228572163581646],[-80.419861977175032,37.228588637700597],[-80.419786582354789,37.228633640013847]]},"properties":{"objectid":7442,"type":"Normal","st_length(shape)":259.82300993013507,"slopelessthan5":null,"slopebtwn5and833":null}},{"type":"Feature","id":7501,"geometry":{"type":"LineString","coordinates":[[-80.418397957008807,37.226027619314756],[-80.41834334649738,37.225972720277902],[-80.418248426395664,37.225918945864784]]},"properties":{"objectid":7501,"type":"Normal","st_length(shape)":59.409713303485397,"slopelessthan5":null,"slopebtwn5and833":null}},{"type":"Feature","id":7504,"geometry":{"type":"LineString","coordinates":[[-80.419560944148898,37.22604412367965],[-80.419499408063388,37.226045470465351]]},"properties":{"objectid":7504,"type":"Normal","st_length(shape)":17.922979121449366,"slopelessthan5":null,"slopebtwn5and833":null}},{"type":"Feature","id":7503,"geometry":{"type":"LineString","coordinates":[[-80.419491664736952,37.226096738668303],[-80.41954315580621,37.226106674342496],[-80.419608899994699,37.226159021408904],[-80.419634427508029,37.226142630158037]]},"properties":{"objectid":7503,"type":"Normal","st_length(shape)":51.965822324020778,"slopelessthan5":null,"slopebtwn5and833":null}},{"type":"Feature","id":7601,"geometry":{"type":"LineString","coordinates":[[-80.419403413480865,37.219420548369712],[-80.419165361962982,37.219483730025217]]},"properties":{"objectid":7601,"type":"Normal","st_length(shape)":73.032473790995269,"slopelessthan5":null,"slopebtwn5and833":null}},{"type":"Feature","id":7483,"geometry":{"type":"LineString","coordinates":[[-80.42005265740832,37.2266778645334],[-80.420085457658089,37.226644352222095]]},"properties":{"objectid":7483,"type":"Normal","st_length(shape)":15.494432973171554,"slopelessthan5":null,"slopebtwn5and833":null}},{"type":"Feature","id":7486,"geometry":{"type":"LineString","coordinates":[[-80.419356045659526,37.228011446445883],[-80.419331918753755,37.228028026648801],[-80.419250241529028,37.228094433446117],[-80.419241715677984,37.228101378539669]]},"properties":{"objectid":7486,"type":"Normal","st_length(shape)":46.71803640187234,"slopelessthan5":null,"slopebtwn5and833":null}},{"type":"Feature","id":6266,"geometry":{"type":"LineString","coordinates":[[-80.419276379591338,37.221665612686756],[-80.419484267863737,37.221660366441327]]},"properties":{"objectid":6266,"type":"Normal","st_length(shape)":60.560445475295133,"slopelessthan5":null,"slopebtwn5and833":null}},{"type":"Feature","id":6740,"geometry":{"type":"LineString","coordinates":[[-80.419625889282457,37.220844499881323],[-80.419632744089583,37.220808705758472],[-80.41969790260616,37.220468434270309],[-80.419725230557432,37.220261324116791],[-80.419722793557781,37.220120740387905],[-80.419719065302715,37.220018366764464],[-80.419697093158007,37.219861479329332],[-80.41966449610149,37.219685279888765],[-80.419605055606098,37.219471990356233]]},"properties":{"objectid":6740,"type":"Normal","st_length(shape)":504.71881119392492,"slopelessthan5":null,"slopebtwn5and833":null}},{"type":"Feature","id":5888,"geometry":{"type":"LineString","coordinates":[[-80.419484267863737,37.221660366441327],[-80.419460538954951,37.221561105622669],[-80.419443319863717,37.221460511019785],[-80.419432683588795,37.22135900909425],[-80.419428675221681,37.221257030154142],[-80.419431311755488,37.221155006529806],[-80.419440582012882,37.221053370741032],[-80.419465744164128,37.220983453816842],[-80.419493824845716,37.220854266215383],[-80.419477706655329,37.220836991204571]]},"properties":{"objectid":5888,"type":"Normal","st_length(shape)":304.33451752263426,"slopelessthan5":null,"slopebtwn5and833":null}},{"type":"Feature","id":7599,"geometry":{"type":"LineString","coordinates":[[-80.419493824845716,37.220854266215383],[-80.419625889282457,37.220844499881323]]},"properties":{"objectid":7599,"type":"Normal","st_length(shape)":38.617349485613069,"slopelessthan5":null,"slopebtwn5and833":null}},{"type":"Feature","id":5958,"geometry":{"type":"LineString","coordinates":[[-80.419324641637729,37.219966483736975],[-80.419169414118286,37.219969143056659]]},"properties":{"objectid":5958,"type":"Normal","st_length(shape)":45.208597785511998,"slopelessthan5":null,"slopebtwn5and833":null}},{"type":"Feature","id":6022,"geometry":{"type":"LineString","coordinates":[[-80.419144087019532,37.220245389381525],[-80.419165510725833,37.220269527949647],[-80.419323639859854,37.220282740796719],[-80.419324216515804,37.220100820357857],[-80.419324577518353,37.219986788850825],[-80.41932504498962,37.219839047679685],[-80.419278560448689,37.219678741856747],[-80.419220052536133,37.219576557793935],[-80.419165361962982,37.219483730025217],[-80.419064573355016,37.219319397825579],[-80.418980745005669,37.219188842013523]]},"properties":{"objectid":6022,"type":"Normal","st_length(shape)":476.89140906429532,"slopelessthan5":null,"slopebtwn5and833":null}},{"type":"Feature","id":7603,"geometry":{"type":"LineString","coordinates":[[-80.419549980222087,37.220516513410651],[-80.419289425287275,37.220459063287613],[-80.419044154396346,37.22040770190425]]},"properties":{"objectid":7603,"type":"Normal","st_length(shape)":152.52092067361502,"slopelessthan5":null,"slopebtwn5and833":null}},{"type":"Feature","id":5940,"geometry":{"type":"LineString","coordinates":[[-80.419276860457501,37.217430017537637],[-80.419294113011148,37.217444777573185],[-80.419348208963328,37.217578229417818],[-80.419375030638363,37.217642146561388],[-80.419389185460204,37.217675353023921],[-80.419411808079104,37.217734167302382],[-80.419429100413907,37.217794763320356],[-80.41944092491282,37.217856659067081],[-80.419447187517903,37.217919362193122],[-80.419447838413291,37.217982373926723],[-80.419442872421456,37.218045193041348],[-80.419432329044355,37.218107319842623],[-80.419426230315707,37.218137563295798],[-80.419399159167298,37.218256911451782],[-80.41936606501244,37.218424334575957],[-80.419352857888441,37.218540322596418]]},"properties":{"objectid":5940,"type":"Normal","st_length(shape)":414.59691904093614,"slopelessthan5":null,"slopebtwn5and833":null}},{"type":"Feature","id":7619,"geometry":{"type":"LineString","coordinates":[[-80.419350567818924,37.21853610939295],[-80.419352108261577,37.218546741998743],[-80.419350524732494,37.218676870471057]]},"properties":{"objectid":7619,"type":"Normal","st_length(shape)":51.278388457911262,"slopelessthan5":null,"slopebtwn5and833":null}},{"type":"Feature","id":8252,"geometry":{"type":"LineString","coordinates":[[-80.419573485607273,37.232264962021873],[-80.419716002596218,37.232347437825034],[-80.41979606306289,37.23238786692405],[-80.419843439866085,37.232403789047737],[-80.419863510412796,37.232409909514104],[-80.419884306552277,37.23241270371097],[-80.4199052808262,37.232412098081099],[-80.419925881086783,37.232408108567704],[-80.419945565032222,37.232400840194714],[-80.420176862430466,37.232240957458309],[-80.420136825250069,37.232200600442653],[-80.420286490549415,37.232101098941875],[-80.420289959567597,37.232023775744473],[-80.420278148901218,37.231963120627157],[-80.420249471130802,37.231904188239838],[-80.420178966600801,37.231836891864496]]},"properties":{"objectid":8252,"type":"Normal","st_length(shape)":394.69666364956117,"slopelessthan5":null,"slopebtwn5and833":null}},{"type":"Feature","id":8254,"geometry":{"type":"LineString","coordinates":[[-80.420386024974178,37.231977785289274],[-80.420289138113546,37.232042082395012]]},"properties":{"objectid":8254,"type":"Normal","st_length(shape)":36.655720188496787,"slopelessthan5":null,"slopebtwn5and833":null}},{"type":"Feature","id":8678,"geometry":{"type":"LineString","coordinates":[[-80.42023480478818,37.231596653073581],[-80.420262995954459,37.231577720047724]]},"properties":{"objectid":8678,"type":"Normal","st_length(shape)":10.718135772470704,"slopelessthan5":null,"slopebtwn5and833":null}},{"type":"Feature","id":8686,"geometry":{"type":"LineString","coordinates":[[-80.419038802830542,37.229502553685357],[-80.418674653165169,37.22909621393331]]},"properties":{"objectid":8686,"type":"Normal","st_length(shape)":182.01044938021155,"slopelessthan5":null,"slopebtwn5and833":null}},{"type":"Feature","id":8689,"geometry":{"type":"LineString","coordinates":[[-80.418535169921896,37.22894399163745],[-80.418444565844695,37.228989134815663],[-80.418409003775466,37.228993788357101]]},"properties":{"objectid":8689,"type":"Normal","st_length(shape)":41.571375569808588,"slopelessthan5":null,"slopebtwn5and833":null}},{"type":"Feature","id":8691,"geometry":{"type":"LineString","coordinates":[[-80.41864631348021,37.229118816318412],[-80.418664027980583,37.229143800292576],[-80.418650642525165,37.229176713606371],[-80.418628082081,37.229198403689111]]},"properties":{"objectid":8691,"type":"Normal","st_length(shape)":33.32980954629614,"slopelessthan5":null,"slopebtwn5and833":null}},{"type":"Feature","id":6990,"geometry":{"type":"LineString","coordinates":[[-80.418636076137403,37.232227369300404],[-80.418637545149224,37.232210088615673],[-80.418718209519568,37.232154101395437],[-80.418759135736309,37.232122296959631]]},"properties":{"objectid":6990,"type":"Normal","st_length(shape)":54.017976678868656,"slopelessthan5":null,"slopebtwn5and833":null}},{"type":"Feature","id":5846,"geometry":{"type":"LineString","coordinates":[[-80.421134622275687,37.23120661751657],[-80.421255858595828,37.231210646036821],[-80.421615837364243,37.231229263670627]]},"properties":{"objectid":5846,"type":"Normal","st_length(shape)":140.34593197902521,"slopelessthan5":null,"slopebtwn5and833":null}},{"type":"Feature","id":5825,"geometry":{"type":"LineString","coordinates":[[-80.421127071126577,37.231069950338799],[-80.42102172197113,37.230967373090486],[-80.421020203804744,37.230934828217535],[-80.421098085182308,37.23075315234027]]},"properties":{"objectid":5825,"type":"Normal","st_length(shape)":130.11033131776793,"slopelessthan5":null,"slopebtwn5and833":null}},{"type":"Feature","id":5854,"geometry":{"type":"LineString","coordinates":[[-80.421103353255006,37.22994829952016],[-80.421103395836354,37.229947669733221],[-80.421105240339188,37.229929090455244],[-80.42111370488675,37.229897416884782],[-80.421144913603726,37.229848678735642],[-80.421469213096231,37.229439300293137],[-80.421562064422275,37.22938520722947],[-80.421667028358911,37.229336891497596],[-80.421819073377762,37.229257933508904],[-80.421926662110423,37.22919523362286],[-80.421986946472188,37.22915985739904]]},"properties":{"objectid":5854,"type":"Normal","st_length(shape)":397.20223625546015,"slopelessthan5":null,"slopebtwn5and833":null}},{"type":"Feature","id":5856,"geometry":{"type":"LineString","coordinates":[[-80.42133787178399,37.223037304906626],[-80.421543334909657,37.22299774312232]]},"properties":{"objectid":5856,"type":"Normal","st_length(shape)":61.532809498874379,"slopelessthan5":null,"slopebtwn5and833":null}},{"type":"Feature","id":7549,"geometry":{"type":"LineString","coordinates":[[-80.4209952930143,37.222519498540976],[-80.420887435271368,37.222543868843161],[-80.420825258543786,37.222649208548589],[-80.420664328395659,37.222682298781372]]},"properties":{"objectid":7549,"type":"Normal","st_length(shape)":123.42639629104383,"slopelessthan5":null,"slopebtwn5and833":null}},{"type":"Feature","id":5909,"geometry":{"type":"LineString","coordinates":[[-80.421722926244442,37.221677027293104],[-80.421680119597241,37.221706591394849],[-80.421609955862138,37.221778133738049],[-80.421488696450041,37.221859558527044],[-80.421419517050978,37.221888626243754],[-80.421361257270632,37.221932701862521],[-80.421278874225266,37.221987920611092]]},"properties":{"objectid":5909,"type":"Normal","st_length(shape)":173.07873085066655,"slopelessthan5":null,"slopebtwn5and833":null}},{"type":"Feature","id":5918,"geometry":{"type":"LineString","coordinates":[[-80.421283138827178,37.222360746583092],[-80.421052767551203,37.222139468744999]]},"properties":{"objectid":5918,"type":"Normal","st_length(shape)":104.83356305932699,"slopelessthan5":null,"slopebtwn5and833":null}},{"type":"Feature","id":7551,"geometry":{"type":"LineString","coordinates":[[-80.420817530348742,37.222650797995264],[-80.420827325223016,37.222671828628172],[-80.420837069737118,37.222679277888595],[-80.420845519579089,37.222688168738181],[-80.420852463885979,37.222698279308766],[-80.42085772936494,37.222709357294463],[-80.420861184617706,37.222721126247862],[-80.420862743419619,37.222733292478686],[-80.420862366871305,37.222745552382726],[-80.420860064369364,37.222757600018205],[-80.420855893372007,37.222769134740432],[-80.420850995797821,37.222781733243501],[-80.420960464333945,37.222952839156953],[-80.421008633988961,37.22302914451587]]},"properties":{"objectid":7551,"type":"Normal","st_length(shape)":152.64533186333699,"slopelessthan5":null,"slopebtwn5and833":null}},{"type":"Feature","id":7552,"geometry":{"type":"LineString","coordinates":[[-80.420827325223016,37.222671828628172],[-80.420822071532214,37.222685958226783],[-80.420819170336884,37.222700751126759],[-80.420818697907976,37.22271581843026],[-80.420820666665421,37.222730764025535],[-80.420825024851581,37.222745195000471],[-80.420831657891938,37.222758731972043],[-80.420840391407253,37.222771019060161],[-80.420850995797821,37.222781733243501]]},"properties":{"objectid":7552,"type":"Normal","st_length(shape)":42.556796983469631,"slopelessthan5":null,"slopebtwn5and833":null}},{"type":"Feature","id":5900,"geometry":{"type":"LineString","coordinates":[[-80.421593665793949,37.221540788612991],[-80.421571434828323,37.221107474441176],[-80.421560789623456,37.220892065626572],[-80.421567082262555,37.220880089693033],[-80.421581865320917,37.220804964209663]]},"properties":{"objectid":5900,"type":"Normal","st_length(shape)":268.80912372241335,"slopelessthan5":null,"slopebtwn5and833":null}},{"type":"Feature","id":5923,"geometry":{"type":"LineString","coordinates":[[-80.421683208104142,37.223425955030208],[-80.421394948455912,37.223693524546263],[-80.421329014867354,37.223731865800552]]},"properties":{"objectid":5923,"type":"Normal","st_length(shape)":152.32454391961551,"slopelessthan5":null,"slopebtwn5and833":null}},{"type":"Feature","id":5954,"geometry":{"type":"LineString","coordinates":[[-80.421891966933472,37.224066584924451],[-80.421569959421689,37.223947490325777],[-80.421534112692498,37.223916600239306]]},"properties":{"objectid":5954,"type":"Normal","st_length(shape)":118.64059962113141,"slopelessthan5":null,"slopebtwn5and833":null}},{"type":"Feature","id":5979,"geometry":{"type":"LineString","coordinates":[[-80.421283138827178,37.222360746583092],[-80.420827924111819,37.222455270663481],[-80.420729766598001,37.222475603847791],[-80.420482132055781,37.22259569583202],[-80.420442191446057,37.222562129437193]]},"properties":{"objectid":5979,"type":"Normal","st_length(shape)":267.65542881110554,"slopelessthan5":null,"slopebtwn5and833":null}},{"type":"Feature","id":5988,"geometry":{"type":"LineString","coordinates":[[-80.421130290713336,37.226789057903574],[-80.421200883218589,37.226846057825988]]},"properties":{"objectid":5988,"type":"Normal","st_length(shape)":29.208228151294012,"slopelessthan5":null,"slopebtwn5and833":null}},{"type":"Feature","id":5967,"geometry":{"type":"LineString","coordinates":[[-80.421783463776237,37.230407772608658],[-80.421750626957291,37.230275737787281],[-80.421745638292791,37.23023833473021],[-80.421778481903132,37.230170061570917]]},"properties":{"objectid":5967,"type":"Normal","st_length(shape)":89.343462314304574,"slopelessthan5":null,"slopebtwn5and833":null}},{"type":"Feature","id":6003,"geometry":{"type":"LineString","coordinates":[[-80.42094106196619,37.223760746409134],[-80.420897393045237,37.223634871203139]]},"properties":{"objectid":6003,"type":"Normal","st_length(shape)":47.561425785832569,"slopelessthan5":null,"slopebtwn5and833":null}},{"type":"Feature","id":6049,"geometry":{"type":"LineString","coordinates":[[-80.42151879322725,37.230223282657541],[-80.421554598683059,37.230289047604963]]},"properties":{"objectid":6049,"type":"Normal","st_length(shape)":26.115324492697209,"slopelessthan5":null,"slopebtwn5and833":null}},{"type":"Feature","id":6052,"geometry":{"type":"LineString","coordinates":[[-80.42143985473021,37.226672412695962],[-80.421279563659112,37.226541113041769],[-80.421216476116413,37.226489493338363],[-80.42111675210667,37.226529032411555]]},"properties":{"objectid":6052,"type":"Normal","st_length(shape)":125.49496881556365,"slopelessthan5":null,"slopebtwn5and833":null}},{"type":"Feature","id":6074,"geometry":{"type":"LineString","coordinates":[[-80.421368053838137,37.222442309297506],[-80.421383497624703,37.222491858218113],[-80.42144880400275,37.222701389497807],[-80.421456448654652,37.222725916907443],[-80.421496127469467,37.222853221424081],[-80.421543334909657,37.22299774312232],[-80.421637961858025,37.223287436439854],[-80.421667846106146,37.223378925701461],[-80.421683208104142,37.223425955030208],[-80.421723191247906,37.22354836145886],[-80.421740109314584,37.223600153955225],[-80.421784059065104,37.223734702740941]]},"properties":{"objectid":6074,"type":"Normal","st_length(shape)":485.89878886403443,"slopelessthan5":null,"slopebtwn5and833":null}},{"type":"Feature","id":6095,"geometry":{"type":"LineString","coordinates":[[-80.42151879322725,37.230223282657541],[-80.421706630827174,37.230094670182048]]},"properties":{"objectid":6095,"type":"Normal","st_length(shape)":71.995418172719639,"slopelessthan5":null,"slopebtwn5and833":null}},{"type":"Feature","id":6099,"geometry":{"type":"LineString","coordinates":[[-80.420567026664983,37.219009353818727],[-80.420671558659095,37.219007190447158],[-80.420737074178433,37.21886053029904],[-80.420749049723696,37.218826393133021],[-80.420760925162824,37.218766353849198],[-80.420814433671637,37.218762356496875],[-80.420922061249257,37.218997754703231],[-80.42095889246626,37.218996708225042],[-80.420955254109572,37.218897621013546],[-80.420970363055773,37.218885425008239]]},"properties":{"objectid":6099,"type":"Normal","st_length(shape)":282.17157230757772,"slopelessthan5":null,"slopebtwn5and833":null}},{"type":"Feature","id":6101,"geometry":{"type":"LineString","coordinates":[[-80.420955254109572,37.218897621013546],[-80.420943030380727,37.218748752422371]]},"properties":{"objectid":6101,"type":"Normal","st_length(shape)":54.318881297386149,"slopelessthan5":null,"slopebtwn5and833":null}},{"type":"Feature","id":6133,"geometry":{"type":"LineString","coordinates":[[-80.421098085182308,37.23075315234027],[-80.421111363093416,37.23074447412823],[-80.421142769435605,37.23071296255759]]},"properties":{"objectid":6133,"type":"Normal","st_length(shape)":19.663590441973842,"slopelessthan5":null,"slopebtwn5and833":null}},{"type":"Feature","id":6147,"geometry":{"type":"LineString","coordinates":[[-80.421249183352359,37.224023877196409],[-80.421232385478234,37.224016959287745],[-80.42094106196619,37.223760746409134],[-80.420883129740048,37.224119008533798],[-80.42073508702353,37.223696443649096],[-80.420717724126348,37.223617044798388],[-80.420712834508848,37.223597896681724],[-80.420705336161674,37.223579611892397],[-80.420695374052912,37.223562543936453],[-80.420683140783396,37.223547022794484],[-80.420618080577654,37.2234746342248],[-80.420513322991724,37.223389060471177]]},"properties":{"objectid":6147,"type":"Normal","st_length(shape)":555.94098012269455,"slopelessthan5":null,"slopebtwn5and833":null}},{"type":"Feature","id":6134,"geometry":{"type":"LineString","coordinates":[[-80.421098085182308,37.23075315234027],[-80.421023464369483,37.230678540162202],[-80.421018752169303,37.230682941191013]]},"properties":{"objectid":6134,"type":"Normal","st_length(shape)":36.893638358617196,"slopelessthan5":null,"slopebtwn5and833":null}},{"type":"Feature","id":6192,"geometry":{"type":"LineString","coordinates":[[-80.421121433735053,37.221867745817242],[-80.421178936208221,37.22191710229675],[-80.421249548873874,37.221980783925972],[-80.421265600065936,37.221996817827346]]},"properties":{"objectid":6192,"type":"Normal","st_length(shape)":63.028306417671317,"slopelessthan5":null,"slopebtwn5and833":null}},{"type":"Feature","id":6124,"geometry":{"type":"LineString","coordinates":[[-80.421142769435605,37.23071296255759],[-80.421146489441242,37.230765363762927],[-80.421275992502615,37.230885349879273],[-80.42158823036921,37.231182978055465],[-80.421623223310391,37.23124164600501],[-80.421653002578751,37.231247343123741],[-80.421715847650262,37.231292193454699]]},"properties":{"objectid":6124,"type":"Normal","st_length(shape)":275.3623132926574,"slopelessthan5":null,"slopebtwn5and833":null}},{"type":"Feature","id":6176,"geometry":{"type":"LineString","coordinates":[[-80.421400638692162,37.221673902150286],[-80.421121433735053,37.221867745817242],[-80.420312731898278,37.2224306135343],[-80.42027257088192,37.222483759355434]]},"properties":{"objectid":6176,"type":"Normal","st_length(shape)":442.42543158163431,"slopelessthan5":null,"slopebtwn5and833":null}},{"type":"Feature","id":6191,"geometry":{"type":"LineString","coordinates":[[-80.421593665793949,37.221540788612991],[-80.42151149320523,37.221598186113241],[-80.421400638692162,37.221673902150286]]},"properties":{"objectid":6191,"type":"Normal","st_length(shape)":74.215298171976357,"slopelessthan5":null,"slopebtwn5and833":null}},{"type":"Feature","id":6261,"geometry":{"type":"LineString","coordinates":[[-80.421637961858025,37.223287436439854],[-80.421592412427145,37.223280167661976],[-80.42154824443729,37.223266872006349],[-80.421506251564807,37.223247788389138],[-80.421467188400243,37.223223259733246],[-80.421431756888808,37.223193726806144],[-80.42140059371674,37.22315972029952],[-80.421374258870415,37.223121851293001],[-80.421353225573611,37.223080800273394],[-80.42133787178399,37.223037304906626]]},"properties":{"objectid":6261,"type":"Normal","st_length(shape)":132.66308192917461,"slopelessthan5":null,"slopebtwn5and833":null}},{"type":"Feature","id":7557,"geometry":{"type":"LineString","coordinates":[[-80.420757072174496,37.223759196320017],[-80.420936130598989,37.223791239505161]]},"properties":{"objectid":7557,"type":"Normal","st_length(shape)":53.423992646285662,"slopelessthan5":null,"slopebtwn5and833":null}},{"type":"Feature","id":6294,"geometry":{"type":"LineString","coordinates":[[-80.421554598683059,37.230289047604963],[-80.4215470328012,37.230291198644984],[-80.421477538850226,37.230310958424994],[-80.421442634111472,37.230368989540914]]},"properties":{"objectid":6294,"type":"Normal","st_length(shape)":47.256437389605757,"slopelessthan5":null,"slopebtwn5and833":null}},{"type":"Feature","id":6356,"geometry":{"type":"LineString","coordinates":[[-80.421283301085424,37.222013333194241],[-80.421721790757132,37.222001096252612],[-80.421728433712346,37.222004869916802]]},"properties":{"objectid":6356,"type":"Normal","st_length(shape)":130.12362562237493,"slopelessthan5":null,"slopebtwn5and833":null}},{"type":"Feature","id":6433,"geometry":{"type":"LineString","coordinates":[[-80.420827924111819,37.222455270663481],[-80.420862950549378,37.222473761853458],[-80.421084368124767,37.222550282238188],[-80.421383497624703,37.222491858218113]]},"properties":{"objectid":6433,"type":"Normal","st_length(shape)":172.10754328143636,"slopelessthan5":null,"slopebtwn5and833":null}},{"type":"Feature","id":6435,"geometry":{"type":"LineString","coordinates":[[-80.42094106196619,37.223760746409134],[-80.421049366834367,37.224104209715314],[-80.420883129740048,37.224119008533798]]},"properties":{"objectid":6435,"type":"Normal","st_length(shape)":177.66782715890733,"slopelessthan5":null,"slopebtwn5and833":null}},{"type":"Feature","id":6437,"geometry":{"type":"LineString","coordinates":[[-80.421089725495321,37.22571439319816],[-80.421230164071588,37.225768635812251],[-80.42139949381864,37.225860311366688],[-80.421503318727119,37.225955914600114],[-80.421536752295225,37.225957278354812],[-80.42154304137847,37.225782620313076],[-80.421558156657909,37.225720373303659],[-80.421593346587414,37.225650168339122],[-80.421624332473627,37.225600992904369]]},"properties":{"objectid":6437,"type":"Normal","st_length(shape)":295.08744030000253,"slopelessthan5":null,"slopebtwn5and833":null}},{"type":"Feature","id":6496,"geometry":{"type":"LineString","coordinates":[[-80.421394948455912,37.223693524546263],[-80.421349975689836,37.223583977606424]]},"properties":{"objectid":6496,"type":"Normal","st_length(shape)":41.979810841441655,"slopelessthan5":null,"slopebtwn5and833":null}},{"type":"Feature","id":6478,"geometry":{"type":"LineString","coordinates":[[-80.422111873320276,37.231689972017293],[-80.422112958321392,37.231683182126943],[-80.422060985194832,37.231619780571435],[-80.421957079523452,37.231522136771666],[-80.421715847650262,37.231292193454699],[-80.421063852019671,37.231752669966191]]},"properties":{"objectid":6478,"type":"Normal","st_length(shape)":439.30590991082516,"slopelessthan5":null,"slopebtwn5and833":null}},{"type":"Feature","id":6472,"geometry":{"type":"LineString","coordinates":[[-80.421492911587919,37.225322056919381],[-80.421451817253057,37.225287518218494],[-80.421385526901986,37.225206386917137]]},"properties":{"objectid":6472,"type":"Normal","st_length(shape)":52.643736757401825,"slopelessthan5":null,"slopebtwn5and833":null}},{"type":"Feature","id":6507,"geometry":{"type":"LineString","coordinates":[[-80.421063852019671,37.231752669966191],[-80.421206421665858,37.231888552115365]]},"properties":{"objectid":6507,"type":"Normal","st_length(shape)":64.578822481361044,"slopelessthan5":null,"slopebtwn5and833":null}},{"type":"Feature","id":6512,"geometry":{"type":"LineString","coordinates":[[-80.421571434828323,37.221107474441176],[-80.421593503293437,37.221100852150656],[-80.421833419274506,37.220936102287212],[-80.421630040011948,37.220770022211482]]},"properties":{"objectid":6512,"type":"Normal","st_length(shape)":183.57541018878717,"slopelessthan5":null,"slopebtwn5and833":null}},{"type":"Feature","id":6605,"geometry":{"type":"LineString","coordinates":[[-80.42172840525086,37.224497624395511],[-80.421866019172256,37.224399831773098]]},"properties":{"objectid":6605,"type":"Normal","st_length(shape)":53.601772456483978,"slopelessthan5":null,"slopebtwn5and833":null}},{"type":"Feature","id":6618,"geometry":{"type":"LineString","coordinates":[[-80.421080830672793,37.230275420891211],[-80.421414959022258,37.230294376838572]]},"properties":{"objectid":6618,"type":"Normal","st_length(shape)":97.520747643012697,"slopelessthan5":null,"slopebtwn5and833":null}},{"type":"Feature","id":6631,"geometry":{"type":"LineString","coordinates":[[-80.421477924605995,37.23036325707627],[-80.421442634111472,37.230368989540914]]},"properties":{"objectid":6631,"type":"Normal","st_length(shape)":10.484115570621412,"slopelessthan5":null,"slopebtwn5and833":null}},{"type":"Feature","id":6610,"geometry":{"type":"LineString","coordinates":[[-80.421422361309894,37.226446924700909],[-80.421353116852316,37.226492597656133],[-80.421242396945871,37.226510703095762]]},"properties":{"objectid":6610,"type":"Normal","st_length(shape)":59.036908484034576,"slopelessthan5":null,"slopebtwn5and833":null}},{"type":"Feature","id":6591,"geometry":{"type":"LineString","coordinates":[[-80.421607165126133,37.226552175550118],[-80.421561294063167,37.22651358767618],[-80.421422361309894,37.226446924700909],[-80.421335076548758,37.226342714415196],[-80.421094669970557,37.226138182588542]]},"properties":{"objectid":6591,"type":"Normal","st_length(shape)":214.42425524080625,"slopelessthan5":null,"slopebtwn5and833":null}},{"type":"Feature","id":6634,"geometry":{"type":"LineString","coordinates":[[-80.42154072535287,37.230321218433602],[-80.421554598683059,37.230289047604963]]},"properties":{"objectid":6634,"type":"Normal","st_length(shape)":12.390037267806933,"slopelessthan5":null,"slopebtwn5and833":null}},{"type":"Feature","id":6636,"geometry":{"type":"LineString","coordinates":[[-80.421883758700943,37.229973799816634],[-80.421103353255006,37.22994829952016]]},"properties":{"objectid":6636,"type":"Normal","st_length(shape)":227.39337232271791,"slopelessthan5":null,"slopebtwn5and833":null}},{"type":"Feature","id":6637,"geometry":{"type":"LineString","coordinates":[[-80.421358748414804,37.230332863454606],[-80.421442634111472,37.230368989540914]]},"properties":{"objectid":6637,"type":"Normal","st_length(shape)":27.738827984032412,"slopelessthan5":null,"slopebtwn5and833":null}},{"type":"Feature","id":6633,"geometry":{"type":"LineString","coordinates":[[-80.420975444323645,37.229955575170919],[-80.421092376229083,37.229945606683451],[-80.421103353255006,37.22994829952016]]},"properties":{"objectid":6633,"type":"Normal","st_length(shape)":37.5787840500494,"slopelessthan5":null,"slopebtwn5and833":null}},{"type":"Feature","id":6696,"geometry":{"type":"LineString","coordinates":[[-80.420883072970639,37.232829524392898],[-80.421328863873853,37.232952894072994],[-80.421338262800361,37.23295610563337],[-80.421347029879286,37.232960773852184],[-80.421354941069367,37.232966779433866],[-80.421361794201431,37.232973968906769],[-80.421367414144825,37.232982158545092],[-80.421371657282833,37.232991139063984],[-80.421374415182754,37.233000680967763],[-80.421375617366905,37.233010540414654],[-80.421375233113679,37.233020465448114],[-80.421346074012504,37.233094148347249],[-80.421320094443885,37.233087458276138],[-80.421067670784993,37.233714172621951]]},"properties":{"objectid":6696,"type":"Normal","st_length(shape)":443.27237795249528,"slopelessthan5":null,"slopebtwn5and833":null}},{"type":"Feature","id":6692,"geometry":{"type":"LineString","coordinates":[[-80.420742643630618,37.225566546111899],[-80.420914816339504,37.225771258939787],[-80.421011488188171,37.225744596725953],[-80.421089725495321,37.22571439319816],[-80.421272707566743,37.225643753096989],[-80.421557625597629,37.225577320657308],[-80.421579406981436,37.225559625568977],[-80.421603713936292,37.225545599993119],[-80.421629933997863,37.22553559733332],[-80.421657406497147,37.225529869627401],[-80.421685439207366,37.225528561196825],[-80.421713325786016,37.225531705010233],[-80.421740363572752,37.225539221852699],[-80.422122985935459,37.225334789239994],[-80.422204620693122,37.225291625084445]]},"properties":{"objectid":6692,"type":"Normal","st_length(shape)":512.19555311668955,"slopelessthan5":null,"slopebtwn5and833":null}},{"type":"Feature","id":6686,"geometry":{"type":"LineString","coordinates":[[-80.420778051494523,37.225007894787261],[-80.420795075032515,37.225015701358906],[-80.420832341413515,37.225029433568452],[-80.420871376937043,37.225036753721149],[-80.420911086669477,37.225037456489119],[-80.420950356765857,37.225031522159945],[-80.420988085712878,37.225019117189625],[-80.421131090067846,37.225151638594411],[-80.421879357102625,37.22463250124995],[-80.42181165098674,37.224563355043223],[-80.421797147772864,37.224557106456658],[-80.42172840525086,37.224497624395511]]},"properties":{"objectid":6686,"type":"Normal","st_length(shape)":482.88391606577119,"slopelessthan5":null,"slopebtwn5and833":null}},{"type":"Feature","id":6721,"geometry":{"type":"LineString","coordinates":[[-80.421125562841524,37.225304631831513],[-80.421154854612013,37.225305713507922],[-80.421183982213662,37.225302433162838],[-80.421212299677023,37.225294863545209],[-80.42123917899923,37.225283172528172],[-80.421385526901986,37.225206386917137],[-80.422172877769853,37.224793274556312],[-80.422088232806502,37.224714886810382],[-80.421994873187657,37.224628428430144],[-80.422104364795146,37.224554722344948]]},"properties":{"objectid":6721,"type":"Normal","st_length(shape)":480.83622463859325,"slopelessthan5":null,"slopebtwn5and833":null}},{"type":"Feature","id":6807,"geometry":{"type":"LineString","coordinates":[[-80.421117740412072,37.230511144131242],[-80.421111203909717,37.230505071328018],[-80.421089709619608,37.230480379947814],[-80.421078750094551,37.23045969005063],[-80.421073397572187,37.230408200467402],[-80.421079499239298,37.230296533429623]]},"properties":{"objectid":6807,"type":"Normal","st_length(shape)":81.559509910926778,"slopelessthan5":null,"slopebtwn5and833":null}},{"type":"Feature","id":6808,"geometry":{"type":"LineString","coordinates":[[-80.421079499239298,37.230296533429623],[-80.421079966716945,37.230287975371496],[-80.421080830672793,37.230275420891211]]},"properties":{"objectid":6808,"type":"Normal","st_length(shape)":7.6968431438007876,"slopelessthan5":null,"slopebtwn5and833":null}},{"type":"Feature","id":6809,"geometry":{"type":"LineString","coordinates":[[-80.421117740412072,37.230511144131242],[-80.421172160324772,37.230480853283012],[-80.421206637508462,37.230437011764472],[-80.421358748414804,37.230332863454606]]},"properties":{"objectid":6809,"type":"Normal","st_length(shape)":96.461445574045143,"slopelessthan5":null,"slopebtwn5and833":null}},{"type":"Feature","id":6810,"geometry":{"type":"LineString","coordinates":[[-80.421358748414804,37.230332863454606],[-80.421414959022258,37.230294376838572],[-80.42151879322725,37.230223282657541]]},"properties":{"objectid":6810,"type":"Normal","st_length(shape)":61.342330865491107,"slopelessthan5":null,"slopebtwn5and833":null}},{"type":"Feature","id":6811,"geometry":{"type":"LineString","coordinates":[[-80.421883758700943,37.229973799816634],[-80.421855229652508,37.229992925315869],[-80.421706630827174,37.230094670182048]]},"properties":{"objectid":6811,"type":"Normal","st_length(shape)":67.794295118197539,"slopelessthan5":null,"slopebtwn5and833":null}},{"type":"Feature","id":6812,"geometry":{"type":"LineString","coordinates":[[-80.421080830672793,37.230275420891211],[-80.421103309546993,37.229948929325452],[-80.421103353255006,37.22994829952016]]},"properties":{"objectid":6812,"type":"Normal","st_length(shape)":119.28342066950746,"slopelessthan5":null,"slopebtwn5and833":null}},{"type":"Feature","id":6850,"geometry":{"type":"LineString","coordinates":[[-80.421343929470495,37.224062898059621],[-80.421249183352359,37.224023877196409]]},"properties":{"objectid":6850,"type":"Normal","st_length(shape)":31.029673301372341,"slopelessthan5":null,"slopebtwn5and833":null}},{"type":"Feature","id":6851,"geometry":{"type":"LineString","coordinates":[[-80.42133787178399,37.223037304906626],[-80.421330538791267,37.222993645788911],[-80.421329878922236,37.222949380046913],[-80.421335907293638,37.222905521751457],[-80.421348485803279,37.222863075639296],[-80.421367326293819,37.222823014095908],[-80.421391997153975,37.222786254879367],[-80.421421933206318,37.222753640095732],[-80.421456448654652,37.222725916907443]]},"properties":{"objectid":6851,"type":"Normal","st_length(shape)":123.73962837018145,"slopelessthan5":null,"slopebtwn5and833":null}},{"type":"Feature","id":6853,"geometry":{"type":"LineString","coordinates":[[-80.421368053838137,37.222442309297506],[-80.421283138827178,37.222360746583092]]},"properties":{"objectid":6853,"type":"Normal","st_length(shape)":38.641566563919319,"slopelessthan5":null,"slopebtwn5and833":null}},{"type":"Feature","id":6854,"geometry":{"type":"LineString","coordinates":[[-80.421278874225266,37.221987920611092],[-80.421283301085424,37.222013333194241],[-80.421345766877451,37.222370803886669],[-80.421368053838137,37.222442309297506]]},"properties":{"objectid":6854,"type":"Normal","st_length(shape)":167.59075670372002,"slopelessthan5":null,"slopebtwn5and833":null}},{"type":"Feature","id":6855,"geometry":{"type":"LineString","coordinates":[[-80.422015388246351,37.221508807841097],[-80.421961807674151,37.221545194444523],[-80.421866117219182,37.221578130708899],[-80.421782731696652,37.221635732912937]]},"properties":{"objectid":6855,"type":"Normal","st_length(shape)":82.883363301744822,"slopelessthan5":null,"slopebtwn5and833":null}},{"type":"Feature","id":6856,"geometry":{"type":"LineString","coordinates":[[-80.422091164713152,37.221439953396668],[-80.422066172544319,37.221474320684898],[-80.422015388246351,37.221508807841097]]},"properties":{"objectid":6856,"type":"Normal","st_length(shape)":33.873911136445891,"slopelessthan5":null,"slopebtwn5and833":null}},{"type":"Feature","id":6857,"geometry":{"type":"LineString","coordinates":[[-80.421995693313406,37.22148701830281],[-80.422015388246351,37.221508807841097]]},"properties":{"objectid":6857,"type":"Normal","st_length(shape)":9.7889935195164028,"slopelessthan5":null,"slopebtwn5and833":null}},{"type":"Feature","id":6858,"geometry":{"type":"LineString","coordinates":[[-80.422035984964992,37.223703136883898],[-80.42187263536681,37.223738522234356]]},"properties":{"objectid":6858,"type":"Normal","st_length(shape)":49.274912534958482,"slopelessthan5":null,"slopebtwn5and833":null}},{"type":"Feature","id":6859,"geometry":{"type":"LineString","coordinates":[[-80.421812055496616,37.223818032757023],[-80.421891966933472,37.224066584924451]]},"properties":{"objectid":6859,"type":"Normal","st_length(shape)":93.43952223062557,"slopelessthan5":null,"slopebtwn5and833":null}},{"type":"Feature","id":6852,"geometry":{"type":"LineString","coordinates":[[-80.421244420514185,37.22305455252036],[-80.42133787178399,37.223037304906626]]},"properties":{"objectid":6852,"type":"Normal","st_length(shape)":27.924737029344804,"slopelessthan5":null,"slopebtwn5and833":null}},{"type":"Feature","id":6863,"geometry":{"type":"LineString","coordinates":[[-80.420800974821404,37.227137086021692],[-80.420811379375664,37.227129080976397],[-80.421200883218589,37.226846057825988]]},"properties":{"objectid":6863,"type":"Normal","st_length(shape)":157.43202792929389,"slopelessthan5":null,"slopebtwn5and833":null}},{"type":"Feature","id":6864,"geometry":{"type":"LineString","coordinates":[[-80.421618866983295,37.226562019014771],[-80.421607165126133,37.226552175550118]]},"properties":{"objectid":6864,"type":"Normal","st_length(shape)":4.9449166780785303,"slopelessthan5":null,"slopebtwn5and833":null}},{"type":"Feature","id":6865,"geometry":{"type":"LineString","coordinates":[[-80.42143985473021,37.226672412695962],[-80.421590842261026,37.226562699658629],[-80.421607165126133,37.226552175550118]]},"properties":{"objectid":6865,"type":"Normal","st_length(shape)":65.502830916089806,"slopelessthan5":null,"slopebtwn5and833":null}},{"type":"Feature","id":6866,"geometry":{"type":"LineString","coordinates":[[-80.421200883218589,37.226846057825988],[-80.42143985473021,37.226672412695962]]},"properties":{"objectid":6866,"type":"Normal","st_length(shape)":94.010629413973845,"slopelessthan5":null,"slopebtwn5and833":null}},{"type":"Feature","id":6867,"geometry":{"type":"LineString","coordinates":[[-80.420618980739789,37.22727709795943],[-80.420800974821404,37.227137086021692]]},"properties":{"objectid":6867,"type":"Normal","st_length(shape)":73.5276745721861,"slopelessthan5":null,"slopebtwn5and833":null}},{"type":"Feature","id":6868,"geometry":{"type":"LineString","coordinates":[[-80.420672268937935,37.22704845465779],[-80.420800974821404,37.227137086021692]]},"properties":{"objectid":6868,"type":"Normal","st_length(shape)":49.452356874188276,"slopelessthan5":null,"slopebtwn5and833":null}},{"type":"Feature","id":6887,"geometry":{"type":"LineString","coordinates":[[-80.422321331551643,37.230706488667288],[-80.421901981180824,37.230997150912955],[-80.421790603782512,37.231068706195984],[-80.421782441339673,37.231075190211513],[-80.421773291613405,37.231080185252999],[-80.421763423347585,37.23108354460711],[-80.421753126390911,37.231085169603581],[-80.421742703183483,37.231085012513347],[-80.421732459873624,37.231083077950423],[-80.421722697325762,37.231079422736407],[-80.421713702283441,37.231074154231486],[-80.421705738947225,37.231067427181124],[-80.421678230525686,37.231042101068233],[-80.421190430612967,37.23057868197359],[-80.421117740412072,37.230511144131242]]},"properties":{"objectid":6887,"type":"Normal","st_length(shape)":497.09334762340171,"slopelessthan5":null,"slopebtwn5and833":null}},{"type":"Feature","id":6913,"geometry":{"type":"LineString","coordinates":[[-80.42027257088192,37.222483759355434],[-80.420351805681833,37.222493550614907],[-80.42043172715735,37.222551550110403],[-80.420442191446057,37.222562129437193]]},"properties":{"objectid":6913,"type":"Normal","st_length(shape)":59.679009581682756,"slopelessthan5":null,"slopebtwn5and833":null}},{"type":"Feature","id":6948,"geometry":{"type":"LineString","coordinates":[[-80.420442191446057,37.222562129437193],[-80.420917351370534,37.222230232587151],[-80.421052767551203,37.222139468744999]]},"properties":{"objectid":6948,"type":"Normal","st_length(shape)":235.1396347097442,"slopelessthan5":null,"slopebtwn5and833":null}},{"type":"Feature","id":6974,"geometry":{"type":"LineString","coordinates":[[-80.421116899069503,37.230511612069094],[-80.421117740412072,37.230511144131242]]},"properties":{"objectid":6974,"type":"Normal","st_length(shape)":0.29836920013663226,"slopelessthan5":null,"slopebtwn5and833":null}},{"type":"Feature","id":6976,"geometry":{"type":"LineString","coordinates":[[-80.420549091434097,37.233249408579098],[-80.420759815499977,37.233232625856836]]},"properties":{"objectid":6976,"type":"Normal","st_length(shape)":61.65016624126163,"slopelessthan5":null,"slopebtwn5and833":null}},{"type":"Feature","id":6986,"geometry":{"type":"LineString","coordinates":[[-80.421067670784993,37.233714172621951],[-80.421067381402224,37.233730613980704],[-80.421004202642621,37.233849681869764],[-80.420991805660393,37.233921866155441],[-80.420949279194403,37.234004927069485],[-80.420902063235559,37.234038642568905],[-80.420862675224896,37.234054226702433],[-80.420744033204841,37.234103372488185]]},"properties":{"objectid":6986,"type":"Normal","st_length(shape)":182.4073577964792,"slopelessthan5":null,"slopebtwn5and833":null}},{"type":"Feature","id":7000,"geometry":{"type":"LineString","coordinates":[[-80.421364501194418,37.232977828396521],[-80.421389325933049,37.232972232071134],[-80.42153561020298,37.233006193369981],[-80.421549529604007,37.233011762031474]]},"properties":{"objectid":7000,"type":"Normal","st_length(shape)":56.385646962018505,"slopelessthan5":null,"slopebtwn5and833":null}},{"type":"Feature","id":6689,"geometry":{"type":"LineString","coordinates":[[-80.421171214859868,37.233917939839344],[-80.421258071930581,37.233760680492246],[-80.421438174653971,37.233314205673835],[-80.421549529604007,37.233011762031474],[-80.421557757220739,37.233007648435596],[-80.42156652695779,37.233004872276382],[-80.421575622966301,37.233003501883232],[-80.421584821366864,37.233003570985531],[-80.421593895759941,37.233005077882467],[-80.422077563300093,37.233134143485479]]},"properties":{"objectid":6689,"type":"Normal","st_length(shape)":510.28074677621152,"slopelessthan5":null,"slopebtwn5and833":null}},{"type":"Feature","id":7401,"geometry":{"type":"LineString","coordinates":[[-80.421759666189629,37.2310844036462],[-80.421765613198218,37.231099459162941],[-80.421873977082029,37.231191968046318]]},"properties":{"objectid":7401,"type":"Normal","st_length(shape)":51.897839828971549,"slopelessthan5":null,"slopebtwn5and833":null}},{"type":"Feature","id":7407,"geometry":{"type":"LineString","coordinates":[[-80.421592988938244,37.230961120638597],[-80.421934454047701,37.230974642684842]]},"properties":{"objectid":7407,"type":"Normal","st_length(shape)":99.533135403926011,"slopelessthan5":null,"slopebtwn5and833":null}},{"type":"Feature","id":6817,"geometry":{"type":"MultiLineString","coordinates":[[[-80.420920262883712,37.229943355000842],[-80.420917698688072,37.230011958054774],[-80.420902945858828,37.230221097870654],[-80.420902881273321,37.230222014622832],[-80.420959244766308,37.230276064735712],[-80.421069541727434,37.23029665492119]],[[-80.421079499239298,37.230296533429623],[-80.421072008937372,37.230296163228083]]]},"properties":{"objectid":6817,"type":"Normal","st_length(shape)":162.37379724865394,"slopelessthan5":null,"slopebtwn5and833":null}},{"type":"Feature","id":7413,"geometry":{"type":"LineString","coordinates":[[-80.420783644523794,37.230247774804823],[-80.420782238964378,37.230283959760314],[-80.420768313799286,37.230350779269124],[-80.420805631512991,37.230400608617387]]},"properties":{"objectid":7413,"type":"Normal","st_length(shape)":58.992037187878722,"slopelessthan5":null,"slopebtwn5and833":null}},{"type":"Feature","id":7414,"geometry":{"type":"LineString","coordinates":[[-80.420716238073993,37.230410737097365],[-80.420752552093873,37.230444689609989]]},"properties":{"objectid":7414,"type":"Normal","st_length(shape)":16.266199385609458,"slopelessthan5":null,"slopebtwn5and833":null}},{"type":"Feature","id":7417,"geometry":{"type":"LineString","coordinates":[[-80.420654336673522,37.231084635869223],[-80.420680921492632,37.231069827897379]]},"properties":{"objectid":7417,"type":"Normal","st_length(shape)":9.4324323503641025,"slopelessthan5":null,"slopebtwn5and833":null}},{"type":"Feature","id":7402,"geometry":{"type":"LineString","coordinates":[[-80.421743987151885,37.231085146488041],[-80.421738442504463,37.23110541552753],[-80.421653977831113,37.23116726828205],[-80.421599356994136,37.231201632799312]]},"properties":{"objectid":7402,"type":"Normal","st_length(shape)":61.13266951418062,"slopelessthan5":null,"slopebtwn5and833":null}},{"type":"Feature","id":7410,"geometry":{"type":"LineString","coordinates":[[-80.420774065252033,37.231437300228222],[-80.420872719289861,37.23148770335527],[-80.420924287799238,37.231496986498364],[-80.421008915010376,37.231545773745005],[-80.421051919661878,37.231549710099628],[-80.421144606725562,37.2316032537327],[-80.421200919048729,37.231655866129174]]},"properties":{"objectid":7410,"type":"Normal","st_length(shape)":150.95009096827971,"slopelessthan5":null,"slopebtwn5and833":null}},{"type":"Feature","id":7446,"geometry":{"type":"LineString","coordinates":[[-80.42153737192676,37.229190037525946],[-80.42149746669385,37.227853928726816],[-80.421473250183723,37.226865790550818],[-80.421466567766927,37.226785039082081],[-80.421442216652366,37.226686473892102],[-80.42143985473021,37.226672412695962]]},"properties":{"objectid":7446,"type":"Normal","st_length(shape)":917.66453797517329,"slopelessthan5":null,"slopebtwn5and833":null}},{"type":"Feature","id":7447,"geometry":{"type":"LineString","coordinates":[[-80.420618980739789,37.22727709795943],[-80.420641586173559,37.227285435620487],[-80.42079715397135,37.227293297839161]]},"properties":{"objectid":7447,"type":"Normal","st_length(shape)":52.631133483256399,"slopelessthan5":null,"slopebtwn5and833":null}},{"type":"Feature","id":5886,"geometry":{"type":"LineString","coordinates":[[-80.42079715397135,37.227293297839161],[-80.42101893911186,37.227471967347654],[-80.422204017513437,37.228417888790958]]},"properties":{"objectid":5886,"type":"Normal","st_length(shape)":579.16125345382375,"slopelessthan5":null,"slopebtwn5and833":null}},{"type":"Feature","id":7448,"geometry":{"type":"LineString","coordinates":[[-80.420747394030968,37.227363475535007],[-80.420777839515651,37.227388018612039],[-80.420848915631524,37.22733499690905],[-80.42091095338489,37.227286890022683],[-80.420880365930643,37.227263456063028]]},"properties":{"objectid":7448,"type":"Normal","st_length(shape)":78.379914624297328,"slopelessthan5":null,"slopebtwn5and833":null}},{"type":"Feature","id":7477,"geometry":{"type":"LineString","coordinates":[[-80.421471216959574,37.226841220473638],[-80.421730673064985,37.226663336939566],[-80.421680097102339,37.2266252249755],[-80.421618866983295,37.226562019014771],[-80.421607165126133,37.226552175550118]]},"properties":{"objectid":7477,"type":"Normal","st_length(shape)":153.79193190878823,"slopelessthan5":null,"slopebtwn5and833":null}},{"type":"Feature","id":7509,"geometry":{"type":"LineString","coordinates":[[-80.422088232806502,37.224714886810382],[-80.422022097903238,37.224768315564319],[-80.421995621121155,37.224805947987626],[-80.421985788549122,37.224841400474091],[-80.422010953888304,37.224878234361832]]},"properties":{"objectid":7509,"type":"Normal","st_length(shape)":71.59668380664742,"slopelessthan5":null,"slopebtwn5and833":null}},{"type":"Feature","id":7536,"geometry":{"type":"LineString","coordinates":[[-80.421952738701123,37.222858009530427],[-80.421946442407958,37.222866590105816],[-80.421941659022465,37.22287609740853],[-80.421938521472882,37.222886267234699],[-80.42193711695036,37.222896816969197],[-80.42193748448598,37.22290745343944],[-80.421939613866073,37.222917881062472],[-80.421943445916099,37.222927810059105],[-80.421948874145031,37.222936964506793],[-80.421955747704686,37.222945090007343],[-80.42196387558181,37.222951960756582]]},"properties":{"objectid":7536,"type":"Normal","st_length(shape)":37.15069103742097,"slopelessthan5":null,"slopebtwn5and833":null}},{"type":"Feature","id":7546,"geometry":{"type":"LineString","coordinates":[[-80.421329014867354,37.223731865800552],[-80.421153111578889,37.223566777856227],[-80.421109373969486,37.223422980053975],[-80.42107620754156,37.223268041587453],[-80.421047013788595,37.223178588660829]]},"properties":{"objectid":7546,"type":"Normal","st_length(shape)":223.74368322690995,"slopelessthan5":null,"slopebtwn5and833":null}},{"type":"Feature","id":7566,"geometry":{"type":"LineString","coordinates":[[-80.420325697658427,37.222406131079012],[-80.420334559169561,37.222415421521518]]},"properties":{"objectid":7566,"type":"Normal","st_length(shape)":4.2543115376325229,"slopelessthan5":null,"slopebtwn5and833":null}},{"type":"Feature","id":8221,"geometry":{"type":"LineString","coordinates":[[-80.420509896235927,37.224475902911898],[-80.420518781942491,37.22452108377226],[-80.420523269349431,37.224575458063036],[-80.420510387697973,37.22464835238469]]},"properties":{"objectid":8221,"type":"Normal","st_length(shape)":63.296804864346221,"slopelessthan5":null,"slopebtwn5and833":null}},{"type":"Feature","id":8224,"geometry":{"type":"LineString","coordinates":[[-80.420509896235927,37.224475902911898],[-80.420527455755973,37.224478202983647],[-80.42054192247906,37.224478725576674]]},"properties":{"objectid":8224,"type":"Normal","st_length(shape)":9.3970826652417543,"slopelessthan5":null,"slopebtwn5and833":null}},{"type":"Feature","id":8225,"geometry":{"type":"LineString","coordinates":[[-80.421343929470495,37.224062898059621],[-80.421148341196641,37.224156939809021],[-80.421035235814642,37.224249463091333],[-80.420782763904839,37.224428891767104],[-80.420698629089586,37.224493212648873]]},"properties":{"objectid":8225,"type":"Normal","st_length(shape)":245.79097251872929,"slopelessthan5":null,"slopebtwn5and833":null}},{"type":"Feature","id":8245,"geometry":{"type":"LineString","coordinates":[[-80.421114555418782,37.230900048113241],[-80.421088257335455,37.230879795306258],[-80.421049676183827,37.230866078388651],[-80.420899412409526,37.230816064605506]]},"properties":{"objectid":8245,"type":"Normal","st_length(shape)":70.307510505770324,"slopelessthan5":null,"slopebtwn5and833":null}},{"type":"Feature","id":8246,"geometry":{"type":"LineString","coordinates":[[-80.420881742187518,37.230829004319851],[-80.420899412409526,37.230816064605506],[-80.420962440889099,37.230772804948266]]},"properties":{"objectid":8246,"type":"Normal","st_length(shape)":31.158157548935264,"slopelessthan5":null,"slopebtwn5and833":null}},{"type":"Feature","id":8247,"geometry":{"type":"LineString","coordinates":[[-80.420942612788323,37.230886166228288],[-80.42102172197113,37.230967373090486]]},"properties":{"objectid":8247,"type":"Normal","st_length(shape)":37.478549145171876,"slopelessthan5":null,"slopebtwn5and833":null}},{"type":"Feature","id":8248,"geometry":{"type":"LineString","coordinates":[[-80.420990503337407,37.231369584597054],[-80.420950306440915,37.231332207382046],[-80.420855732717484,37.231234098938835]]},"properties":{"objectid":8248,"type":"Normal","st_length(shape)":63.04900654015389,"slopelessthan5":null,"slopebtwn5and833":null}},{"type":"Feature","id":8249,"geometry":{"type":"LineString","coordinates":[[-80.421623223310391,37.23124164600501],[-80.421603967604796,37.231261508236543],[-80.421335987617482,37.231447717995913]]},"properties":{"objectid":8249,"type":"Normal","st_length(shape)":112.5097681064796,"slopelessthan5":null,"slopebtwn5and833":null}},{"type":"Feature","id":8251,"geometry":{"type":"LineString","coordinates":[[-80.421335987617482,37.231447717995913],[-80.421357502829011,37.231468435247081],[-80.421152140664219,37.231610292697965]]},"properties":{"objectid":8251,"type":"Normal","st_length(shape)":88.811974884846464,"slopelessthan5":null,"slopebtwn5and833":null}},{"type":"Feature","id":8260,"geometry":{"type":"LineString","coordinates":[[-80.421974454099271,37.230028369326192],[-80.421987520862672,37.23004048880285]]},"properties":{"objectid":8260,"type":"Normal","st_length(shape)":5.8260824574400472,"slopelessthan5":null,"slopebtwn5and833":null}},{"type":"Feature","id":8261,"geometry":{"type":"LineString","coordinates":[[-80.421870377986664,37.229982770006238],[-80.421907274948239,37.230020657586451],[-80.421806765298996,37.230088164975598],[-80.421821494102403,37.230101416458922],[-80.421926912894918,37.230031845410757],[-80.421944729492552,37.2300494115091],[-80.421974454099271,37.230028369326192]]},"properties":{"objectid":8261,"type":"Normal","st_length(shape)":121.74057411560895,"slopelessthan5":null,"slopebtwn5and833":null}},{"type":"Feature","id":8303,"geometry":{"type":"LineString","coordinates":[[-80.421224301369364,37.219790331964106],[-80.421209147830851,37.220225919429737],[-80.421225358309627,37.220761345968185]]},"properties":{"objectid":8303,"type":"Normal","st_length(shape)":353.65882151683672,"slopelessthan5":null,"slopebtwn5and833":null}},{"type":"Feature","id":8700,"geometry":{"type":"LineString","coordinates":[[-80.422023846368447,37.229569008684358],[-80.421958838535531,37.229756854019172],[-80.421883758700943,37.229973799816634]]},"properties":{"objectid":8700,"type":"Normal","st_length(shape)":152.92118858666757,"slopelessthan5":null,"slopebtwn5and833":null}},{"type":"Feature","id":9501,"geometry":{"type":"LineString","coordinates":[[-80.422023926673575,37.233119831105206],[-80.422017825705112,37.23313591825432],[-80.42165402828563,37.233039580649354],[-80.421649541413288,37.233054695159005],[-80.421889757406262,37.233117270262902],[-80.421882396882083,37.233134357602559],[-80.421601119140178,37.233057907827714],[-80.421586134426491,37.233064731094544],[-80.421583287810208,37.233071884929302]]},"properties":{"objectid":9501,"type":"Normal","st_length(shape)":297.71577281491341,"slopelessthan5":null,"slopebtwn5and833":null}},{"type":"Feature","id":6985,"geometry":{"type":"LineString","coordinates":[[-80.421171214859868,37.233917939839344],[-80.421151829695219,37.233987435789125],[-80.421108252464563,37.234103119479521],[-80.421056225837006,37.234136091359126],[-80.420969548066992,37.234168544637278],[-80.420862675224896,37.234054226702433]]},"properties":{"objectid":6985,"type":"Normal","st_length(shape)":169.06909600210594,"slopelessthan5":null,"slopebtwn5and833":null}},{"type":"Feature","id":9502,"geometry":{"type":"LineString","coordinates":[[-80.421152553178516,37.233503428355114],[-80.421196863700672,37.233515180956687]]},"properties":{"objectid":9502,"type":"Normal","st_length(shape)":13.590959002043739,"slopelessthan5":null,"slopebtwn5and833":null}},{"type":"Feature","id":9503,"geometry":{"type":"LineString","coordinates":[[-80.421289301885764,37.233539410803779],[-80.42134221728233,37.233552085914923]]},"properties":{"objectid":9503,"type":"Normal","st_length(shape)":16.081235843104054,"slopelessthan5":null,"slopebtwn5and833":null}},{"type":"Feature","id":5823,"geometry":{"type":"LineString","coordinates":[[-80.424362420850017,37.228269251957371],[-80.424246302848417,37.228172341002974],[-80.424214206087697,37.228145554487398]]},"properties":{"objectid":5823,"type":"Normal","st_length(shape)":62.373389920944454,"slopelessthan5":null,"slopebtwn5and833":null}},{"type":"Feature","id":5841,"geometry":{"type":"LineString","coordinates":[[-80.425470355510697,37.228122162697602],[-80.42546803768596,37.228103145604784],[-80.425561649962262,37.228037126460571]]},"properties":{"objectid":5841,"type":"Normal","st_length(shape)":43.296837641693742,"slopelessthan5":null,"slopebtwn5and833":null}},{"type":"Feature","id":5826,"geometry":{"type":"LineString","coordinates":[[-80.425163417989708,37.228356584863675],[-80.425118058127623,37.228309740564022]]},"properties":{"objectid":5826,"type":"Normal","st_length(shape)":21.570832900182285,"slopelessthan5":null,"slopebtwn5and833":null}},{"type":"Feature","id":5844,"geometry":{"type":"LineString","coordinates":[[-80.424424669839183,37.228909250227126],[-80.424376711730716,37.228861507969917],[-80.424396317227036,37.22885037748032],[-80.424441604427898,37.228888762906713],[-80.424472390750296,37.228864271585046]]},"properties":{"objectid":5844,"type":"Normal","st_length(shape)":61.153263393562433,"slopelessthan5":null,"slopebtwn5and833":null}},{"type":"Feature","id":5851,"geometry":{"type":"LineString","coordinates":[[-80.42413958815122,37.228701290600959],[-80.424405886548016,37.228923673217807],[-80.424424669839183,37.228909250227126]]},"properties":{"objectid":5851,"type":"Normal","st_length(shape)":119.68328870701457,"slopelessthan5":null,"slopebtwn5and833":null}},{"type":"Feature","id":5860,"geometry":{"type":"LineString","coordinates":[[-80.42549516428808,37.226880773937772],[-80.425742065909844,37.227087944471442]]},"properties":{"objectid":5860,"type":"Normal","st_length(shape)":104.19707380576673,"slopelessthan5":null,"slopebtwn5and833":null}},{"type":"Feature","id":5868,"geometry":{"type":"LineString","coordinates":[[-80.424308756339045,37.22746830699856],[-80.424361057936892,37.227459242134287],[-80.424414042464846,37.227456037653042],[-80.424467055323916,37.22745873314468],[-80.424519441565124,37.227467295307669],[-80.424570553981027,37.227481618360507],[-80.424827285507661,37.227690728696437],[-80.424975880660796,37.227816829229894]]},"properties":{"objectid":5868,"type":"Normal","st_length(shape)":247.63601927268425,"slopelessthan5":null,"slopebtwn5and833":null}},{"type":"Feature","id":5876,"geometry":{"type":"LineString","coordinates":[[-80.438140010371683,37.226364279389628],[-80.438197300206369,37.226237198524991]]},"properties":{"objectid":5876,"type":"Normal","st_length(shape)":49.184120877838268,"slopelessthan5":null,"slopebtwn5and833":null}},{"type":"Feature","id":5877,"geometry":{"type":"LineString","coordinates":[[-80.437461915303587,37.225825916365821],[-80.437608564068526,37.225775350862016]]},"properties":{"objectid":5877,"type":"Normal","st_length(shape)":46.497159106307187,"slopelessthan5":null,"slopebtwn5and833":null}},{"type":"Feature","id":5881,"geometry":{"type":"LineString","coordinates":[[-80.425988169845752,37.226957344131279],[-80.426051007592605,37.226861485925227],[-80.426145109471193,37.226746715145765],[-80.426148391931761,37.226728134827702]]},"properties":{"objectid":5881,"type":"Normal","st_length(shape)":96.206062282996982,"slopelessthan5":null,"slopebtwn5and833":null}},{"type":"Feature","id":5855,"geometry":{"type":"LineString","coordinates":[[-80.424525261398173,37.225823081657538],[-80.424569734733865,37.225880627123644],[-80.424601320896826,37.22589347722792],[-80.424691649624293,37.226008258044644],[-80.424673136497262,37.226016758873435],[-80.425062761300907,37.226504839483724],[-80.425105831865537,37.226549202050336],[-80.425113855791992,37.226559371938876]]},"properties":{"objectid":5855,"type":"Normal","st_length(shape)":326.19584768669637,"slopelessthan5":null,"slopebtwn5and833":null}},{"type":"Feature","id":5904,"geometry":{"type":"LineString","coordinates":[[-80.426510524875511,37.227843028868428],[-80.42647072190482,37.227878440020511],[-80.426238685069521,37.228050757429607],[-80.426147894305672,37.228118181242614]]},"properties":{"objectid":5904,"type":"Normal","st_length(shape)":145.60555593781399,"slopelessthan5":null,"slopebtwn5and833":null}},{"type":"Feature","id":7514,"geometry":{"type":"LineString","coordinates":[[-80.425098096224389,37.22558745482327],[-80.425111424150913,37.225593208448529],[-80.425185177870432,37.225743273130604],[-80.425203277237813,37.225770653598637]]},"properties":{"objectid":7514,"type":"Normal","st_length(shape)":74.391919052311877,"slopelessthan5":null,"slopebtwn5and833":null}},{"type":"Feature","id":5922,"geometry":{"type":"LineString","coordinates":[[-80.424478604173444,37.225726515630704],[-80.424477929570145,37.225733965727663],[-80.424476110710458,37.225741221813635],[-80.424473191375256,37.225748109230878],[-80.424469241834473,37.225754462195681],[-80.424464357155586,37.225760127788895],[-80.424420620166217,37.225800198938344],[-80.424349509977731,37.225847555385549],[-80.424274738331675,37.22588888930558],[-80.424196814104661,37.225923919390411],[-80.424116267628946,37.225952407234288],[-80.424033647083149,37.225974158956262],[-80.423949514761432,37.225989026519706],[-80.423864443246785,37.225996908739809],[-80.423779011514057,37.225997751972201]]},"properties":{"objectid":5922,"type":"Normal","st_length(shape)":237.81689931598049,"slopelessthan5":null,"slopebtwn5and833":null}},{"type":"Feature","id":5934,"geometry":{"type":"LineString","coordinates":[[-80.424360152895801,37.22564943050417],[-80.424432416180295,37.225628809925979]]},"properties":{"objectid":5934,"type":"Normal","st_length(shape)":22.339044333893188,"slopelessthan5":null,"slopebtwn5and833":null}},{"type":"Feature","id":5936,"geometry":{"type":"LineString","coordinates":[[-80.429086974716796,37.228980266913162],[-80.428879888829613,37.229074408315206],[-80.428722097360875,37.229139032676891]]},"properties":{"objectid":5936,"type":"Normal","st_length(shape)":120.96744740180344,"slopelessthan5":null,"slopebtwn5and833":null}},{"type":"Feature","id":5935,"geometry":{"type":"LineString","coordinates":[[-80.429015309800235,37.229277740959972],[-80.429038666837826,37.229308368789169],[-80.42906480229351,37.229349051881002],[-80.429383656006237,37.229221029296411],[-80.429348771668259,37.229170912240669],[-80.429312346285698,37.229110288876342],[-80.429185030829629,37.22894045905138],[-80.429086974716796,37.228980266913162]]},"properties":{"objectid":5935,"type":"Normal","st_length(shape)":283.07041649352317,"slopelessthan5":null,"slopebtwn5and833":null}},{"type":"Feature","id":5945,"geometry":{"type":"LineString","coordinates":[[-80.425988169845752,37.226957344131279],[-80.425954020358546,37.226911778214131],[-80.425925980576338,37.226878434930683],[-80.42587566833663,37.226800789292554],[-80.42584744503651,37.226760206282741],[-80.425820210301964,37.226699084945238],[-80.425792647145755,37.226647221521588],[-80.425753972467405,37.22655729617064]]},"properties":{"objectid":5945,"type":"Normal","st_length(shape)":161.4837828107199,"slopelessthan5":null,"slopebtwn5and833":null}},{"type":"Feature","id":5993,"geometry":{"type":"LineString","coordinates":[[-80.42549374771697,37.226448504339253],[-80.42550273602275,37.226434002999497],[-80.425440810617729,37.226297800157624],[-80.425203277237813,37.225770653598637]]},"properties":{"objectid":5993,"type":"Normal","st_length(shape)":262.66990888886068,"slopelessthan5":null,"slopebtwn5and833":null}},{"type":"Feature","id":6009,"geometry":{"type":"LineString","coordinates":[[-80.423912625223764,37.226093136220591],[-80.423960792498377,37.226122192570521],[-80.424051349356063,37.226183297912677],[-80.424137933919397,37.226252471321686],[-80.424228465700963,37.226351265841799],[-80.424294978284337,37.226431624987526],[-80.42436156021428,37.226514698528781],[-80.424428211475302,37.226600485564525],[-80.424484433020297,37.22668261396295],[-80.424531061046579,37.226775270701097],[-80.424553910195755,37.226888502031706],[-80.424571126289891,37.226953158688012],[-80.424638185208934,37.226990904248979]]},"properties":{"objectid":6009,"type":"Normal","st_length(shape)":400.23652416282704,"slopelessthan5":null,"slopebtwn5and833":null}},{"type":"Feature","id":6033,"geometry":{"type":"LineString","coordinates":[[-80.438483138779617,37.227827158188873],[-80.438480861120539,37.227803293530073],[-80.43845333607409,37.227767227304227],[-80.438426084896619,37.227741780014291],[-80.43840336042301,37.227730867302228],[-80.438451819804982,37.227602728139971],[-80.438402990117538,37.227587461907632],[-80.438476320134143,37.22740643702754],[-80.438585874090805,37.227434614586286]]},"properties":{"objectid":6033,"type":"Normal","st_length(shape)":210.80642021252103,"slopelessthan5":null,"slopebtwn5and833":null}},{"type":"Feature","id":6034,"geometry":{"type":"LineString","coordinates":[[-80.438463885076644,37.226458634133827],[-80.438140010371683,37.226364279389628]]},"properties":{"objectid":6034,"type":"Normal","st_length(shape)":100.3589003929024,"slopelessthan5":null,"slopebtwn5and833":null}},{"type":"Feature","id":6047,"geometry":{"type":"LineString","coordinates":[[-80.425870345423633,37.229154759572232],[-80.42556828858703,37.229384357835698],[-80.425547435697979,37.229386664589988]]},"properties":{"objectid":6047,"type":"Normal","st_length(shape)":127.46185180330286,"slopelessthan5":null,"slopebtwn5and833":null}},{"type":"Feature","id":6048,"geometry":{"type":"LineString","coordinates":[[-80.425870345423633,37.229154759572232],[-80.425858712316455,37.229142656782805],[-80.425547435697979,37.229386664589988]]},"properties":{"objectid":6048,"type":"Normal","st_length(shape)":132.46589824740906,"slopelessthan5":null,"slopebtwn5and833":null}},{"type":"Feature","id":6055,"geometry":{"type":"LineString","coordinates":[[-80.437280177706697,37.225511246961581],[-80.437461915303587,37.225825916365821]]},"properties":{"objectid":6055,"type":"Normal","st_length(shape)":126.19802054619463,"slopelessthan5":null,"slopebtwn5and833":null}},{"type":"Feature","id":6057,"geometry":{"type":"LineString","coordinates":[[-80.42414454851162,37.228259465525127],[-80.424246302848417,37.228172341002974]]},"properties":{"objectid":6057,"type":"Normal","st_length(shape)":43.40387250322901,"slopelessthan5":null,"slopebtwn5and833":null}},{"type":"Feature","id":6070,"geometry":{"type":"LineString","coordinates":[[-80.424832074315987,37.227922885679313],[-80.42467435112188,37.227793308846067]]},"properties":{"objectid":6070,"type":"Normal","st_length(shape)":65.836442644247427,"slopelessthan5":null,"slopebtwn5and833":null}},{"type":"Feature","id":6071,"geometry":{"type":"LineString","coordinates":[[-80.42459767073646,37.228095757530141],[-80.42437959647684,37.227912033783497]]},"properties":{"objectid":6071,"type":"Normal","st_length(shape)":92.226490532898836,"slopelessthan5":null,"slopebtwn5and833":null}},{"type":"Feature","id":6072,"geometry":{"type":"LineString","coordinates":[[-80.425858712316455,37.229142656782805],[-80.425616607251015,37.228952044947142]]},"properties":{"objectid":6072,"type":"Normal","st_length(shape)":98.917975767568763,"slopelessthan5":null,"slopebtwn5and833":null}},{"type":"Feature","id":6046,"geometry":{"type":"LineString","coordinates":[[-80.426143547559676,37.228867188611758],[-80.42620463108392,37.228912634030692],[-80.426077574361713,37.229008300868053],[-80.425878301152949,37.22916303693124]]},"properties":{"objectid":6046,"type":"Normal","st_length(shape)":155.9700725323795,"slopelessthan5":null,"slopebtwn5and833":null}},{"type":"Feature","id":6050,"geometry":{"type":"LineString","coordinates":[[-80.424933776311505,37.226842598394171],[-80.42487020533612,37.226791136294246]]},"properties":{"objectid":6050,"type":"Normal","st_length(shape)":26.337108277400969,"slopelessthan5":null,"slopebtwn5and833":null}},{"type":"Feature","id":6081,"geometry":{"type":"LineString","coordinates":[[-80.42489438379161,37.228850438519743],[-80.425093005429815,37.229009102114254],[-80.425056787433149,37.229040436384665],[-80.424758375870894,37.229298580677316]]},"properties":{"objectid":6081,"type":"Normal","st_length(shape)":225.26507819719058,"slopelessthan5":null,"slopebtwn5and833":null}},{"type":"Feature","id":5907,"geometry":{"type":"LineString","coordinates":[[-80.43595729122913,37.224911027369103],[-80.436146248441119,37.224915919750785],[-80.436158954493351,37.224919738651707],[-80.436170855426781,37.224925603423728],[-80.43618162443623,37.22493335301747],[-80.436190965799639,37.224942774625461],[-80.436198622998816,37.22495360952594],[-80.436204385763475,37.224965560187464],[-80.43620809584543,37.224978298439289],[-80.436209651364067,37.224991474483055],[-80.436203545372749,37.225040996341939],[-80.436195455536023,37.225090233037385],[-80.436188139181766,37.225133521951896],[-80.43618755742078,37.225177420934948],[-80.436193724054718,37.225220888529606],[-80.436206492786724,37.22526289351314],[-80.436225560692137,37.225302439361755],[-80.436250475405046,37.225338587892011],[-80.436798663327039,37.226093688713455],[-80.437250945697158,37.226729505213399],[-80.437330858832809,37.226885421804234],[-80.437391211376053,37.22697380169916],[-80.437447823593956,37.227060747725822],[-80.437522721338539,37.227166676564622],[-80.437557382641629,37.227193745507748],[-80.437566157279335,37.227203497578579],[-80.437599177530871,37.227236010165583],[-80.437643569729985,37.227292252552736],[-80.437751456217455,37.227470533806418],[-80.437807863593704,37.227563035843218],[-80.437898249785533,37.227728834864088],[-80.437934560431415,37.227772847807088],[-80.438008416460519,37.227830952380295],[-80.438017733908922,37.227834868866907],[-80.438027583744656,37.22783713479901],[-80.438037675953737,37.227837683459548],[-80.438047713385814,37.227836498694025],[-80.438057400503439,37.227833615386118]]},"properties":{"objectid":5907,"type":"Normal","st_length(shape)":1280.535529075057,"slopelessthan5":null,"slopebtwn5and833":null}},{"type":"Feature","id":6167,"geometry":{"type":"LineString","coordinates":[[-80.425470355510697,37.228122162697602],[-80.425353299861726,37.228211677519745],[-80.425163417989708,37.228356584863675]]},"properties":{"objectid":6167,"type":"Normal","st_length(shape)":123.57418007302535,"slopelessthan5":null,"slopebtwn5and833":null}},{"type":"Feature","id":6189,"geometry":{"type":"LineString","coordinates":[[-80.42489438379161,37.228850438519743],[-80.424772248248942,37.228949838804333],[-80.424701597389799,37.229034518868147]]},"properties":{"objectid":6189,"type":"Normal","st_length(shape)":87.799732610120898,"slopelessthan5":null,"slopebtwn5and833":null}},{"type":"Feature","id":6188,"geometry":{"type":"LineString","coordinates":[[-80.425880140373209,37.228382398607238],[-80.425896072860425,37.228401020520046],[-80.425924199964001,37.228529244839073],[-80.425595681515176,37.228780913840183],[-80.425524039431167,37.228725566719476],[-80.425464902405295,37.228770583303316],[-80.425569191772169,37.228857168088766],[-80.425597102102273,37.228893278702188],[-80.425610461184021,37.228944894394949],[-80.425616607251015,37.228952044947142]]},"properties":{"objectid":6188,"type":"Normal","st_length(shape)":322.41732807268585,"slopelessthan5":null,"slopebtwn5and833":null}},{"type":"Feature","id":6187,"geometry":{"type":"LineString","coordinates":[[-80.426050025356204,37.227274624418605],[-80.425995553990433,37.227209224816079],[-80.425919160073263,37.227119775256568]]},"properties":{"objectid":6187,"type":"Normal","st_length(shape)":68.047797596216313,"slopelessthan5":null,"slopebtwn5and833":null}},{"type":"Feature","id":6206,"geometry":{"type":"LineString","coordinates":[[-80.43840336042301,37.227730867302228],[-80.43838913422492,37.227730261820597],[-80.438378613346842,37.227729243023639],[-80.438368070272091,37.227729998270483],[-80.438357802034915,37.22773250628326],[-80.438348097926422,37.227736696402737],[-80.438339231344301,37.227742450579001],[-80.43833145209031,37.227749606697373],[-80.438324979332435,37.227757963145685],[-80.438319995430263,37.227767284494405],[-80.438306374248967,37.227788088091359],[-80.438296047667507,37.227854188414867]]},"properties":{"objectid":6206,"type":"Normal","st_length(shape)":63.489873525414737,"slopelessthan5":null,"slopebtwn5and833":null}},{"type":"Feature","id":6209,"geometry":{"type":"LineString","coordinates":[[-80.438101518252225,37.22549623262001],[-80.438284728370107,37.225406690135898]]},"properties":{"objectid":6209,"type":"Normal","st_length(shape)":62.516156312207897,"slopelessthan5":null,"slopebtwn5and833":null}},{"type":"Feature","id":6213,"geometry":{"type":"LineString","coordinates":[[-80.438585874090805,37.227434614586286],[-80.438637890797906,37.227319754120423],[-80.438845340030227,37.227371289191893],[-80.438830909927574,37.227411360282233],[-80.438794606250781,37.227402340765735]]},"properties":{"objectid":6213,"type":"Normal","st_length(shape)":133.97372914562123,"slopelessthan5":null,"slopebtwn5and833":null}},{"type":"Feature","id":6214,"geometry":{"type":"LineString","coordinates":[[-80.438488068054326,37.227171123315024],[-80.438157076751978,37.227191667623835]]},"properties":{"objectid":6214,"type":"Normal","st_length(shape)":96.656742910682212,"slopelessthan5":null,"slopebtwn5and833":null}},{"type":"Feature","id":6215,"geometry":{"type":"LineString","coordinates":[[-80.438157076751978,37.227191667623835],[-80.438148879638419,37.227206911348063]]},"properties":{"objectid":6215,"type":"Normal","st_length(shape)":6.0415109037513162,"slopelessthan5":null,"slopebtwn5and833":null}},{"type":"Feature","id":6217,"geometry":{"type":"LineString","coordinates":[[-80.438042955693689,37.22715732146284],[-80.438067561086129,37.227050287417541],[-80.438488068054326,37.227171123315024]]},"properties":{"objectid":6217,"type":"Normal","st_length(shape)":169.71769686300902,"slopelessthan5":null,"slopebtwn5and833":null}},{"type":"Feature","id":6218,"geometry":{"type":"LineString","coordinates":[[-80.43878895895692,37.225730001669454],[-80.438710076534264,37.225595810775701]]},"properties":{"objectid":6218,"type":"Normal","st_length(shape)":53.986938609705895,"slopelessthan5":null,"slopebtwn5and833":null}},{"type":"Feature","id":6219,"geometry":{"type":"LineString","coordinates":[[-80.438652171115905,37.225617733824819],[-80.438710076534264,37.225595810775701],[-80.438889596097425,37.225527854246998]]},"properties":{"objectid":6219,"type":"Normal","st_length(shape)":76.481533721024391,"slopelessthan5":null,"slopebtwn5and833":null}},{"type":"Feature","id":6221,"geometry":{"type":"LineString","coordinates":[[-80.437849486306902,37.226336708511788],[-80.437955270451383,37.226114574390976],[-80.437963002294296,37.226106826101727],[-80.437971839659511,37.226100367126811],[-80.437981569794303,37.226095352961067],[-80.437991958453168,37.226091904316682],[-80.438002755537156,37.226090104217093],[-80.438013701114784,37.226089995998315],[-80.438065591832284,37.226103936800804]]},"properties":{"objectid":6221,"type":"Normal","st_length(shape)":122.62570559039044,"slopelessthan5":null,"slopebtwn5and833":null}},{"type":"Feature","id":6216,"geometry":{"type":"LineString","coordinates":[[-80.438239591005384,37.227595513102123],[-80.438295522710888,37.227594149449658],[-80.438311040794417,37.22754810938455],[-80.438278479443767,37.227514128473281],[-80.438329406722303,37.227414101355514],[-80.438382987155876,37.227426957980057]]},"properties":{"objectid":6216,"type":"Normal","st_length(shape)":104.84835002273542,"slopelessthan5":null,"slopebtwn5and833":null}},{"type":"Feature","id":6244,"geometry":{"type":"LineString","coordinates":[[-80.437565841458778,37.226004306046711],[-80.437550517817527,37.225979156680005],[-80.437461915303587,37.225825916365821]]},"properties":{"objectid":6244,"type":"Normal","st_length(shape)":71.654759681082112,"slopelessthan5":null,"slopebtwn5and833":null}},{"type":"Feature","id":6237,"geometry":{"type":"LineString","coordinates":[[-80.425464902405295,37.228770583303316],[-80.42545563441422,37.228772232408986],[-80.425341060725628,37.228713413418291],[-80.425218250075361,37.228611152589743]]},"properties":{"objectid":6237,"type":"Normal","st_length(shape)":94.024871153648746,"slopelessthan5":null,"slopebtwn5and833":null}},{"type":"Feature","id":6283,"geometry":{"type":"LineString","coordinates":[[-80.438585874090805,37.227434614586286],[-80.43860174538159,37.227444155398523],[-80.438630990047486,37.227452300396159]]},"properties":{"objectid":6283,"type":"Normal","st_length(shape)":14.797047231571721,"slopelessthan5":null,"slopebtwn5and833":null}},{"type":"Feature","id":6285,"geometry":{"type":"LineString","coordinates":[[-80.425218250075361,37.228611152589743],[-80.425284506539199,37.228620991888072],[-80.425384965498438,37.228610988553136],[-80.425409193042796,37.228608207332975],[-80.425432677661874,37.228601636050165],[-80.425454830313697,37.228591439525829],[-80.425475095364718,37.228577873509529],[-80.425640592584074,37.228450662664528]]},"properties":{"objectid":6285,"type":"Normal","st_length(shape)":145.44906740199693,"slopelessthan5":null,"slopebtwn5and833":null}},{"type":"Feature","id":6296,"geometry":{"type":"LineString","coordinates":[[-80.425353299861726,37.228211677519745],[-80.425500358047927,37.228334008088396]]},"properties":{"objectid":6296,"type":"Normal","st_length(shape)":61.781132414697595,"slopelessthan5":null,"slopebtwn5and833":null}},{"type":"Feature","id":6299,"geometry":{"type":"LineString","coordinates":[[-80.425640592584074,37.228450662664528],[-80.425682151294353,37.228415124022916],[-80.425811466544346,37.228302858792837],[-80.425811823786489,37.228302547430005]]},"properties":{"objectid":6299,"type":"Normal","st_length(shape)":73.440799946760848,"slopelessthan5":null,"slopebtwn5and833":null}},{"type":"Feature","id":6302,"geometry":{"type":"LineString","coordinates":[[-80.425024848623252,37.22846233259969],[-80.425218250075361,37.228611152589743]]},"properties":{"objectid":6302,"type":"Normal","st_length(shape)":78.143781501287322,"slopelessthan5":null,"slopebtwn5and833":null}},{"type":"Feature","id":6303,"geometry":{"type":"LineString","coordinates":[[-80.425218250075361,37.228611152589743],[-80.425178456172702,37.228630961951666],[-80.42509458427763,37.228700062928198],[-80.424901756595148,37.228844438331613],[-80.42489438379161,37.228850438519743]]},"properties":{"objectid":6303,"type":"Normal","st_length(shape)":128.67899159989531,"slopelessthan5":null,"slopebtwn5and833":null}},{"type":"Feature","id":6325,"geometry":{"type":"LineString","coordinates":[[-80.42668229350808,37.228596356854617],[-80.426692935294568,37.228588300546804]]},"properties":{"objectid":6325,"type":"Normal","st_length(shape)":4.2665202477068735,"slopelessthan5":null,"slopebtwn5and833":null}},{"type":"Feature","id":6301,"geometry":{"type":"LineString","coordinates":[[-80.424920343475364,37.228515426997596],[-80.425024848623252,37.22846233259969]]},"properties":{"objectid":6301,"type":"Normal","st_length(shape)":36.047584635468745,"slopelessthan5":null,"slopebtwn5and833":null}},{"type":"Feature","id":6300,"geometry":{"type":"LineString","coordinates":[[-80.425811823786489,37.228302547430005],[-80.426003750604295,37.228207796242188]]},"properties":{"objectid":6300,"type":"Normal","st_length(shape)":65.669519701510623,"slopelessthan5":null,"slopebtwn5and833":null}},{"type":"Feature","id":6413,"geometry":{"type":"LineString","coordinates":[[-80.427109910762468,37.228851957857152],[-80.427197456023336,37.228969383375066],[-80.427274430117222,37.229046637335408]]},"properties":{"objectid":6413,"type":"Normal","st_length(shape)":85.738500475116027,"slopelessthan5":null,"slopebtwn5and833":null}},{"type":"Feature","id":6400,"geometry":{"type":"LineString","coordinates":[[-80.42756056055822,37.229218206587241],[-80.427557005249284,37.229269478196521]]},"properties":{"objectid":6400,"type":"Normal","st_length(shape)":18.696378454942543,"slopelessthan5":null,"slopebtwn5and833":null}},{"type":"Feature","id":6406,"geometry":{"type":"LineString","coordinates":[[-80.427531017880128,37.229289464875244],[-80.427557005249284,37.229269478196521]]},"properties":{"objectid":6406,"type":"Normal","st_length(shape)":10.497539363073752,"slopelessthan5":null,"slopebtwn5and833":null}},{"type":"Feature","id":6405,"geometry":{"type":"LineString","coordinates":[[-80.427040557553539,37.228539050040155],[-80.427479535556827,37.22908677168386],[-80.42754987646984,37.229180780461228],[-80.42756056055822,37.229218206587241]]},"properties":{"objectid":6405,"type":"Normal","st_length(shape)":290.72487442929787,"slopelessthan5":null,"slopebtwn5and833":null}},{"type":"Feature","id":6414,"geometry":{"type":"LineString","coordinates":[[-80.427274430117222,37.229046637335408],[-80.427352350106631,37.22910751843456],[-80.427434136225614,37.229159613748784],[-80.427504655627772,37.229197717615143],[-80.42756056055822,37.229218206587241]]},"properties":{"objectid":6414,"type":"Normal","st_length(shape)":104.84270422709572,"slopelessthan5":null,"slopebtwn5and833":null}},{"type":"Feature","id":6420,"geometry":{"type":"LineString","coordinates":[[-80.42487020533612,37.226791136294246],[-80.424865126835414,37.226795165822537],[-80.42478527455475,37.226855019718144],[-80.424697701874791,37.226931329767929],[-80.424638185208934,37.226990904248979],[-80.424601875311012,37.227030184698116],[-80.424550762521221,37.227091718490684],[-80.424472883154394,37.227206383892714]]},"properties":{"objectid":6420,"type":"Normal","st_length(shape)":191.61056763021858,"slopelessthan5":null,"slopebtwn5and833":null}},{"type":"Feature","id":6423,"geometry":{"type":"LineString","coordinates":[[-80.422619089916751,37.228753744754506],[-80.423070070801046,37.228423071984793],[-80.42337638650865,37.228204680374951],[-80.423435344441486,37.228162645599269],[-80.423564226848654,37.228070876956771],[-80.423861818001157,37.227861810262503],[-80.424027461930322,37.227734033290083],[-80.424154320475708,37.2276231050717],[-80.424299203908689,37.22747829029823],[-80.424308756339045,37.22746830699856],[-80.424392776535782,37.227338571612975],[-80.424472883154394,37.227206383892714]]},"properties":{"objectid":6423,"type":"Normal","st_length(shape)":786.70934924059156,"slopelessthan5":null,"slopebtwn5and833":null}},{"type":"Feature","id":6428,"geometry":{"type":"LineString","coordinates":[[-80.425644359951278,37.227323820377983],[-80.425687685401016,37.227364534699866],[-80.425642138349701,37.227400953180009],[-80.425683117754645,37.227432765058772],[-80.425671602059467,37.227445400828366],[-80.425662247722187,37.227459710625112],[-80.425655293945738,37.227475328528357],[-80.425650918547475,37.227491855167415],[-80.425649233412187,37.227508867934027],[-80.425650281631036,37.227525931788982]]},"properties":{"objectid":6428,"type":"Normal","st_length(shape)":90.962290795093594,"slopelessthan5":null,"slopebtwn5and833":null}},{"type":"Feature","id":6434,"geometry":{"type":"LineString","coordinates":[[-80.426510524875511,37.227843028868428],[-80.426420490054525,37.227735543174795],[-80.426050025356204,37.227274624418605]]},"properties":{"objectid":6434,"type":"Normal","st_length(shape)":246.59307891337613,"slopelessthan5":null,"slopebtwn5and833":null}},{"type":"Feature","id":6464,"geometry":{"type":"LineString","coordinates":[[-80.424410950746747,37.225583400902117],[-80.424442106474075,37.225542506511516]]},"properties":{"objectid":6464,"type":"Normal","st_length(shape)":17.434987707498856,"slopelessthan5":null,"slopebtwn5and833":null}},{"type":"Feature","id":6476,"geometry":{"type":"LineString","coordinates":[[-80.425470355510697,37.228122162697602],[-80.425605132770869,37.228130471306571],[-80.425760210716234,37.228259253693913]]},"properties":{"objectid":6476,"type":"Normal","st_length(shape)":104.44863820082881,"slopelessthan5":null,"slopebtwn5and833":null}},{"type":"Feature","id":6527,"geometry":{"type":"LineString","coordinates":[[-80.425847359732998,37.22717629444449],[-80.425796713237872,37.227210524054563],[-80.425644359951278,37.227323820377983]]},"properties":{"objectid":6527,"type":"Normal","st_length(shape)":79.880335466460011,"slopelessthan5":null,"slopebtwn5and833":null}},{"type":"Feature","id":6481,"geometry":{"type":"LineString","coordinates":[[-80.42725529403539,37.225463672211134],[-80.4271738579925,37.225437309925361],[-80.427076077116638,37.225416994355413],[-80.426963188060299,37.225390948042573],[-80.426944870733323,37.225389001977589],[-80.426881769054447,37.225380171427183],[-80.426818120064368,37.225377237733014],[-80.426754473624342,37.225380226239167],[-80.426691379573526,37.225389111128038],[-80.426629382979058,37.225403815643418],[-80.426569019427163,37.225424212753552],[-80.426510810396309,37.225450126248582],[-80.426396169875119,37.225490227855865],[-80.426349125786317,37.225503809964387],[-80.426301053988908,37.225513122443004],[-80.426252341161813,37.225518090384199],[-80.426190802211053,37.225527917461214],[-80.426130553191413,37.225543844467701],[-80.426072197165908,37.225565711982192],[-80.426013151449823,37.225591714865722],[-80.425907026015608,37.225635280375329],[-80.425827914579926,37.225662467674582],[-80.42570662881711,37.225698311208419],[-80.425590283236858,37.225728069683306],[-80.425583758137989,37.225730166567864],[-80.425577682619206,37.225733338619527],[-80.425572232335782,37.225737494128019],[-80.425567564866199,37.225742512949367],[-80.425563815156195,37.225748249979532],[-80.42556109161734,37.22575453934963],[-80.425559472992489,37.22576119922153],[-80.425559006079311,37.225768037045185],[-80.425559704377179,37.225774855125579],[-80.425561547696915,37.225781456338531],[-80.42556448274452,37.225787649829932],[-80.425575973889849,37.225808568598012],[-80.425590056476167,37.225837068015487],[-80.425599288466714,37.225867486864651],[-80.425603421255317,37.225899006003154],[-80.425602343551034,37.225930776659226],[-80.425596084375101,37.225961943288027],[-80.425584812279496,37.225991666610426],[-80.425568830807904,37.226019146213766],[-80.425556508426538,37.22604167912182],[-80.425548037462264,37.226065924034536],[-80.425543646064767,37.226091227960246],[-80.425543452508194,37.226116909384736],[-80.425547462005611,37.226142276626582],[-80.425555566568676,37.226166646466254],[-80.425567547916017,37.22618936254743],[-80.425646801542541,37.226341610267383]]},"properties":{"objectid":6481,"type":"Normal","st_length(shape)":751.80786830021748,"slopelessthan5":null,"slopebtwn5and833":null}},{"type":"Feature","id":6487,"geometry":{"type":"LineString","coordinates":[[-80.425650281631036,37.227525931788982],[-80.425654892404182,37.227544573748546],[-80.425662515033324,37.227562199792075],[-80.425672940684507,37.227578327026272],[-80.425685883730551,37.227592513620102],[-80.425713562211357,37.227616593169628],[-80.426238685069521,37.228050757429607]]},"properties":{"objectid":6487,"type":"Normal","st_length(shape)":258.53412253360358,"slopelessthan5":null,"slopebtwn5and833":null}},{"type":"Feature","id":6510,"geometry":{"type":"LineString","coordinates":[[-80.426904948311346,37.229049397585648],[-80.426997026201477,37.228970475268468]]},"properties":{"objectid":6510,"type":"Normal","st_length(shape)":39.298232797195794,"slopelessthan5":null,"slopebtwn5and833":null}},{"type":"Feature","id":6517,"geometry":{"type":"LineString","coordinates":[[-80.426997026201477,37.228970475268468],[-80.427177373198788,37.229090748024355],[-80.427274430117222,37.229046637335408]]},"properties":{"objectid":6517,"type":"Normal","st_length(shape)":100.87265377564113,"slopelessthan5":null,"slopebtwn5and833":null}},{"type":"Feature","id":6519,"geometry":{"type":"LineString","coordinates":[[-80.426904948311346,37.229049397585648],[-80.426980002351854,37.229104873853679]]},"properties":{"objectid":6519,"type":"Normal","st_length(shape)":29.756615685063206,"slopelessthan5":null,"slopebtwn5and833":null}},{"type":"Feature","id":6533,"geometry":{"type":"LineString","coordinates":[[-80.425173913226928,37.226798624636906],[-80.42529234706312,37.22671059170488]]},"properties":{"objectid":6533,"type":"Normal","st_length(shape)":47.078028735110223,"slopelessthan5":null,"slopebtwn5and833":null}},{"type":"Feature","id":6543,"geometry":{"type":"LineString","coordinates":[[-80.426510524875511,37.227843028868428],[-80.426675057021058,37.228068823898347],[-80.426921122690743,37.228379389962484],[-80.426928988365788,37.228386986693565],[-80.426935492412213,37.228395777401566],[-80.426940456448122,37.228405520989952],[-80.426943744328383,37.228415950228197],[-80.426945265878658,37.228426779080941],[-80.426944979368443,37.228437710552889],[-80.426942892655646,37.228448444834271],[-80.426939062971073,37.228458687523528],[-80.426933595348785,37.228468157701649],[-80.426926639745403,37.228476595636735],[-80.426918386927341,37.228483769907506],[-80.42690906323881,37.228489483750288],[-80.426732498352393,37.2286223829893],[-80.426558166700573,37.228753599762719],[-80.426565705211743,37.228762707657452]]},"properties":{"objectid":6543,"type":"Normal","st_length(shape)":418.38822335104709,"slopelessthan5":null,"slopebtwn5and833":null}},{"type":"Feature","id":6515,"geometry":{"type":"LineString","coordinates":[[-80.424447629378321,37.229217010557861],[-80.424656794522747,37.229396282936634],[-80.424671517462372,37.229386437926479]]},"properties":{"objectid":6515,"type":"Normal","st_length(shape)":94.855556217739803,"slopelessthan5":null,"slopebtwn5and833":null}},{"type":"Feature","id":6511,"geometry":{"type":"LineString","coordinates":[[-80.426997026201477,37.228970475268468],[-80.427109910762468,37.228851957857152],[-80.427211615471734,37.228752483988337]]},"properties":{"objectid":6511,"type":"Normal","st_length(shape)":101.0232533545617,"slopelessthan5":null,"slopebtwn5and833":null}},{"type":"Feature","id":6516,"geometry":{"type":"LineString","coordinates":[[-80.425444844829343,37.22747096554577],[-80.425293603665963,37.227342633016292],[-80.425333228899575,37.227315797254278]]},"properties":{"objectid":6516,"type":"Normal","st_length(shape)":79.322346584639362,"slopelessthan5":null,"slopebtwn5and833":null}},{"type":"Feature","id":6532,"geometry":{"type":"LineString","coordinates":[[-80.42549516428808,37.226880773937772],[-80.425258722460356,37.227063782918883],[-80.425134778752835,37.226964581433272],[-80.42512388804154,37.22697277415147]]},"properties":{"objectid":6532,"type":"Normal","st_length(shape)":151.21545276100971,"slopelessthan5":null,"slopebtwn5and833":null}},{"type":"Feature","id":6588,"geometry":{"type":"LineString","coordinates":[[-80.425379343711583,37.227709545172402],[-80.425595318000049,37.227542799138],[-80.425650281631036,37.227525931788982]]},"properties":{"objectid":6588,"type":"Normal","st_length(shape)":104.54584799460723,"slopelessthan5":null,"slopebtwn5and833":null}},{"type":"Feature","id":6603,"geometry":{"type":"LineString","coordinates":[[-80.425279882916797,37.228993437251539],[-80.425290971622104,37.229006781928952],[-80.4251522360601,37.229112417135795],[-80.425056787433149,37.229040436384665]]},"properties":{"objectid":6603,"type":"Normal","st_length(shape)":99.80505078811774,"slopelessthan5":null,"slopebtwn5and833":null}},{"type":"Feature","id":6616,"geometry":{"type":"LineString","coordinates":[[-80.427557005249284,37.229269478196521],[-80.427799385107946,37.229153456451414]]},"properties":{"objectid":6616,"type":"Normal","st_length(shape)":82.243736788163346,"slopelessthan5":null,"slopebtwn5and833":null}},{"type":"Feature","id":6630,"geometry":{"type":"LineString","coordinates":[[-80.429407978857412,37.229160639678007],[-80.429348771668259,37.229170912240669]]},"properties":{"objectid":6630,"type":"Normal","st_length(shape)":17.638602219118457,"slopelessthan5":null,"slopebtwn5and833":null}},{"type":"Feature","id":6589,"geometry":{"type":"LineString","coordinates":[[-80.425210041335561,37.227644134502874],[-80.425287044219857,37.227636000903011],[-80.425379343711583,37.227709545172402]]},"properties":{"objectid":6589,"type":"Normal","st_length(shape)":60.549711236036408,"slopelessthan5":null,"slopebtwn5and833":null}},{"type":"Feature","id":6617,"geometry":{"type":"LineString","coordinates":[[-80.424571126289891,37.226953158688012],[-80.424517934160221,37.227103592752869],[-80.424472883154394,37.227206383892714]]},"properties":{"objectid":6617,"type":"Normal","st_length(shape)":96.577055071640842,"slopelessthan5":null,"slopebtwn5and833":null}},{"type":"Feature","id":6641,"geometry":{"type":"LineString","coordinates":[[-80.426732498352393,37.2286223829893],[-80.426692935294568,37.228588300546804],[-80.426424636263945,37.22835726457631]]},"properties":{"objectid":6641,"type":"Normal","st_length(shape)":131.72491293480891,"slopelessthan5":null,"slopebtwn5and833":null}},{"type":"Feature","id":6656,"geometry":{"type":"LineString","coordinates":[[-80.425682151294353,37.228415124022916],[-80.425738663344418,37.228454989609411],[-80.425782586158277,37.228423272553954],[-80.425813257821318,37.228405493436021],[-80.425845955791956,37.228391793411774],[-80.425880140373209,37.228382398607238],[-80.425811823786489,37.228302547430005]]},"properties":{"objectid":6656,"type":"Normal","st_length(shape)":106.69710694764586,"slopelessthan5":null,"slopebtwn5and833":null}},{"type":"Feature","id":6638,"geometry":{"type":"LineString","coordinates":[[-80.427626532807025,37.229009148521541],[-80.427644038058261,37.229004153462512],[-80.427681971790577,37.229043746504466],[-80.427713756022399,37.229046140397259]]},"properties":{"objectid":6638,"type":"Normal","st_length(shape)":32.865659259983339,"slopelessthan5":null,"slopebtwn5and833":null}},{"type":"Feature","id":6640,"geometry":{"type":"LineString","coordinates":[[-80.425753972467405,37.22655729617064],[-80.425715768223895,37.226488412575563],[-80.425646801542541,37.226341610267383],[-80.42604153571591,37.226206418281429],[-80.426130053552313,37.226178626716461],[-80.426177780463703,37.226164328966362],[-80.426226896298701,37.226155967239158],[-80.426276665680675,37.226153666729054],[-80.426326343447926,37.226157461879964],[-80.426367236456755,37.226163756775591],[-80.426408608422946,37.226163283175865],[-80.426449346614802,37.22615605381862],[-80.426488355346535,37.22614226314311],[-80.426524585447538,37.226122282060452],[-80.42655706248064,37.226096647977606],[-80.426770954339119,37.225801228706779],[-80.426894326953573,37.225631868282875],[-80.426919437889879,37.22560240111892],[-80.426948134848203,37.22557641347845],[-80.426979939824989,37.225554338236073],[-80.427014323046592,37.225536543097796],[-80.427050711793711,37.2255233244762],[-80.427221179932488,37.225472466925879],[-80.42725529403539,37.225463672211134]]},"properties":{"objectid":6640,"type":"Normal","st_length(shape)":691.09830656901738,"slopelessthan5":null,"slopebtwn5and833":null}},{"type":"Feature","id":6659,"geometry":{"type":"LineString","coordinates":[[-80.438463885076644,37.226458634133827],[-80.438563960352397,37.226231335102355],[-80.438572507009397,37.226224102235477],[-80.438582133837315,37.226218385252587],[-80.438592574771278,37.226214342158826],[-80.438603541246266,37.226212084696648],[-80.438614730172432,37.22621167525746],[-80.438647417490046,37.226219376151292]]},"properties":{"objectid":6659,"type":"Normal","st_length(shape)":114.71678269291844,"slopelessthan5":null,"slopebtwn5and833":null}},{"type":"Feature","id":6660,"geometry":{"type":"LineString","coordinates":[[-80.438770902515159,37.226355614062896],[-80.438689143375896,37.226524257875504],[-80.438463885076644,37.226458634133827]]},"properties":{"objectid":6660,"type":"Normal","st_length(shape)":135.65541121080426,"slopelessthan5":null,"slopebtwn5and833":null}},{"type":"Feature","id":6643,"geometry":{"type":"LineString","coordinates":[[-80.426565705211743,37.228762707657452],[-80.426385130215252,37.228820147078437],[-80.426235256357074,37.228938738327486],[-80.42620463108392,37.228912634030692]]},"properties":{"objectid":6643,"type":"Normal","st_length(shape)":130.99823114953006,"slopelessthan5":null,"slopebtwn5and833":null}},{"type":"Feature","id":6662,"geometry":{"type":"LineString","coordinates":[[-80.437173047991664,37.22532615719274],[-80.437169030263959,37.225319274226869],[-80.43715433484833,37.225297161743519]]},"properties":{"objectid":6662,"type":"Normal","st_length(shape)":11.882944822871998,"slopelessthan5":null,"slopebtwn5and833":null}},{"type":"Feature","id":6664,"geometry":{"type":"LineString","coordinates":[[-80.437517312438075,37.225354732148624],[-80.43752427348339,37.225375201422096],[-80.437526385828264,37.225382498442443],[-80.437527265925041,37.22539004390044],[-80.437526889675212,37.225397631188677],[-80.437525267381105,37.225405052554358],[-80.437522443463891,37.225412104787928],[-80.437518495247204,37.225418594787293],[-80.437513530839908,37.225424344845287],[-80.437507686175863,37.225429197515574],[-80.437501121291874,37.225433019923841],[-80.437494015945575,37.225435707406071],[-80.437280177706697,37.225511246961581]]},"properties":{"objectid":6664,"type":"Normal","st_length(shape)":101.67757952665092,"slopelessthan5":null,"slopebtwn5and833":null}},{"type":"Feature","id":6667,"geometry":{"type":"LineString","coordinates":[[-80.437801456263898,37.225851417170539],[-80.437810494332467,37.225869766757491],[-80.43781299910107,37.225875396745359],[-80.437814557859596,37.22588135836434],[-80.437815129354647,37.225887493836815],[-80.437814698461253,37.22589364078403],[-80.43781327658327,37.225899636523522],[-80.437810901351497,37.225905322374658],[-80.437807635627806,37.225910547858156],[-80.437803565841406,37.22591517467864],[-80.437798799701511,37.225919080384671],[-80.437793463346708,37.225922161609525],[-80.437787698006673,37.225924336806841],[-80.437781656264391,37.225925548408789],[-80.437565841458778,37.226004306046711]]},"properties":{"objectid":6667,"type":"Normal","st_length(shape)":101.14426360252847,"slopelessthan5":null,"slopebtwn5and833":null}},{"type":"Feature","id":6669,"geometry":{"type":"LineString","coordinates":[[-80.425500358047927,37.228334008088396],[-80.425760210716234,37.228259253693913],[-80.425811466544346,37.228302858792837]]},"properties":{"objectid":6669,"type":"Normal","st_length(shape)":102.18974118689108,"slopelessthan5":null,"slopebtwn5and833":null}},{"type":"Feature","id":6671,"geometry":{"type":"LineString","coordinates":[[-80.437565841458778,37.226004306046711],[-80.43759208728514,37.226059514217852],[-80.437555504367893,37.226075896209771],[-80.437552693724228,37.22607659490405],[-80.437550045295524,37.226077766960756],[-80.43754763813962,37.226079377393006],[-80.437545544112183,37.226081378128029],[-80.437543825721704,37.226083709442179],[-80.437542534263585,37.226086301743756],[-80.437541708288961,37.226089077650357],[-80.437541372453865,37.226091954298809],[-80.437541536783272,37.226094845818722],[-80.437542196371794,37.226097665895757],[-80.437543331530165,37.226100330348238],[-80.437544908372942,37.226102759639986],[-80.437546879830037,37.226104881254578],[-80.437549187051758,37.226106631860027],[-80.437645202323608,37.2262550619471],[-80.437686287486073,37.226285460194198],[-80.43781536933885,37.226326440576372],[-80.437849486306902,37.226336708511788],[-80.437968583449944,37.22637255399691],[-80.437974536634201,37.226373641963157],[-80.437980588265063,37.226373684825319],[-80.437986556262857,37.226372681293782],[-80.437992261064238,37.226370661562491],[-80.437997531024834,37.226367686400536],[-80.438002207583622,37.226363845323711],[-80.438018147500216,37.226329979222861],[-80.438079244228348,37.226346412339851],[-80.438119530044702,37.226358312982732],[-80.438140010371683,37.226364279389628]]},"properties":{"objectid":6671,"type":"Normal","st_length(shape)":274.2890463266005,"slopelessthan5":null,"slopebtwn5and833":null}},{"type":"Feature","id":6682,"geometry":{"type":"LineString","coordinates":[[-80.425067864276315,37.228429505809501],[-80.425142053846827,37.228423283851917],[-80.425500358047927,37.228334008088396]]},"properties":{"objectid":6682,"type":"Normal","st_length(shape)":130.98228024775855,"slopelessthan5":null,"slopebtwn5and833":null}},{"type":"Feature","id":6681,"geometry":{"type":"LineString","coordinates":[[-80.42861924870239,37.229444361410842],[-80.429015309800235,37.229277740959972],[-80.428927420309122,37.229141944318364],[-80.428879888829613,37.229074408315206]]},"properties":{"objectid":6681,"type":"Normal","st_length(shape)":214.18088013379656,"slopelessthan5":null,"slopebtwn5and833":null}},{"type":"Feature","id":6724,"geometry":{"type":"LineString","coordinates":[[-80.423193024090565,37.225477348172411],[-80.423290175118524,37.225474932459996]]},"properties":{"objectid":6724,"type":"Normal","st_length(shape)":28.299467406636978,"slopelessthan5":null,"slopebtwn5and833":null}},{"type":"Feature","id":6726,"geometry":{"type":"LineString","coordinates":[[-80.438101518252225,37.22549623262001],[-80.438210311749074,37.225685094079786],[-80.438241089048589,37.225728673684003],[-80.438277279515717,37.225767874119683],[-80.438318266764512,37.225802027735952],[-80.438363352711605,37.225830552837948],[-80.438411769465716,37.225852963594086],[-80.438462692406191,37.225868878310621],[-80.43851525422771,37.225878025932538],[-80.43856855971201,37.225880250660111],[-80.438584713570734,37.225851504502792],[-80.438604908532312,37.225825438198136],[-80.438628707889933,37.22580261541809],[-80.438655596993314,37.225783529694858],[-80.43868499437788,37.225768593748519],[-80.438716264338566,37.225758130562085],[-80.43878895895692,37.225730001669454]]},"properties":{"objectid":6726,"type":"Normal","st_length(shape)":296.43985877072998,"slopelessthan5":null,"slopebtwn5and833":null}},{"type":"Feature","id":6728,"geometry":{"type":"LineString","coordinates":[[-80.437304437492372,37.224980713266199],[-80.437349729793667,37.224983396798144],[-80.437395032867485,37.224980901722475],[-80.437439756533308,37.2249732605435],[-80.437483318158755,37.224960572805777],[-80.437525150249826,37.224943003797343],[-80.437564707843791,37.22492078239641]]},"properties":{"objectid":6728,"type":"Normal","st_length(shape)":81.097760041489451,"slopelessthan5":null,"slopebtwn5and833":null}},{"type":"Feature","id":6794,"geometry":{"type":"LineString","coordinates":[[-80.438042955693689,37.22715732146284],[-80.438018141986547,37.227199443010832]]},"properties":{"objectid":6794,"type":"Normal","st_length(shape)":16.95263034696319,"slopelessthan5":null,"slopebtwn5and833":null}},{"type":"Feature","id":6766,"geometry":{"type":"LineString","coordinates":[[-80.425149113829804,37.226590405765883],[-80.424981589646777,37.226702754475831],[-80.42487020533612,37.226791136294246]]},"properties":{"objectid":6766,"type":"Normal","st_length(shape)":109.34244351775881,"slopelessthan5":null,"slopebtwn5and833":null}},{"type":"Feature","id":6768,"geometry":{"type":"LineString","coordinates":[[-80.424975880660796,37.227816829229894],[-80.42525533205513,37.227610732461095],[-80.425444844829343,37.22747096554577]]},"properties":{"objectid":6768,"type":"Normal","st_length(shape)":185.74114736458051,"slopelessthan5":null,"slopebtwn5and833":null}},{"type":"Feature","id":6770,"geometry":{"type":"LineString","coordinates":[[-80.42459767073646,37.228095757530141],[-80.424832074315987,37.227922885679313]]},"properties":{"objectid":6770,"type":"Normal","st_length(shape)":92.838722919863713,"slopelessthan5":null,"slopebtwn5and833":null}},{"type":"Feature","id":6771,"geometry":{"type":"LineString","coordinates":[[-80.424362420850017,37.228269251957371],[-80.42459767073646,37.228095757530141]]},"properties":{"objectid":6771,"type":"Normal","st_length(shape)":93.173411651582853,"slopelessthan5":null,"slopebtwn5and833":null}},{"type":"Feature","id":6774,"geometry":{"type":"LineString","coordinates":[[-80.425067864276315,37.228429505809501],[-80.425024848623252,37.22846233259969]]},"properties":{"objectid":6774,"type":"Normal","st_length(shape)":17.311640904430529,"slopelessthan5":null,"slopebtwn5and833":null}},{"type":"Feature","id":6775,"geometry":{"type":"LineString","coordinates":[[-80.425163417989708,37.228356584863675],[-80.425067864276315,37.228429505809501]]},"properties":{"objectid":6775,"type":"Normal","st_length(shape)":38.455705925765422,"slopelessthan5":null,"slopebtwn5and833":null}},{"type":"Feature","id":6777,"geometry":{"type":"LineString","coordinates":[[-80.425847359732998,37.22717629444449],[-80.425919080518881,37.227119837841755],[-80.425919160073263,37.227119775256568]]},"properties":{"objectid":6777,"type":"Normal","st_length(shape)":29.33361946223129,"slopelessthan5":null,"slopebtwn5and833":null}},{"type":"Feature","id":6772,"geometry":{"type":"LineString","coordinates":[[-80.42414454851162,37.228259465525127],[-80.424251364832656,37.228351707254312]]},"properties":{"objectid":6772,"type":"Normal","st_length(shape)":45.771836053364297,"slopelessthan5":null,"slopebtwn5and833":null}},{"type":"Feature","id":6769,"geometry":{"type":"LineString","coordinates":[[-80.424832074315987,37.227922885679313],[-80.424944922950957,37.227839659724474]]},"properties":{"objectid":6769,"type":"Normal","st_length(shape)":44.695391110199246,"slopelessthan5":null,"slopebtwn5and833":null}},{"type":"Feature","id":6790,"geometry":{"type":"LineString","coordinates":[[-80.43878895895692,37.225730001669454],[-80.438969481593702,37.225660147567524]]},"properties":{"objectid":6790,"type":"Normal","st_length(shape)":58.389767783953737,"slopelessthan5":null,"slopebtwn5and833":null}},{"type":"Feature","id":6792,"geometry":{"type":"LineString","coordinates":[[-80.438774551779787,37.225337337649478],[-80.438889596097425,37.225527854246998]]},"properties":{"objectid":6792,"type":"Normal","st_length(shape)":77.029787795167962,"slopelessthan5":null,"slopebtwn5and833":null}},{"type":"Feature","id":6793,"geometry":{"type":"LineString","coordinates":[[-80.438157076751978,37.227191667623835],[-80.438042955693689,37.22715732146284]]},"properties":{"objectid":6793,"type":"Normal","st_length(shape)":35.501307530257229,"slopelessthan5":null,"slopebtwn5and833":null}},{"type":"Feature","id":6776,"geometry":{"type":"LineString","coordinates":[[-80.425500358047927,37.228334008088396],[-80.425643959115931,37.228447784029733],[-80.425651792461991,37.228454360878217]]},"properties":{"objectid":6776,"type":"Normal","st_length(shape)":62.16238701523973,"slopelessthan5":null,"slopebtwn5and833":null}},{"type":"Feature","id":6982,"geometry":{"type":"LineString","coordinates":[[-80.422922229035549,37.229339805037348],[-80.422876817052909,37.22937162456725]]},"properties":{"objectid":6982,"type":"Normal","st_length(shape)":17.578912996132456,"slopelessthan5":null,"slopebtwn5and833":null}},{"type":"Feature","id":6862,"geometry":{"type":"LineString","coordinates":[[-80.423277709763667,37.225902138498697],[-80.42331459401835,37.225904722641737],[-80.423423603760043,37.22592194991082],[-80.423611713503277,37.225973279583066],[-80.423779011514057,37.225997751972201]]},"properties":{"objectid":6862,"type":"Normal","st_length(shape)":150.51861634516604,"slopelessthan5":null,"slopebtwn5and833":null}},{"type":"Feature","id":6960,"geometry":{"type":"LineString","coordinates":[[-80.425149113829804,37.226590405765883],[-80.42529234706312,37.22671059170488]]},"properties":{"objectid":6960,"type":"Normal","st_length(shape)":60.447637521259878,"slopelessthan5":null,"slopebtwn5and833":null}},{"type":"Feature","id":6961,"geometry":{"type":"LineString","coordinates":[[-80.425742065909844,37.227087944471442],[-80.425847359732998,37.22717629444449]]},"properties":{"objectid":6961,"type":"Normal","st_length(shape)":44.435881952777756,"slopelessthan5":null,"slopebtwn5and833":null}},{"type":"Feature","id":6962,"geometry":{"type":"LineString","coordinates":[[-80.42529234706312,37.22671059170488],[-80.42549516428808,37.226880773937772]]},"properties":{"objectid":6962,"type":"Normal","st_length(shape)":85.593291095231422,"slopelessthan5":null,"slopebtwn5and833":null}},{"type":"Feature","id":6983,"geometry":{"type":"LineString","coordinates":[[-80.425878301152949,37.22916303693124],[-80.425870345423633,37.229154759572232]]},"properties":{"objectid":6983,"type":"Normal","st_length(shape)":3.80098701236036,"slopelessthan5":null,"slopebtwn5and833":null}},{"type":"Feature","id":7457,"geometry":{"type":"LineString","coordinates":[[-80.424701597389799,37.229034518868147],[-80.424770694526345,37.229001618432441],[-80.424801886022934,37.228998425807532],[-80.424833240473887,37.228998452610924],[-80.424887938154555,37.229003283825413],[-80.424937378970498,37.229012492641971],[-80.42495405288895,37.229015235574366],[-80.424970950800471,37.229015173760686],[-80.424987604205299,37.229012308914733],[-80.425003551382687,37.229006720465236],[-80.425018350192289,37.22899856335367],[-80.425031590332566,37.228988063738434],[-80.425048299964274,37.228973389658961]]},"properties":{"objectid":7457,"type":"Normal","st_length(shape)":110.31272608747146,"slopelessthan5":null,"slopebtwn5and833":null}},{"type":"Feature","id":7459,"geometry":{"type":"LineString","coordinates":[[-80.425087585091461,37.229004772428418],[-80.425106191816994,37.228990766796734]]},"properties":{"objectid":7459,"type":"Normal","st_length(shape)":7.4396962146916268,"slopelessthan5":null,"slopebtwn5and833":null}},{"type":"Feature","id":7460,"geometry":{"type":"LineString","coordinates":[[-80.425449294722867,37.228594543568995],[-80.425456344930168,37.228606828404054]]},"properties":{"objectid":7460,"type":"Normal","st_length(shape)":4.921327569224788,"slopelessthan5":null,"slopebtwn5and833":null}},{"type":"Feature","id":7461,"geometry":{"type":"LineString","coordinates":[[-80.425621711470683,37.228742658816188],[-80.425633421737203,37.228752002446925]]},"properties":{"objectid":7461,"type":"Normal","st_length(shape)":4.8163138976824627,"slopelessthan5":null,"slopebtwn5and833":null}},{"type":"Feature","id":7463,"geometry":{"type":"LineString","coordinates":[[-80.426943600439756,37.228444846368127],[-80.4269655358096,37.2284510009531],[-80.427030202177477,37.228536028552625],[-80.427040557553539,37.228539050040155]]},"properties":{"objectid":7463,"type":"Normal","st_length(shape)":46.210741277763333,"slopelessthan5":null,"slopebtwn5and833":null}},{"type":"Feature","id":7464,"geometry":{"type":"LineString","coordinates":[[-80.438295522710888,37.227594149449658],[-80.438440299720838,37.227633190563957]]},"properties":{"objectid":7464,"type":"Normal","st_length(shape)":44.483328049020542,"slopelessthan5":null,"slopebtwn5and833":null}},{"type":"Feature","id":7467,"geometry":{"type":"LineString","coordinates":[[-80.42543242669133,37.227480124144542],[-80.425465485146532,37.227503424711209],[-80.425447726497438,37.2276138843824],[-80.425287044219857,37.227636000903011]]},"properties":{"objectid":7467,"type":"Normal","st_length(shape)":100.84844161731181,"slopelessthan5":null,"slopebtwn5and833":null}},{"type":"Feature","id":7466,"geometry":{"type":"LineString","coordinates":[[-80.425705479712633,37.227379184957016],[-80.425687685401016,37.227364534699866],[-80.425745637083978,37.227321436315492],[-80.425763297863057,37.227335137890002]]},"properties":{"objectid":7466,"type":"Normal","st_length(shape)":37.641594503536773,"slopelessthan5":null,"slopebtwn5and833":null}},{"type":"Feature","id":7468,"geometry":{"type":"LineString","coordinates":[[-80.425447726497438,37.2276138843824],[-80.425476253260754,37.227634724461502]]},"properties":{"objectid":7468,"type":"Normal","st_length(shape)":11.249616138486468,"slopelessthan5":null,"slopebtwn5and833":null}},{"type":"Feature","id":7469,"geometry":{"type":"LineString","coordinates":[[-80.425465485146532,37.227503424711209],[-80.425598012889481,37.227515141700501],[-80.425624623288229,37.227533805766271]]},"properties":{"objectid":7469,"type":"Normal","st_length(shape)":49.125345530597286,"slopelessthan5":null,"slopebtwn5and833":null}},{"type":"Feature","id":7470,"geometry":{"type":"LineString","coordinates":[[-80.425445670755053,37.227658336691732],[-80.425494692657153,37.227696795990042],[-80.425532116652491,37.227671104647897]]},"properties":{"objectid":7470,"type":"Normal","st_length(shape)":34.354785367459378,"slopelessthan5":null,"slopebtwn5and833":null}},{"type":"Feature","id":7472,"geometry":{"type":"LineString","coordinates":[[-80.424638185208934,37.226990904248979],[-80.424832914656051,37.227148001273036],[-80.424845478257041,37.227158622083799],[-80.424856296499058,37.227171016087638],[-80.424865121935923,37.227184899795901],[-80.424871752703027,37.227199955645887],[-80.424876037134524,37.227215839264439],[-80.424877877232376,37.227232187344782],[-80.424877230907981,37.227248625956527],[-80.424883249391954,37.227345494020362],[-80.425069162471374,37.227349228115514],[-80.42521920417704,37.227237403289422]]},"properties":{"objectid":7472,"type":"Normal","st_length(shape)":269.87011271967634,"slopelessthan5":null,"slopebtwn5and833":null}},{"type":"Feature","id":7473,"geometry":{"type":"LineString","coordinates":[[-80.425907329813782,37.226849652157377],[-80.425881982968903,37.226858725225952],[-80.425758964447141,37.226908763399109]]},"properties":{"objectid":7473,"type":"Normal","st_length(shape)":48.269156521239402,"slopelessthan5":null,"slopebtwn5and833":null}},{"type":"Feature","id":6418,"geometry":{"type":"LineString","coordinates":[[-80.425149113829804,37.226590405765883],[-80.425113855791992,37.226559371938876],[-80.425172082516511,37.22652830596185],[-80.425273433177821,37.226477147311883],[-80.425363518682516,37.226445351602884],[-80.425383163589828,37.226437915601863],[-80.425403662127053,37.226433330139336],[-80.425424602933191,37.226431687235539],[-80.425445565771895,37.226433019859982],[-80.425466129964676,37.226437301269783],[-80.425484533298814,37.226443542191014],[-80.425501581423845,37.226452869207598],[-80.42551676146843,37.226465001728009],[-80.425529616760087,37.226479574760688],[-80.425539760563609,37.226496149894331],[-80.425558156257679,37.22652660695983],[-80.425635686129468,37.226694640820604],[-80.425676228812364,37.226796424544588],[-80.425659598986016,37.226814512382575]]},"properties":{"objectid":6418,"type":"Normal","st_length(shape)":286.08118039690993,"slopelessthan5":null,"slopebtwn5and833":null}},{"type":"Feature","id":7474,"geometry":{"type":"LineString","coordinates":[[-80.425693425257037,37.226440853210008],[-80.425661515160215,37.226448102760386],[-80.42554608569047,37.226477280219427],[-80.425531307508152,37.226481266118718]]},"properties":{"objectid":7474,"type":"Normal","st_length(shape)":49.445323797681112,"slopelessthan5":null,"slopebtwn5and833":null}},{"type":"Feature","id":7475,"geometry":{"type":"LineString","coordinates":[[-80.42393851383703,37.227632555819916],[-80.423920512912332,37.227611689826013],[-80.423973221292982,37.227573630334312],[-80.424021929320361,37.227618158268811],[-80.424081185963914,37.227663170373731],[-80.424096385707884,37.227673764131794]]},"properties":{"objectid":7475,"type":"Normal","st_length(shape)":81.111207570979388,"slopelessthan5":null,"slopebtwn5and833":null}},{"type":"Feature","id":8025,"geometry":{"type":"LineString","coordinates":[[-80.424251364832656,37.228351707254312],[-80.42432233566889,37.228298814041111],[-80.424362420850017,37.228269251957371]]},"properties":{"objectid":8025,"type":"Normal","st_length(shape)":44.121761017902905,"slopelessthan5":null,"slopebtwn5and833":null}},{"type":"Feature","id":8026,"geometry":{"type":"LineString","coordinates":[[-80.424944922950957,37.227839659724474],[-80.424975880660796,37.227816829229894]]},"properties":{"objectid":8026,"type":"Normal","st_length(shape)":12.261061621050205,"slopelessthan5":null,"slopebtwn5and833":null}},{"type":"Feature","id":8027,"geometry":{"type":"LineString","coordinates":[[-80.425024848623252,37.22846233259969],[-80.424859104168576,37.228320102127718]]},"properties":{"objectid":8027,"type":"Normal","st_length(shape)":70.783281370655004,"slopelessthan5":null,"slopebtwn5and833":null}},{"type":"Feature","id":6477,"geometry":{"type":"LineString","coordinates":[[-80.424822238621601,37.228288467130099],[-80.42459767073646,37.228095757530141]]},"properties":{"objectid":6477,"type":"Normal","st_length(shape)":95.904936248242663,"slopelessthan5":null,"slopebtwn5and833":null}},{"type":"Feature","id":8028,"geometry":{"type":"LineString","coordinates":[[-80.424859104168576,37.228320102127718],[-80.424822238621601,37.228288467130099]]},"properties":{"objectid":8028,"type":"Normal","st_length(shape)":15.743783404036529,"slopelessthan5":null,"slopebtwn5and833":null}},{"type":"Feature","id":6773,"geometry":{"type":"LineString","coordinates":[[-80.42413958815122,37.228701290600959],[-80.423972338553895,37.228559660261539],[-80.424206822062231,37.228384904727989]]},"properties":{"objectid":6773,"type":"Normal","st_length(shape)":164.24539203491275,"slopelessthan5":null,"slopebtwn5and833":null}},{"type":"Feature","id":8031,"geometry":{"type":"LineString","coordinates":[[-80.424206822062231,37.228384904727989],[-80.424251364832656,37.228351707254312]]},"properties":{"objectid":8031,"type":"Normal","st_length(shape)":17.727705010570446,"slopelessthan5":null,"slopebtwn5and833":null}},{"type":"Feature","id":8033,"geometry":{"type":"LineString","coordinates":[[-80.427212257861612,37.228434212756547],[-80.427266974749713,37.228406610814275],[-80.427316375799393,37.228369771875677],[-80.427470373339204,37.228236442595779],[-80.4275111051236,37.228203957722258],[-80.427558024422098,37.228171371795284],[-80.427749147652733,37.228072084781495],[-80.427824874563484,37.228024886260329],[-80.427847423732288,37.228007547745811],[-80.427958919659901,37.227924481551121],[-80.428049662166416,37.227843591041811],[-80.428100513692385,37.227799716992799],[-80.428182585553031,37.227742715892859],[-80.428205266917089,37.227722308083244],[-80.428253788895262,37.227659918217803],[-80.428336787435967,37.227566538725384],[-80.428379929808031,37.227516027263128],[-80.42851667564689,37.227329717988496],[-80.428553183967452,37.227276528978443],[-80.428603028234292,37.227199215547138],[-80.428664153194163,37.227095421956371],[-80.428670178332922,37.227055445361856],[-80.428665303859432,37.227002655769887],[-80.428665032579531,37.226957545600918],[-80.428714448620369,37.226925017534938],[-80.42876659767964,37.226895967903722],[-80.42879905586291,37.226855257451987],[-80.428804494533793,37.22674924263638],[-80.428780289050806,37.226680526003946],[-80.428773556180744,37.2266366552291],[-80.428856348388095,37.226494385017666],[-80.42890060968341,37.226513407945319],[-80.428967675163989,37.226458458551022],[-80.429052209459002,37.226384374206404],[-80.4291307352605,37.226309238860559],[-80.429157702777147,37.226284661769398],[-80.429192604370897,37.226266851615335],[-80.429218234326953,37.226223678571941],[-80.429278793152932,37.226144187954375],[-80.429305416034737,37.226125710033202],[-80.429371912500841,37.226095660424477],[-80.429402344947391,37.226071717021583],[-80.429488752492787,37.225977209301256],[-80.429543912544872,37.22591894277226],[-80.429558323303667,37.225896451823388],[-80.429564109561085,37.225871534102353],[-80.42954908376575,37.225828125189359],[-80.429554891900011,37.225804063329662],[-80.429615637773168,37.225751711601269],[-80.429717323040848,37.225625933590003],[-80.429798439338825,37.225533019071044],[-80.429850596799341,37.225477020434511],[-80.429867372797716,37.225468755379339],[-80.429937371719973,37.225470807753091],[-80.429977018228001,37.225458173354376],[-80.430003393536722,37.225434569212453],[-80.430015418938581,37.225396817925542],[-80.430005448313025,37.225358625952936],[-80.429993665178742,37.225327655853917],[-80.429988853327259,37.225295772330597],[-80.430002264899059,37.225273179590985],[-80.430086120439682,37.225191903401807],[-80.430114289990243,37.225160280019061],[-80.430172380236627,37.225087414944426],[-80.430193864387775,37.225067886125302],[-80.430239564335025,37.225057550959043],[-80.43027024647661,37.225053579273904],[-80.430304136333632,37.225042779277047],[-80.430332296627668,37.225016705190974],[-80.430341964953286,37.224977273664891],[-80.43034512054227,37.224933679267579],[-80.43033982349867,37.224851802302616],[-80.430322918312555,37.224775238967531],[-80.430315467117794,37.224734378574517],[-80.430325091756373,37.22469323983082],[-80.430341621934375,37.224671625312205],[-80.430380301527052,37.224639402770862],[-80.430439972418142,37.224596549665726],[-80.430530052882574,37.224513916741152],[-80.430651186925161,37.2244035165076],[-80.430725337250465,37.224334154009419],[-80.43073595779488,37.224325307237962],[-80.430748299486652,37.224307344672567]]},"properties":{"objectid":8033,"type":"Normal","st_length(shape)":1949.9938249021452,"slopelessthan5":null,"slopebtwn5and833":null}},{"type":"Feature","id":5859,"geometry":{"type":"LineString","coordinates":[[-80.425919160073263,37.227119775256568],[-80.425877157783006,37.227068368251324],[-80.425861359540292,37.227049033035769],[-80.425814154477905,37.226991258615719],[-80.425758964447141,37.226908763399109],[-80.425747612996261,37.226899248093268],[-80.425659598986016,37.226814512382575]]},"properties":{"objectid":5859,"type":"Normal","st_length(shape)":134.85201572447812,"slopelessthan5":null,"slopebtwn5and833":null}},{"type":"Feature","id":6665,"geometry":{"type":"LineString","coordinates":[[-80.427946613028041,37.229329239932561],[-80.427799385107946,37.229153456451414],[-80.427768853304485,37.229117003403722],[-80.427713756022399,37.229046140397259],[-80.427531951057517,37.228812314480507],[-80.42740232201659,37.228670835259273],[-80.427217351452853,37.228439912222278],[-80.427212257861612,37.228434212756547]]},"properties":{"objectid":6665,"type":"Normal","st_length(shape)":389.88556176325596,"slopelessthan5":null,"slopebtwn5and833":null}},{"type":"Feature","id":8032,"geometry":{"type":"LineString","coordinates":[[-80.427212257861612,37.228434212756547],[-80.427200522210427,37.228418567670587],[-80.427191627846142,37.228401149734218],[-80.427185835578925,37.228382469695035],[-80.427183315255917,37.228363075309375],[-80.427184140780739,37.228343535280402],[-80.427188287946478,37.22832442258202],[-80.427195635145452,37.228306297657447],[-80.427205966935119,37.228289691985353],[-80.427218980355562,37.228275092495238],[-80.427259127375123,37.228227470309882],[-80.427282001310317,37.22818894286808],[-80.42729966674068,37.22813333013503],[-80.427303170963782,37.22808367265732],[-80.427307061879219,37.228023690085458],[-80.42730272650833,37.227970702386848],[-80.427296203347424,37.227941812841216],[-80.427192974356444,37.227871448846344]]},"properties":{"objectid":8032,"type":"Normal","st_length(shape)":228.72381608137832,"slopelessthan5":null,"slopebtwn5and833":null}},{"type":"Feature","id":8034,"geometry":{"type":"LineString","coordinates":[[-80.430701381519441,37.224307582162126],[-80.430713010324681,37.224309968217575],[-80.430724857029972,37.224310728444905],[-80.430736695432174,37.224309848328204],[-80.430748299486652,37.224307344672567]]},"properties":{"objectid":8034,"type":"Normal","st_length(shape)":13.917758700402613,"slopelessthan5":null,"slopebtwn5and833":null}},{"type":"Feature","id":8145,"geometry":{"type":"LineString","coordinates":[[-80.425622943814972,37.2294566079837],[-80.425650381744958,37.229423785450571],[-80.425915923296273,37.22920926994491],[-80.426258135803593,37.228957061168067],[-80.426503487266814,37.228782732934981]]},"properties":{"objectid":8145,"type":"Normal","st_length(shape)":355.32114778701799,"slopelessthan5":null,"slopebtwn5and833":null}},{"type":"Feature","id":8147,"geometry":{"type":"LineString","coordinates":[[-80.426465469524047,37.22945180625311],[-80.426551212237015,37.229329501741987],[-80.426659681945992,37.229162282164978],[-80.426784467838516,37.229010705583086],[-80.426844252027323,37.229057288575454],[-80.426890232981194,37.229060542404973],[-80.426904948311346,37.229049397585648]]},"properties":{"objectid":8147,"type":"Normal","st_length(shape)":229.35175473585699,"slopelessthan5":null,"slopebtwn5and833":null}},{"type":"Feature","id":8148,"geometry":{"type":"LineString","coordinates":[[-80.426784467838516,37.229010705583086],[-80.426980224534915,37.228746397912694],[-80.427101663532724,37.228615294148064]]},"properties":{"objectid":8148,"type":"Normal","st_length(shape)":171.24517243547902,"slopelessthan5":null,"slopebtwn5and833":null}},{"type":"Feature","id":8150,"geometry":{"type":"LineString","coordinates":[[-80.426495858653738,37.229408457952033],[-80.426416848055936,37.229360562639386],[-80.426283933391275,37.229467060452173]]},"properties":{"objectid":8150,"type":"Normal","st_length(shape)":83.646609764170648,"slopelessthan5":null,"slopebtwn5and833":null}},{"type":"Feature","id":8152,"geometry":{"type":"LineString","coordinates":[[-80.426283933391275,37.229467060452173],[-80.426267644759307,37.229453354584152]]},"properties":{"objectid":8152,"type":"Normal","st_length(shape)":6.8841225177253049,"slopelessthan5":null,"slopebtwn5and833":null}},{"type":"Feature","id":8153,"geometry":{"type":"LineString","coordinates":[[-80.426448964513114,37.229256648858097],[-80.426544916456763,37.22933848121879]]},"properties":{"objectid":8153,"type":"Normal","st_length(shape)":40.842419711210731,"slopelessthan5":null,"slopebtwn5and833":null}},{"type":"Feature","id":8226,"geometry":{"type":"LineString","coordinates":[[-80.427109910762468,37.228851957857152],[-80.427069825030472,37.22877737324351],[-80.427038944722213,37.228682176532004]]},"properties":{"objectid":8226,"type":"Normal","st_length(shape)":65.365037468592504,"slopelessthan5":null,"slopebtwn5and833":null}},{"type":"Feature","id":8242,"geometry":{"type":"LineString","coordinates":[[-80.424447629378321,37.229217010557861],[-80.424170834411655,37.229422664473589]]},"properties":{"objectid":8242,"type":"Normal","st_length(shape)":110.00298984513422,"slopelessthan5":null,"slopebtwn5and833":null}},{"type":"Feature","id":9099,"geometry":{"type":"LineString","coordinates":[[-80.424405886548016,37.228923673217807],[-80.424447163141267,37.228988790242703],[-80.42450868335392,37.229017759385059],[-80.424654042666347,37.229076952377454],[-80.424754434237514,37.229120677887735],[-80.424782518324179,37.229149381826282],[-80.424829842025204,37.2292367582126],[-80.424901087389131,37.229368301157642]]},"properties":{"objectid":9099,"type":"Normal","st_length(shape)":228.27087046290563,"slopelessthan5":null,"slopebtwn5and833":null}},{"type":"Feature","id":9100,"geometry":{"type":"LineString","coordinates":[[-80.423635479241085,37.228222727289456],[-80.42370003149891,37.228252489226797],[-80.423735140713362,37.228278649064045],[-80.423770724605674,37.228323431544808],[-80.423845755499201,37.22844533458418],[-80.423880183336664,37.22848446591285],[-80.423972338553895,37.228559660261539]]},"properties":{"objectid":9100,"type":"Normal","st_length(shape)":160.20504146974966,"slopelessthan5":null,"slopebtwn5and833":null}},{"type":"Feature","id":9101,"geometry":{"type":"LineString","coordinates":[[-80.424447629378321,37.229217010557861],[-80.424199180645701,37.228993232090545]]},"properties":{"objectid":9101,"type":"Normal","st_length(shape)":108.95177621632519,"slopelessthan5":null,"slopebtwn5and833":null}},{"type":"Feature","id":9498,"geometry":{"type":"LineString","coordinates":[[-80.423972338553895,37.228559660261539],[-80.42394339927678,37.228578613617501],[-80.424041841166826,37.228744381577634],[-80.424120002972671,37.22886027234199],[-80.424199180645701,37.228993232090545]]},"properties":{"objectid":9498,"type":"Normal","st_length(shape)":179.26355221616868,"slopelessthan5":null,"slopebtwn5and833":null}},{"type":"Feature","id":9508,"geometry":{"type":"LineString","coordinates":[[-80.438435969713353,37.22434140883577],[-80.438341691210553,37.224410195634199]]},"properties":{"objectid":9508,"type":"Normal","st_length(shape)":37.158308586101747,"slopelessthan5":null,"slopebtwn5and833":null}},{"type":"Feature","id":5919,"geometry":{"type":"LineString","coordinates":[[-80.432715966822641,37.230630621151299],[-80.432771234185751,37.230667620622619],[-80.432799801906683,37.230693059354969],[-80.432812864409911,37.230710836888242],[-80.432835129487046,37.230736378808153],[-80.432849184305198,37.230757737110181],[-80.432861567658151,37.230784160950755],[-80.432874917222136,37.230805400111493],[-80.432885626358157,37.23083686970682],[-80.432900499436656,37.23087618168082],[-80.432909433761623,37.23091559089567],[-80.43291820495574,37.230948673971845],[-80.43292043980604,37.231009574921607],[-80.432918644586849,37.231048715490971],[-80.432913909850356,37.231082315336884],[-80.432905521745397,37.2311372083281],[-80.432891286695494,37.231236893479313],[-80.432871346640113,37.231386959119668],[-80.432866086649241,37.231426546672701],[-80.432750132156642,37.231437002003453]]},"properties":{"objectid":5919,"type":"Normal","st_length(shape)":342.54859255607687,"slopelessthan5":null,"slopebtwn5and833":null}},{"type":"Feature","id":5965,"geometry":{"type":"LineString","coordinates":[[-80.424209924755871,37.231328805106344],[-80.424165391190215,37.231361593191153],[-80.424073302397886,37.231429395152887]]},"properties":{"objectid":5965,"type":"Normal","st_length(shape)":54.068275700489806,"slopelessthan5":null,"slopebtwn5and833":null}},{"type":"Feature","id":6004,"geometry":{"type":"LineString","coordinates":[[-80.425173584521289,37.230912008462937],[-80.425123281775029,37.23094046932232],[-80.425048694321831,37.231009408876076],[-80.424981527626102,37.231088720989234]]},"properties":{"objectid":6004,"type":"Normal","st_length(shape)":86.004886878311808,"slopelessthan5":null,"slopebtwn5and833":null}},{"type":"Feature","id":6020,"geometry":{"type":"LineString","coordinates":[[-80.434920354204252,37.231104223421298],[-80.434877853941813,37.231056495893412],[-80.434757882501728,37.231008537480996],[-80.434682220084412,37.230965422697444],[-80.434571652696746,37.230840371925233]]},"properties":{"objectid":6020,"type":"Normal","st_length(shape)":143.19027476089843,"slopelessthan5":null,"slopebtwn5and833":null}},{"type":"Feature","id":6060,"geometry":{"type":"LineString","coordinates":[[-80.424859463653263,37.231121985886865],[-80.424733899050835,37.231016349075702]]},"properties":{"objectid":6060,"type":"Normal","st_length(shape)":53.0625409754456,"slopelessthan5":null,"slopebtwn5and833":null}},{"type":"Feature","id":6112,"geometry":{"type":"LineString","coordinates":[[-80.424165391190215,37.231361593191153],[-80.424119452922,37.231322835216616],[-80.424114848601363,37.231318950035686]]},"properties":{"objectid":6112,"type":"Normal","st_length(shape)":21.391041791070876,"slopelessthan5":null,"slopebtwn5and833":null}},{"type":"Feature","id":6115,"geometry":{"type":"LineString","coordinates":[[-80.424119452922,37.231322835216616],[-80.424176138084903,37.23127822885813]]},"properties":{"objectid":6115,"type":"Normal","st_length(shape)":23.154032330489962,"slopelessthan5":null,"slopebtwn5and833":null}},{"type":"Feature","id":6632,"geometry":{"type":"LineString","coordinates":[[-80.428119015842327,37.230000672332892],[-80.428143176794464,37.230019756199404],[-80.428172586030215,37.230045778026167],[-80.428305250584728,37.230214596817412],[-80.428394798767187,37.230372119254],[-80.428429988892717,37.230454721006247],[-80.428462165613084,37.230545636734441],[-80.428499134226385,37.230666251630119],[-80.428519775463457,37.230747802205677],[-80.428537519003186,37.230810700316113],[-80.428566425148844,37.230977405987304],[-80.428579911749551,37.231081116997196],[-80.428607990079087,37.231190364124735],[-80.428654642181471,37.231319515432986],[-80.428692741583774,37.231396842140654],[-80.428693774028005,37.231437244168688],[-80.428673289848305,37.231483772255636],[-80.42864123040259,37.231501615081015],[-80.428247735009435,37.231654130314503],[-80.42797660972802,37.231788475796705],[-80.427963680778788,37.23179495086373],[-80.426783729146408,37.232385878279601]]},"properties":{"objectid":6632,"type":"Normal","st_length(shape)":1216.4503582837651,"slopelessthan5":null,"slopebtwn5and833":null}},{"type":"Feature","id":6639,"geometry":{"type":"LineString","coordinates":[[-80.434458933315057,37.23080545039933],[-80.434466269839845,37.230802348000559],[-80.434473009106554,37.23079810161876],[-80.43447897422368,37.230792822712452],[-80.434484008619549,37.230786649841768],[-80.434487980151886,37.230779745031491],[-80.434490784576411,37.230772289518278],[-80.434492348282902,37.230764478993571],[-80.434492630227354,37.230756518467118],[-80.43449162300935,37.230748616885876],[-80.434489353066226,37.230740981649646],[-80.434485879979164,37.230733813167205],[-80.434481294909375,37.230727299596055],[-80.434448322527132,37.230688129386856],[-80.434283589713999,37.230779567345685],[-80.434355807072535,37.230861250665143],[-80.434458933315057,37.23080545039933]]},"properties":{"objectid":6639,"type":"Normal","st_length(shape)":180.93559992686608,"slopelessthan5":null,"slopebtwn5and833":null}},{"type":"Feature","id":6688,"geometry":{"type":"LineString","coordinates":[[-80.429399934630794,37.231180834263178],[-80.429560059490612,37.231224882699642],[-80.429632672107942,37.231244309897136],[-80.429687347469439,37.231247176290189],[-80.429743751784073,37.231243998334833],[-80.429787321313327,37.231243033722812],[-80.429854716119067,37.231239175832997],[-80.429916227533226,37.231237802489296],[-80.429992011191644,37.2312331710677],[-80.430052870902472,37.231229321669574],[-80.430111310273915,37.231222947665181],[-80.430179948157374,37.231219568574708],[-80.430208120896722,37.231216852008522],[-80.430230340279323,37.231217277313654],[-80.430277419443144,37.231215550329871],[-80.430293446536211,37.231218501328087],[-80.430327343165956,37.231218699617017],[-80.430369707993691,37.231218758517969],[-80.430425620217378,37.231219434956472],[-80.430485686097114,37.231225886455533],[-80.430678470648175,37.231240870983974],[-80.430719971628179,37.23124395236885],[-80.430809543276709,37.23124925596948],[-80.430991167275238,37.231260691224847],[-80.431198365798437,37.231293588251994],[-80.431367352429191,37.231319215777049],[-80.431904667565831,37.231371567430152],[-80.432189763846395,37.231402248723057],[-80.43232095241089,37.231415142863113],[-80.432558270803341,37.23143944645377],[-80.432644906840665,37.23144493642576],[-80.432728368335873,37.231438964421116],[-80.432750132156642,37.231437002003453]]},"properties":{"objectid":6688,"type":"Normal","st_length(shape)":985.56661456907227,"slopelessthan5":null,"slopebtwn5and833":null}},{"type":"Feature","id":6691,"geometry":{"type":"LineString","coordinates":[[-80.429399934630794,37.231180834263178],[-80.429318103254857,37.231296122636024],[-80.429299151573318,37.231313424442931],[-80.429277774674674,37.231327621166486],[-80.42925447647518,37.23133837814823],[-80.429229806181823,37.231345441814504],[-80.42918795712977,37.231354890038162],[-80.429145216241579,37.231358608715929],[-80.429102364279132,37.231356529917498],[-80.429060184033375,37.231348691616958],[-80.429019446024739,37.231335236999129],[-80.42898089442788,37.231316411843949],[-80.428945233477506,37.231292560036749],[-80.428913114603972,37.231264117286337],[-80.428885124533323,37.231231603165817],[-80.4288836237033,37.231216685286917],[-80.428884604753932,37.231201724232761],[-80.428888040794831,37.231187130082404],[-80.428893837644921,37.231173302858146],[-80.429057166596394,37.230786089255609]]},"properties":{"objectid":6691,"type":"Normal","st_length(shape)":368.76109361489927,"slopelessthan5":null,"slopebtwn5and833":null}},{"type":"Feature","id":6898,"geometry":{"type":"LineString","coordinates":[[-80.434283589713999,37.230779567345685],[-80.434202865727187,37.230824374264529]]},"properties":{"objectid":6898,"type":"Normal","st_length(shape)":28.608719000567419,"slopelessthan5":null,"slopebtwn5and833":null}},{"type":"Feature","id":7024,"geometry":{"type":"LineString","coordinates":[[-80.434492044745696,37.230767367533723],[-80.434500700818603,37.230768139581905],[-80.434574235142676,37.230830130681383],[-80.434571652696746,37.230840371925233]]},"properties":{"objectid":7024,"type":"Normal","st_length(shape)":37.448102780769702,"slopelessthan5":null,"slopebtwn5and833":null}},{"type":"Feature","id":6431,"geometry":{"type":"LineString","coordinates":[[-80.434920354204252,37.231104223421298],[-80.434821364648911,37.231212965263268],[-80.434774002586792,37.231236719752232],[-80.43452702858265,37.231332684755195],[-80.4342876424748,37.231401309749756],[-80.434157648037825,37.231435027009944],[-80.434085574455651,37.231451249404628],[-80.434001266057976,37.231467672202569],[-80.433881240291882,37.231475707805373],[-80.43376939172478,37.231482804486475],[-80.43365097572304,37.231490760308517],[-80.433551342653871,37.231496905017266],[-80.433512779328495,37.231498288329995],[-80.43342850701373,37.231487305713927],[-80.433362249600975,37.231473349379641],[-80.433292304954151,37.231462461878266],[-80.433245002694207,37.231453459436224],[-80.433221828645344,37.231450252566233],[-80.433198441027713,37.231450835572602],[-80.433175455544273,37.231455193107088],[-80.43315347731145,37.231463210453128],[-80.433103937192783,37.231493401741091],[-80.433092999958518,37.231499418455421]]},"properties":{"objectid":6431,"type":"Normal","st_length(shape)":578.0226140779863,"slopelessthan5":null,"slopebtwn5and833":null}},{"type":"Feature","id":7387,"geometry":{"type":"LineString","coordinates":[[-80.429055181044035,37.231346669660411],[-80.429052447028027,37.231352157181192],[-80.42902411319902,37.231410448259027],[-80.429015625159479,37.231421013896565],[-80.428963328884223,37.231428545162196],[-80.428955613887169,37.231406732220265],[-80.42891330945443,37.231417507938403],[-80.42870300222701,37.231448980403968],[-80.428689392362372,37.231447198316026]]},"properties":{"objectid":7387,"type":"Normal","st_length(shape)":132.44714285263009,"slopelessthan5":null,"slopebtwn5and833":null}},{"type":"Feature","id":8080,"geometry":{"type":"LineString","coordinates":[[-80.425565344489755,37.231230920071987],[-80.425478316371624,37.231302146589535]]},"properties":{"objectid":8080,"type":"Normal","st_length(shape)":36.255620471691714,"slopelessthan5":null,"slopebtwn5and833":null}},{"type":"Feature","id":8082,"geometry":{"type":"LineString","coordinates":[[-80.425522552542077,37.23126594248707],[-80.42565758068956,37.231390819683497]]},"properties":{"objectid":8082,"type":"Normal","st_length(shape)":60.104858630236272,"slopelessthan5":null,"slopebtwn5and833":null}},{"type":"Feature","id":8075,"geometry":{"type":"LineString","coordinates":[[-80.425909731686019,37.231665116532419],[-80.425771424215654,37.231549404166259],[-80.425478316371624,37.231302146589535]]},"properties":{"objectid":8075,"type":"Normal","st_length(shape)":182.31830273126801,"slopelessthan5":null,"slopebtwn5and833":null}},{"type":"Feature","id":8081,"geometry":{"type":"LineString","coordinates":[[-80.425656159485925,37.231308919082146],[-80.425708061301719,37.231353731335382],[-80.425617948512865,37.231419936764091],[-80.425481859063339,37.23152314700981]]},"properties":{"objectid":8081,"type":"Normal","st_length(shape)":112.47151231108469,"slopelessthan5":null,"slopebtwn5and833":null}},{"type":"Feature","id":8079,"geometry":{"type":"LineString","coordinates":[[-80.424947737325013,37.231223856747405],[-80.424984174086546,37.23125232169356],[-80.425131425781359,37.231365856704308]]},"properties":{"objectid":8079,"type":"Normal","st_length(shape)":74.383418897949213,"slopelessthan5":null,"slopebtwn5and833":null}},{"type":"Feature","id":8109,"geometry":{"type":"LineString","coordinates":[[-80.424488477547328,37.231539669575106],[-80.424431997759299,37.231428723307047]]},"properties":{"objectid":8109,"type":"Normal","st_length(shape)":43.613301061903393,"slopelessthan5":null,"slopebtwn5and833":null}},{"type":"Feature","id":8110,"geometry":{"type":"LineString","coordinates":[[-80.424859463653263,37.231121985886865],[-80.424831693255697,37.231163200958903],[-80.424812141820567,37.23124577429909]]},"properties":{"objectid":8110,"type":"Normal","st_length(shape)":47.644098566501526,"slopelessthan5":null,"slopebtwn5and833":null}},{"type":"Feature","id":8114,"geometry":{"type":"LineString","coordinates":[[-80.425289151204979,37.230849054637076],[-80.425232645074331,37.230878591906134],[-80.425173584521289,37.230912008462937]]},"properties":{"objectid":8114,"type":"Normal","st_length(shape)":40.717763142765229,"slopelessthan5":null,"slopebtwn5and833":null}},{"type":"Feature","id":8113,"geometry":{"type":"LineString","coordinates":[[-80.424618472239985,37.231347420441246],[-80.424477807313394,37.231394967072106]]},"properties":{"objectid":8113,"type":"Normal","st_length(shape)":44.46050043018564,"slopelessthan5":null,"slopebtwn5and833":null}},{"type":"Feature","id":8112,"geometry":{"type":"LineString","coordinates":[[-80.424531890850062,37.231259610580715],[-80.424568475569259,37.231284379789763],[-80.424624864270356,37.23125640398063],[-80.424679872031447,37.23125719792835],[-80.424765228122723,37.231316887856046]]},"properties":{"objectid":8112,"type":"Normal","st_length(shape)":82.305341591939353,"slopelessthan5":null,"slopebtwn5and833":null}},{"type":"Feature","id":8124,"geometry":{"type":"LineString","coordinates":[[-80.424947737325013,37.231223856747405],[-80.424918692484539,37.231244270317958],[-80.42484722035033,37.231248297320107],[-80.424812141820567,37.23124577429909]]},"properties":{"objectid":8124,"type":"Normal","st_length(shape)":42.370993760396267,"slopelessthan5":null,"slopebtwn5and833":null}},{"type":"Feature","id":8121,"geometry":{"type":"LineString","coordinates":[[-80.427308950350479,37.231259733986327],[-80.427129348984252,37.23109612458714],[-80.427161701553658,37.231073995399079],[-80.426490151400472,37.230492985107617]]},"properties":{"objectid":8121,"type":"Normal","st_length(shape)":379.70974538951396,"slopelessthan5":null,"slopebtwn5and833":null}},{"type":"Feature","id":8169,"geometry":{"type":"LineString","coordinates":[[-80.425235175744746,37.231279782209214],[-80.425173584521289,37.230912008462937]]},"properties":{"objectid":8169,"type":"Normal","st_length(shape)":135.09962149577819,"slopelessthan5":null,"slopebtwn5and833":null}},{"type":"Feature","id":8170,"geometry":{"type":"LineString","coordinates":[[-80.425289151204979,37.230849054637076],[-80.425532081255867,37.231063270907796]]},"properties":{"objectid":8170,"type":"Normal","st_length(shape)":105.28621348877731,"slopelessthan5":null,"slopebtwn5and833":null}},{"type":"Feature","id":8171,"geometry":{"type":"LineString","coordinates":[[-80.425532081255867,37.231063270907796],[-80.425289199707976,37.231267990201189]]},"properties":{"objectid":8171,"type":"Normal","st_length(shape)":102.7411169625686,"slopelessthan5":null,"slopebtwn5and833":null}},{"type":"Feature","id":8172,"geometry":{"type":"LineString","coordinates":[[-80.425409425085704,37.231260474718482],[-80.425356207058158,37.231211511773154]]},"properties":{"objectid":8172,"type":"Normal","st_length(shape)":23.618893842254153,"slopelessthan5":null,"slopebtwn5and833":null}},{"type":"Feature","id":8173,"geometry":{"type":"LineString","coordinates":[[-80.425356207058158,37.231211511773154],[-80.42520254643911,37.231084947187846]]},"properties":{"objectid":8173,"type":"Normal","st_length(shape)":64.224246013049495,"slopelessthan5":null,"slopebtwn5and833":null}},{"type":"Feature","id":8175,"geometry":{"type":"LineString","coordinates":[[-80.425437161911645,37.231512038632516],[-80.425481859063339,37.23152314700981]]},"properties":{"objectid":8175,"type":"Normal","st_length(shape)":13.626712731150411,"slopelessthan5":null,"slopebtwn5and833":null}},{"type":"Feature","id":8178,"geometry":{"type":"LineString","coordinates":[[-80.425350926474778,37.231257647974964],[-80.425409425085704,37.231260474718482]]},"properties":{"objectid":8178,"type":"Normal","st_length(shape)":17.061800969925258,"slopelessthan5":null,"slopebtwn5and833":null}},{"type":"Feature","id":8179,"geometry":{"type":"LineString","coordinates":[[-80.425289199707976,37.231267990201189],[-80.425337432344477,37.231256995624186],[-80.425350926474778,37.231257647974964]]},"properties":{"objectid":8179,"type":"Normal","st_length(shape)":18.537167083479737,"slopelessthan5":null,"slopebtwn5and833":null}},{"type":"Feature","id":8180,"geometry":{"type":"LineString","coordinates":[[-80.425235175744746,37.231279782209214],[-80.425252927738981,37.231276258890958],[-80.425289199707976,37.231267990201189]]},"properties":{"objectid":8180,"type":"Normal","st_length(shape)":16.305621132273906,"slopelessthan5":null,"slopebtwn5and833":null}},{"type":"Feature","id":8181,"geometry":{"type":"LineString","coordinates":[[-80.425162959884887,37.231294114165486],[-80.425235175744746,37.231279782209214]]},"properties":{"objectid":8181,"type":"Normal","st_length(shape)":21.662129044614009,"slopelessthan5":null,"slopebtwn5and833":null}},{"type":"Feature","id":8182,"geometry":{"type":"LineString","coordinates":[[-80.424981527626102,37.231088720989234],[-80.424971129320127,37.231207416267537]]},"properties":{"objectid":8182,"type":"Normal","st_length(shape)":43.322191055035432,"slopelessthan5":null,"slopebtwn5and833":null}},{"type":"Feature","id":8185,"geometry":{"type":"LineString","coordinates":[[-80.425481859063339,37.23152314700981],[-80.425485852882986,37.2314926275657],[-80.425464120395745,37.231439359404881],[-80.425413833132325,37.231398096095575],[-80.425372429477434,37.231339040781165],[-80.425359216863541,37.231286990970219],[-80.425350926474778,37.231257647974964]]},"properties":{"objectid":8185,"type":"Normal","st_length(shape)":107.49073848589504,"slopelessthan5":null,"slopebtwn5and833":null}},{"type":"Feature","id":8186,"geometry":{"type":"LineString","coordinates":[[-80.425478316371624,37.231302146589535],[-80.425409425085704,37.231260474718482]]},"properties":{"objectid":8186,"type":"Normal","st_length(shape)":25.148794006611638,"slopelessthan5":null,"slopebtwn5and833":null}},{"type":"Feature","id":8184,"geometry":{"type":"LineString","coordinates":[[-80.425162959884887,37.231294114165486],[-80.425131425781359,37.231365856704308]]},"properties":{"objectid":8184,"type":"Normal","st_length(shape)":27.687397249755698,"slopelessthan5":null,"slopebtwn5and833":null}},{"type":"Feature","id":8168,"geometry":{"type":"LineString","coordinates":[[-80.425231995692343,37.231443397723886],[-80.425265617813352,37.23142761861979],[-80.425235175744746,37.231279782209214]]},"properties":{"objectid":8168,"type":"Normal","st_length(shape)":65.900997408080954,"slopelessthan5":null,"slopebtwn5and833":null}},{"type":"Feature","id":8177,"geometry":{"type":"LineString","coordinates":[[-80.425409425085704,37.231260474718482],[-80.425429432536845,37.231248247862986],[-80.425538616235116,37.231252795742137]]},"properties":{"objectid":8177,"type":"Normal","st_length(shape)":39.160974076501269,"slopelessthan5":null,"slopebtwn5and833":null}},{"type":"Feature","id":8183,"geometry":{"type":"LineString","coordinates":[[-80.424971129320127,37.231207416267537],[-80.42502612649858,37.23121199470657],[-80.425098735555821,37.231234999213498],[-80.425143016484199,37.231264045497497],[-80.425162959884887,37.231294114165486]]},"properties":{"objectid":8183,"type":"Normal","st_length(shape)":67.902098843022301,"slopelessthan5":null,"slopebtwn5and833":null}},{"type":"Feature","id":8204,"geometry":{"type":"LineString","coordinates":[[-80.426986050802228,37.231767482613201],[-80.427219191497727,37.231955088146712]]},"properties":{"objectid":8204,"type":"Normal","st_length(shape)":96.294265121042656,"slopelessthan5":null,"slopebtwn5and833":null}},{"type":"Feature","id":8205,"geometry":{"type":"LineString","coordinates":[[-80.427318158616799,37.232041033715724],[-80.427323562066121,37.232053163271075],[-80.42731135075033,37.232121644646163]]},"properties":{"objectid":8205,"type":"Normal","st_length(shape)":29.873964599090062,"slopelessthan5":null,"slopebtwn5and833":null}},{"type":"Feature","id":8206,"geometry":{"type":"LineString","coordinates":[[-80.427318158616799,37.232041033715724],[-80.427374716498093,37.232028571194455],[-80.42743712657834,37.232012618866356],[-80.427470842197096,37.232003244817584],[-80.427493839239233,37.232006262648063],[-80.427508961374187,37.232022679530573]]},"properties":{"objectid":8206,"type":"Normal","st_length(shape)":60.754645015546721,"slopelessthan5":null,"slopebtwn5and833":null}},{"type":"Feature","id":8211,"geometry":{"type":"LineString","coordinates":[[-80.427219191497727,37.231955088146712],[-80.427318158616799,37.232041033715724]]},"properties":{"objectid":8211,"type":"Normal","st_length(shape)":42.536381112881813,"slopelessthan5":null,"slopebtwn5and833":null}},{"type":"Feature","id":8217,"geometry":{"type":"LineString","coordinates":[[-80.42830246940261,37.231632915936409],[-80.428233529236806,37.23158225799795],[-80.428157900800187,37.23152940378634],[-80.428099185752714,37.231515515093527],[-80.428030703530297,37.231534663761238],[-80.427999018721181,37.231540483498335]]},"properties":{"objectid":8217,"type":"Normal","st_length(shape)":104.91217401433906,"slopelessthan5":null,"slopebtwn5and833":null}},{"type":"Feature","id":8218,"geometry":{"type":"LineString","coordinates":[[-80.427999018721181,37.231540483498335],[-80.427910188732142,37.231541934277878],[-80.427844585907565,37.231547120919494],[-80.427761084858588,37.231601427659527],[-80.427742447224617,37.231578969243543]]},"properties":{"objectid":8218,"type":"Normal","st_length(shape)":86.207528525272352,"slopelessthan5":null,"slopebtwn5and833":null}},{"type":"Feature","id":8219,"geometry":{"type":"LineString","coordinates":[[-80.427693087317948,37.230933276766187],[-80.427755616995057,37.230888814750031]]},"properties":{"objectid":8219,"type":"Normal","st_length(shape)":24.361094164064557,"slopelessthan5":null,"slopebtwn5and833":null}},{"type":"Feature","id":8228,"geometry":{"type":"LineString","coordinates":[[-80.424981527626102,37.231088720989234],[-80.424891299827209,37.231098101043443],[-80.424859463653263,37.231121985886865]]},"properties":{"objectid":8228,"type":"Normal","st_length(shape)":39.198707388195629,"slopelessthan5":null,"slopebtwn5and833":null}},{"type":"Feature","id":8231,"geometry":{"type":"LineString","coordinates":[[-80.424971129320127,37.231207416267537],[-80.424947737325013,37.231223856747405]]},"properties":{"objectid":8231,"type":"Normal","st_length(shape)":9.0669006301579333,"slopelessthan5":null,"slopebtwn5and833":null}},{"type":"Feature","id":8233,"geometry":{"type":"LineString","coordinates":[[-80.424812141820567,37.23124577429909],[-80.424765228122723,37.231316887856046]]},"properties":{"objectid":8233,"type":"Normal","st_length(shape)":29.273528090540772,"slopelessthan5":null,"slopebtwn5and833":null}},{"type":"Feature","id":8203,"geometry":{"type":"LineString","coordinates":[[-80.427308950350479,37.231259733986327],[-80.427275099172689,37.231285592850099],[-80.426846371967542,37.231616361776211],[-80.426374641531794,37.231991951268007]]},"properties":{"objectid":8203,"type":"Normal","st_length(shape)":380.87995106576841,"slopelessthan5":null,"slopebtwn5and833":null}},{"type":"Feature","id":8240,"geometry":{"type":"LineString","coordinates":[[-80.427324423801863,37.230458052489183],[-80.427389709297955,37.230521469673342],[-80.427422905042292,37.230524999656083],[-80.427612854067249,37.230683443832461],[-80.427657809801261,37.230748550174781],[-80.427684496820476,37.230862825942445],[-80.427693087317948,37.230933276766187],[-80.427656446086971,37.230994285336642],[-80.427308950350479,37.231259733986327]]},"properties":{"objectid":8240,"type":"Normal","st_length(shape)":379.3004030949395,"slopelessthan5":null,"slopebtwn5and833":null}},{"type":"Feature","id":8241,"geometry":{"type":"LineString","coordinates":[[-80.426269517662519,37.231897519782358],[-80.426374641531794,37.231991951268007]]},"properties":{"objectid":8241,"type":"Normal","st_length(shape)":46.02994119823741,"slopelessthan5":null,"slopebtwn5and833":null}},{"type":"Feature","id":7386,"geometry":{"type":"LineString","coordinates":[[-80.430746762185009,37.230286052880928],[-80.430771173912348,37.230338174041748],[-80.430779765196505,37.230363955309919]]},"properties":{"objectid":7386,"type":"Normal","st_length(shape)":29.978546792465934,"slopelessthan5":null,"slopebtwn5and833":null}},{"type":"Feature","id":5992,"geometry":{"type":"LineString","coordinates":[[-80.424922088673583,37.233546440529125],[-80.424718791584866,37.233600130610391],[-80.423850110742279,37.233758561313898]]},"properties":{"objectid":5992,"type":"Normal","st_length(shape)":321.71570029532955,"slopelessthan5":null,"slopebtwn5and833":null}},{"type":"Feature","id":6153,"geometry":{"type":"LineString","coordinates":[[-80.423521369923549,37.231519300640763],[-80.423171562931827,37.231791573742747]]},"properties":{"objectid":6153,"type":"Normal","st_length(shape)":142.12160533416022,"slopelessthan5":null,"slopebtwn5and833":null}},{"type":"Feature","id":6140,"geometry":{"type":"LineString","coordinates":[[-80.423394356664133,37.231398743696637],[-80.423352946648947,37.231436596245928],[-80.423398649004397,37.231474602181891],[-80.423045829005417,37.231732503506073]]},"properties":{"objectid":6140,"type":"Normal","st_length(shape)":176.67605255538336,"slopelessthan5":null,"slopebtwn5and833":null}},{"type":"Feature","id":6427,"geometry":{"type":"LineString","coordinates":[[-80.425106317876171,37.233110987226262],[-80.425154203367683,37.23298553929888],[-80.425178948234532,37.232930909269569],[-80.425193597532385,37.232893999955394],[-80.425212932021893,37.232859314556229],[-80.425236621919041,37.232827444693136],[-80.425264263150567,37.232798933963224],[-80.42535010550769,37.232730638126647],[-80.425362184992892,37.232721028130719],[-80.425430842186344,37.232665061748428],[-80.425301816433034,37.232542032253086],[-80.425310175416186,37.232519003377789],[-80.425431294701198,37.232426888975667],[-80.425290278839938,37.232298926744427]]},"properties":{"objectid":6427,"type":"Normal","st_length(shape)":370.17585382684416,"slopelessthan5":null,"slopebtwn5and833":null}},{"type":"Feature","id":6522,"geometry":{"type":"LineString","coordinates":[[-80.425214109790659,37.232235783253145],[-80.425079625957764,37.232127768659907]]},"properties":{"objectid":6522,"type":"Normal","st_length(shape)":55.493446681993888,"slopelessthan5":null,"slopebtwn5and833":null}},{"type":"Feature","id":6523,"geometry":{"type":"LineString","coordinates":[[-80.425422233328931,37.232046248101724],[-80.425831824058392,37.2317263885624]]},"properties":{"objectid":6523,"type":"Normal","st_length(shape)":166.67843856228535,"slopelessthan5":null,"slopebtwn5and833":null}},{"type":"Feature","id":6629,"geometry":{"type":"LineString","coordinates":[[-80.432844424365783,37.231499022921653],[-80.432750132156642,37.231437002003453]]},"properties":{"objectid":6629,"type":"Normal","st_length(shape)":35.545672038841047,"slopelessthan5":null,"slopebtwn5and833":null}},{"type":"Feature","id":6658,"geometry":{"type":"LineString","coordinates":[[-80.425919646033478,37.232780456418311],[-80.425268777885535,37.233102513699947],[-80.425229253501172,37.233114745649893],[-80.425188254868729,37.233120305298932],[-80.425146900315227,37.233119040995511],[-80.425106317876171,37.233110987226262]]},"properties":{"objectid":6658,"type":"Normal","st_length(shape)":271.53113133470663,"slopelessthan5":null,"slopebtwn5and833":null}},{"type":"Feature","id":6652,"geometry":{"type":"LineString","coordinates":[[-80.423827787817714,37.233059312106974],[-80.423826827276045,37.232965779303868]]},"properties":{"objectid":6652,"type":"Normal","st_length(shape)":34.055930557328864,"slopelessthan5":null,"slopebtwn5and833":null}},{"type":"Feature","id":6670,"geometry":{"type":"LineString","coordinates":[[-80.426015717506843,37.232502903122018],[-80.426035763853776,37.232528807851466],[-80.425970149349027,37.232587109744941],[-80.425930996312573,37.232618237971046],[-80.425917853482616,37.232628373780386],[-80.425906597085074,37.232640570588359],[-80.425897546108359,37.232654482756807],[-80.425890957042768,37.232669716036987],[-80.425887016611938,37.232685838741951],[-80.425885836481427,37.232702393979864],[-80.425887450094265,37.232718912601598],[-80.425891811723218,37.232734926495667],[-80.425898797766649,37.232749981853765],[-80.425908210251194,37.232763652030982],[-80.425919646033478,37.232780456418311]]},"properties":{"objectid":6670,"type":"Normal","st_length(shape)":120.50247174482247,"slopelessthan5":null,"slopebtwn5and833":null}},{"type":"Feature","id":6684,"geometry":{"type":"LineString","coordinates":[[-80.425106317876171,37.233110987226262],[-80.425080540265554,37.233102078793372],[-80.425056153324277,37.233089867221771],[-80.425033578164886,37.233074563380285],[-80.425013204614146,37.233056431534926],[-80.424970648014565,37.232984059526999],[-80.424940976518954,37.232929695338456],[-80.4249062469612,37.232878414538284],[-80.424866777054575,37.232830686254005],[-80.424822927878097,37.232786947113979],[-80.424778517875041,37.232740980352304],[-80.424765474569924,37.232727094638655],[-80.424754841356261,37.232711287184117],[-80.424746896606834,37.232693971820758],[-80.424741848311598,37.232675601857039],[-80.424739828632681,37.232656658210374],[-80.424741672667679,37.232637347375018],[-80.424746667022276,37.232618602635782],[-80.42475467572558,37.232600934316714],[-80.424765480741243,37.232584823436433],[-80.424778787903577,37.232570708612386],[-80.424832005723715,37.232526384711463],[-80.425180360795736,37.232261450558696],[-80.425214109790659,37.232235783253145]]},"properties":{"objectid":6684,"type":"Normal","st_length(shape)":411.55729713508953,"slopelessthan5":null,"slopebtwn5and833":null}},{"type":"Feature","id":6685,"geometry":{"type":"LineString","coordinates":[[-80.425290278839938,37.232298926744427],[-80.425518486996225,37.232125895284881]]},"properties":{"objectid":6685,"type":"Normal","st_length(shape)":91.558282722008329,"slopelessthan5":null,"slopebtwn5and833":null}},{"type":"Feature","id":6896,"geometry":{"type":"LineString","coordinates":[[-80.425290278839938,37.232298926744427],[-80.425223781575625,37.232348398342431],[-80.425198545861235,37.232366852653676],[-80.425149211043944,37.232403513797806],[-80.42516878759136,37.232420779438414]]},"properties":{"objectid":6896,"type":"Normal","st_length(shape)":64.491587694542133,"slopelessthan5":null,"slopebtwn5and833":null}},{"type":"Feature","id":6979,"geometry":{"type":"LineString","coordinates":[[-80.425214109790659,37.232235783253145],[-80.425290278839938,37.232298926744427]]},"properties":{"objectid":6979,"type":"Normal","st_length(shape)":31.941707337664802,"slopelessthan5":null,"slopebtwn5and833":null}},{"type":"Feature","id":6980,"geometry":{"type":"LineString","coordinates":[[-80.425518486996225,37.232125895284881],[-80.425690780392642,37.232274509116266]]},"properties":{"objectid":6980,"type":"Normal","st_length(shape)":73.782010251237494,"slopelessthan5":null,"slopebtwn5and833":null}},{"type":"Feature","id":6984,"geometry":{"type":"LineString","coordinates":[[-80.424849538547775,37.233297157486319],[-80.425005821280749,37.233533001597053],[-80.424971756969924,37.23353108485356],[-80.424922088673583,37.233546440529125]]},"properties":{"objectid":6984,"type":"Normal","st_length(shape)":122.62230814985037,"slopelessthan5":null,"slopebtwn5and833":null}},{"type":"Feature","id":5898,"geometry":{"type":"LineString","coordinates":[[-80.423056789403034,37.233301130478239],[-80.423285004862876,37.233361574761631],[-80.423326254900971,37.233373178148277],[-80.423726065178371,37.233493512548172],[-80.423861935688606,37.23307566002687],[-80.423863485952481,37.233071120245839]]},"properties":{"objectid":5898,"type":"Normal","st_length(shape)":365.99485553656297,"slopelessthan5":null,"slopebtwn5and833":null}},{"type":"Feature","id":7009,"geometry":{"type":"LineString","coordinates":[[-80.42330434053379,37.232870101338023],[-80.423300502958668,37.232884894395781]]},"properties":{"objectid":7009,"type":"Normal","st_length(shape)":5.500720514168929,"slopelessthan5":null,"slopebtwn5and833":null}},{"type":"Feature","id":7010,"geometry":{"type":"LineString","coordinates":[[-80.423199188947322,37.232897714570392],[-80.423222580790579,37.23285823141002]]},"properties":{"objectid":7010,"type":"Normal","st_length(shape)":15.907015617092313,"slopelessthan5":null,"slopebtwn5and833":null}},{"type":"Feature","id":7015,"geometry":{"type":"LineString","coordinates":[[-80.423380654503518,37.233557843921069],[-80.423421136525747,37.233553548577973],[-80.423544786144618,37.233525754524521],[-80.423726065178371,37.233493512548172]]},"properties":{"objectid":7015,"type":"Normal","st_length(shape)":103.34514460669737,"slopelessthan5":null,"slopebtwn5and833":null}},{"type":"Feature","id":7016,"geometry":{"type":"LineString","coordinates":[[-80.423726065178371,37.233493512548172],[-80.423838947249024,37.233514832300536],[-80.423890819568669,37.233513986936977],[-80.424371831862089,37.233430315709377],[-80.424569682846553,37.233399904970547],[-80.424772461474802,37.233352245049986],[-80.424785908178947,37.233347376703996],[-80.424798458347055,37.233340520471394],[-80.424809820156739,37.233331835776482],[-80.424819729417905,37.233321524559862],[-80.424827955715784,37.233309826582754],[-80.424834307768634,37.233297013851995],[-80.424838637875567,37.233283384295177]]},"properties":{"objectid":7016,"type":"Normal","st_length(shape)":345.3889560906984,"slopelessthan5":null,"slopebtwn5and833":null}},{"type":"Feature","id":6521,"geometry":{"type":"LineString","coordinates":[[-80.425518486996225,37.232125895284881],[-80.425422233328931,37.232046248101724],[-80.425303698772638,37.231948165308928],[-80.425079625957764,37.232127768659907]]},"properties":{"objectid":6521,"type":"Normal","st_length(shape)":182.35321158766149,"slopelessthan5":null,"slopebtwn5and833":null}},{"type":"Feature","id":7019,"geometry":{"type":"LineString","coordinates":[[-80.425439482003071,37.232652997778274],[-80.425430842186344,37.232665061748428]]},"properties":{"objectid":7019,"type":"Normal","st_length(shape)":5.0616175766835108,"slopelessthan5":null,"slopebtwn5and833":null}},{"type":"Feature","id":7020,"geometry":{"type":"LineString","coordinates":[[-80.425149061130938,37.233119257925978],[-80.425147580213704,37.233130402084186],[-80.425140217093755,37.233185229929951],[-80.425140363631641,37.233200122113182],[-80.425090852302532,37.233223345292011],[-80.425098802198008,37.233231115378651],[-80.425270538060531,37.233416178621731],[-80.425005821280749,37.233533001597053]]},"properties":{"objectid":7020,"type":"Normal","st_length(shape)":221.87303099505453,"slopelessthan5":null,"slopebtwn5and833":null}},{"type":"Feature","id":7021,"geometry":{"type":"LineString","coordinates":[[-80.424849538547775,37.233297157486319],[-80.425050720394069,37.233212411061338],[-80.42506826769997,37.233203142745801],[-80.425090852302532,37.233223345292011]]},"properties":{"objectid":7021,"type":"Normal","st_length(shape)":82.187601238163509,"slopelessthan5":null,"slopebtwn5and833":null}},{"type":"Feature","id":7029,"geometry":{"type":"LineString","coordinates":[[-80.433092999958518,37.231499418455421],[-80.432844424365783,37.231499022921653]]},"properties":{"objectid":7029,"type":"Normal","st_length(shape)":72.367854262473415,"slopelessthan5":null,"slopebtwn5and833":null}},{"type":"Feature","id":6683,"geometry":{"type":"LineString","coordinates":[[-80.425919646033478,37.232780456418311],[-80.426027337183115,37.232724485553845],[-80.426145243727248,37.232670100000043],[-80.426323836086937,37.232598031432971],[-80.426462639349168,37.232544496053158],[-80.426520254381899,37.232516066719199],[-80.426531751278276,37.232513133799458],[-80.426542585425139,37.232508296247758],[-80.426552443846518,37.232501693810903],[-80.42656104175316,37.232493517219552],[-80.426568130769411,37.232484002678412],[-80.426573506108369,37.232473425042777],[-80.42657701248767,37.23246208987851],[-80.426578548615311,37.232450324634932],[-80.426578070115767,37.232438469185439],[-80.426575590811879,37.232426866009284],[-80.426571182325603,37.232415850298075],[-80.426564972008919,37.232405740272796],[-80.426557139264943,37.232396827991018],[-80.426547910365358,37.23238937091002],[-80.426537551913853,37.232383584449352],[-80.426288510197281,37.232155379261705]]},"properties":{"objectid":6683,"type":"Normal","st_length(shape)":369.31677536999132,"slopelessthan5":null,"slopebtwn5and833":null}},{"type":"Feature","id":7023,"geometry":{"type":"LineString","coordinates":[[-80.426159661685674,37.231869981025532],[-80.426199748315341,37.231842858096179],[-80.426269517662519,37.231897519782358],[-80.426284172584047,37.231893345651009],[-80.42630965190942,37.231875045749987],[-80.42625939686657,37.231834014795723],[-80.426271688648015,37.231824871706173],[-80.426322292325736,37.231864811823208],[-80.42636500022445,37.231835153117423],[-80.426359357626609,37.23183025209633]]},"properties":{"objectid":7023,"type":"Normal","st_length(shape)":123.61629867211178,"slopelessthan5":null,"slopebtwn5and833":null}},{"type":"Feature","id":6059,"geometry":{"type":"LineString","coordinates":[[-80.424477807313394,37.231394967072106],[-80.42434660740129,37.231491644000087],[-80.424035588096331,37.231736895195212],[-80.42388709283874,37.231855239079849]]},"properties":{"objectid":6059,"type":"Normal","st_length(shape)":240.14923476023472,"slopelessthan5":null,"slopebtwn5and833":null}},{"type":"Feature","id":8067,"geometry":{"type":"LineString","coordinates":[[-80.423144629155189,37.232450820949069],[-80.423150279753742,37.232431712768765],[-80.423145084524279,37.232408486676128],[-80.423136351987765,37.23239697447562],[-80.423129232131075,37.232388502159971]]},"properties":{"objectid":8067,"type":"Normal","st_length(shape)":24.358395304082478,"slopelessthan5":null,"slopebtwn5and833":null}},{"type":"Feature","id":8047,"geometry":{"type":"LineString","coordinates":[[-80.424114769560774,37.232657425004234],[-80.424116403923179,37.23265804187993],[-80.424252963864717,37.232727516480686],[-80.4244896396375,37.23285591861675],[-80.424577537041401,37.232920209764295],[-80.424667991235097,37.233008597273667],[-80.424819367180177,37.233245896975482],[-80.424845369795435,37.233296479198657]]},"properties":{"objectid":8047,"type":"Normal","st_length(shape)":324.07664945243465,"slopelessthan5":null,"slopebtwn5and833":null}},{"type":"Feature","id":8050,"geometry":{"type":"LineString","coordinates":[[-80.423817367690603,37.232598298248554],[-80.423848151585489,37.232571831560804],[-80.423875084891591,37.232553540950619]]},"properties":{"objectid":8050,"type":"Normal","st_length(shape)":23.44702969088765,"slopelessthan5":null,"slopebtwn5and833":null}},{"type":"Feature","id":8051,"geometry":{"type":"LineString","coordinates":[[-80.423875084891591,37.232553540950619],[-80.423910028479654,37.232570823132448],[-80.423922675895327,37.232589278934164]]},"properties":{"objectid":8051,"type":"Normal","st_length(shape)":19.624024720019158,"slopelessthan5":null,"slopebtwn5and833":null}},{"type":"Feature","id":8053,"geometry":{"type":"LineString","coordinates":[[-80.423922675895327,37.232589278934164],[-80.423986912843361,37.232601214955558],[-80.424060547238923,37.232623545467099],[-80.424114769560774,37.232657425004234]]},"properties":{"objectid":8053,"type":"Normal","st_length(shape)":62.159728573278514,"slopelessthan5":null,"slopebtwn5and833":null}},{"type":"Feature","id":8054,"geometry":{"type":"LineString","coordinates":[[-80.423927553462121,37.232223252297921],[-80.424021659971075,37.232252552256597],[-80.424107632421425,37.232281172667093],[-80.424163690280224,37.232290807542114]]},"properties":{"objectid":8054,"type":"Normal","st_length(shape)":73.204793336825944,"slopelessthan5":null,"slopebtwn5and833":null}},{"type":"Feature","id":8057,"geometry":{"type":"LineString","coordinates":[[-80.423144629155189,37.232450820949069],[-80.423218169812159,37.232500143264843],[-80.423337200053879,37.232551758106133],[-80.42343244591757,37.232585907791282],[-80.423526409114956,37.232609530610127],[-80.423637265314255,37.232619083975102],[-80.423738384698524,37.232612752206393],[-80.423817367690603,37.232598298248554]]},"properties":{"objectid":8057,"type":"Normal","st_length(shape)":212.00531730668379,"slopelessthan5":null,"slopebtwn5and833":null}},{"type":"Feature","id":8063,"geometry":{"type":"LineString","coordinates":[[-80.423053813126941,37.232409360685764],[-80.423086880629114,37.232442560547568],[-80.423112452189955,37.23245257178727],[-80.423144629155189,37.232450820949069]]},"properties":{"objectid":8063,"type":"Normal","st_length(shape)":33.131127191647764,"slopelessthan5":null,"slopebtwn5and833":null}},{"type":"Feature","id":8037,"geometry":{"type":"LineString","coordinates":[[-80.42388709283874,37.231855239079849],[-80.423869174139412,37.231869519893451],[-80.423718967275178,37.232012096254714],[-80.423675154112004,37.232050220603604]]},"properties":{"objectid":8037,"type":"Normal","st_length(shape)":94.091929534114072,"slopelessthan5":null,"slopebtwn5and833":null}},{"type":"Feature","id":8062,"geometry":{"type":"LineString","coordinates":[[-80.423675154112004,37.232050220603604],[-80.423649054979506,37.232072930979626],[-80.423592975760585,37.232101853915005],[-80.423545143337179,37.232116817695626],[-80.423447711996232,37.232136256932868]]},"properties":{"objectid":8062,"type":"Normal","st_length(shape)":74.845208998147157,"slopelessthan5":null,"slopebtwn5and833":null}},{"type":"Feature","id":8045,"geometry":{"type":"LineString","coordinates":[[-80.424667991235097,37.233008597273667],[-80.424819367180177,37.233245896975482],[-80.424845369795435,37.233296479198657]]},"properties":{"objectid":8045,"type":"Normal","st_length(shape)":116.90127960012991,"slopelessthan5":null,"slopebtwn5and833":null}},{"type":"Feature","id":8069,"geometry":{"type":"LineString","coordinates":[[-80.423129232131075,37.232388502159971],[-80.423198518092349,37.232173585060337]]},"properties":{"objectid":8069,"type":"Normal","st_length(shape)":80.808119141247431,"slopelessthan5":null,"slopebtwn5and833":null}},{"type":"Feature","id":8070,"geometry":{"type":"LineString","coordinates":[[-80.426783729146408,37.232385878279601],[-80.426546743386282,37.232502872276299]]},"properties":{"objectid":8070,"type":"Normal","st_length(shape)":81.083208297760478,"slopelessthan5":null,"slopebtwn5and833":null}},{"type":"Feature","id":8071,"geometry":{"type":"LineString","coordinates":[[-80.426082635502198,37.231916633569917],[-80.42618891776668,37.231996573537863],[-80.42620929130841,37.232053100248514],[-80.426288510197281,37.232155379261705]]},"properties":{"objectid":8071,"type":"Normal","st_length(shape)":107.70089684857692,"slopelessthan5":null,"slopebtwn5and833":null}},{"type":"Feature","id":8072,"geometry":{"type":"LineString","coordinates":[[-80.426159661685674,37.231869981025532],[-80.426082635502198,37.231916633569917]]},"properties":{"objectid":8072,"type":"Normal","st_length(shape)":28.131467274490166,"slopelessthan5":null,"slopebtwn5and833":null}},{"type":"Feature","id":8073,"geometry":{"type":"LineString","coordinates":[[-80.425831824058392,37.2317263885624],[-80.425909731686019,37.231665116532419]]},"properties":{"objectid":8073,"type":"Normal","st_length(shape)":31.813798379583773,"slopelessthan5":null,"slopebtwn5and833":null}},{"type":"Feature","id":8074,"geometry":{"type":"LineString","coordinates":[[-80.425831824058392,37.2317263885624],[-80.425840397993113,37.231759324815975],[-80.425978456377138,37.231865301020861],[-80.426082635502198,37.231916633569917]]},"properties":{"objectid":8074,"type":"Normal","st_length(shape)":103.59071387529987,"slopelessthan5":null,"slopebtwn5and833":null}},{"type":"Feature","id":8078,"geometry":{"type":"LineString","coordinates":[[-80.425909731686019,37.231665116532419],[-80.426159661685674,37.231869981025532]]},"properties":{"objectid":8078,"type":"Normal","st_length(shape)":104.20147026631147,"slopelessthan5":null,"slopebtwn5and833":null}},{"type":"Feature","id":8076,"geometry":{"type":"LineString","coordinates":[[-80.425395570696267,37.231622636391535],[-80.425367053317615,37.231582515914077]]},"properties":{"objectid":8076,"type":"Normal","st_length(shape)":16.802097335584303,"slopelessthan5":null,"slopebtwn5and833":null}},{"type":"Feature","id":8077,"geometry":{"type":"LineString","coordinates":[[-80.425437161911645,37.231512038632516],[-80.425400446727195,37.231565060514143],[-80.425367053317615,37.231582515914077],[-80.425269923070488,37.231582120869724]]},"properties":{"objectid":8077,"type":"Normal","st_length(shape)":61.959252335836347,"slopelessthan5":null,"slopebtwn5and833":null}},{"type":"Feature","id":8084,"geometry":{"type":"LineString","coordinates":[[-80.425481859063339,37.23152314700981],[-80.425466412406294,37.231580895309868],[-80.425395570696267,37.231622636391535],[-80.425292931699019,37.23166151442387],[-80.425224505336672,37.231715053436169],[-80.425193181496127,37.231813647135979],[-80.425185846661392,37.231857734866622],[-80.425303698772638,37.231948165308928]]},"properties":{"objectid":8084,"type":"Normal","st_length(shape)":208.84000424715447,"slopelessthan5":null,"slopebtwn5and833":null}},{"type":"Feature","id":8083,"geometry":{"type":"LineString","coordinates":[[-80.425771424215654,37.231549404166259],[-80.425481859063339,37.23152314700981]]},"properties":{"objectid":8083,"type":"Normal","st_length(shape)":84.841288784604473,"slopelessthan5":null,"slopebtwn5and833":null}},{"type":"Feature","id":8087,"geometry":{"type":"LineString","coordinates":[[-80.424494893974241,37.232244849967131],[-80.424510253809785,37.232152851839956],[-80.424551327727784,37.232104831603657],[-80.424690512366013,37.232006171249296],[-80.42482538076429,37.231904198593568],[-80.424872796582662,37.231856075731677],[-80.424972589446583,37.231788496314394],[-80.425027857375639,37.231716569584378],[-80.425113368111951,37.231669516194493],[-80.425174071625335,37.231644851367449],[-80.425208630185395,37.231590173026845],[-80.425233131242493,37.231525518386441]]},"properties":{"objectid":8087,"type":"Normal","st_length(shape)":351.22413517289129,"slopelessthan5":null,"slopebtwn5and833":null}},{"type":"Feature","id":8092,"geometry":{"type":"LineString","coordinates":[[-80.424562931670422,37.232506627348499],[-80.424523993348558,37.232452085726848],[-80.424519440323408,37.232392926854878],[-80.424543911619466,37.232317877486111],[-80.42457417806682,37.232271133001149],[-80.42460458927826,37.232230066922718]]},"properties":{"objectid":8092,"type":"Normal","st_length(shape)":109.22637990850859,"slopelessthan5":null,"slopebtwn5and833":null}},{"type":"Feature","id":8094,"geometry":{"type":"LineString","coordinates":[[-80.425337437130409,37.231976082920404],[-80.425522722509882,37.231828361875024],[-80.425703764457324,37.231693273611143],[-80.425831824058392,37.2317263885624]]},"properties":{"objectid":8094,"type":"Normal","st_length(shape)":187.44807966939086,"slopelessthan5":null,"slopebtwn5and833":null}},{"type":"Feature","id":8093,"geometry":{"type":"LineString","coordinates":[[-80.42460458927826,37.232230066922718],[-80.424453904124832,37.232250374304975],[-80.424314604191025,37.232279422191013],[-80.424242086699905,37.232300889416884]]},"properties":{"objectid":8093,"type":"Normal","st_length(shape)":108.90971701786631,"slopelessthan5":null,"slopebtwn5and833":null}},{"type":"Feature","id":8090,"geometry":{"type":"LineString","coordinates":[[-80.424562931670422,37.232506627348499],[-80.424706774303388,37.232624979946891],[-80.424740886303567,37.232641026269064]]},"properties":{"objectid":8090,"type":"Normal","st_length(shape)":71.609397908873802,"slopelessthan5":null,"slopebtwn5and833":null}},{"type":"Feature","id":8091,"geometry":{"type":"LineString","coordinates":[[-80.424242086699905,37.232300889416884],[-80.424353168189143,37.232359123836247],[-80.424458350596382,37.232424756501899],[-80.424562931670422,37.232506627348499]]},"properties":{"objectid":8091,"type":"Normal","st_length(shape)":120.12101983673016,"slopelessthan5":null,"slopebtwn5and833":null}},{"type":"Feature","id":8089,"geometry":{"type":"LineString","coordinates":[[-80.424938585680479,37.232155650572089],[-80.425008613778701,37.232138017901299],[-80.425079625957764,37.232127768659907]]},"properties":{"objectid":8089,"type":"Normal","st_length(shape)":42.381689778824786,"slopelessthan5":null,"slopebtwn5and833":null}},{"type":"Feature","id":8088,"geometry":{"type":"LineString","coordinates":[[-80.42460458927826,37.232230066922718],[-80.424721552742866,37.232200571726175],[-80.424859878591221,37.232173162445513],[-80.424938585680479,37.232155650572089]]},"properties":{"objectid":8088,"type":"Normal","st_length(shape)":100.97730978433106,"slopelessthan5":null,"slopebtwn5and833":null}},{"type":"Feature","id":8085,"geometry":{"type":"LineString","coordinates":[[-80.425231995692343,37.231443397723886],[-80.425233131242493,37.231525518386441],[-80.425269923070488,37.231582120869724],[-80.425281672199972,37.231634640691468],[-80.425224505336672,37.231715053436169]]},"properties":{"objectid":8085,"type":"Normal","st_length(shape)":106.23074403110014,"slopelessthan5":null,"slopebtwn5and833":null}},{"type":"Feature","id":8096,"geometry":{"type":"LineString","coordinates":[[-80.424708112478044,37.232115803648362],[-80.424745128774589,37.232157477412187],[-80.424761301284221,37.232192695361796]]},"properties":{"objectid":8096,"type":"Normal","st_length(shape)":32.27041468302734,"slopelessthan5":null,"slopebtwn5and833":null}},{"type":"Feature","id":8098,"geometry":{"type":"LineString","coordinates":[[-80.424970401567364,37.231918999671898],[-80.424872796582662,37.231856075731677]]},"properties":{"objectid":8098,"type":"Normal","st_length(shape)":36.50100894795775,"slopelessthan5":null,"slopebtwn5and833":null}},{"type":"Feature","id":8099,"geometry":{"type":"LineString","coordinates":[[-80.424773605668648,37.232030182098903],[-80.424721420918445,37.23198280179669]]},"properties":{"objectid":8099,"type":"Normal","st_length(shape)":22.987029033449048,"slopelessthan5":null,"slopebtwn5and833":null}},{"type":"Feature","id":8100,"geometry":{"type":"LineString","coordinates":[[-80.424652502298159,37.23215709403663],[-80.4245381450081,37.232120243024809]]},"properties":{"objectid":8100,"type":"Normal","st_length(shape)":35.894481197167551,"slopelessthan5":null,"slopebtwn5and833":null}},{"type":"Feature","id":8095,"geometry":{"type":"LineString","coordinates":[[-80.425185846661392,37.231857734866622],[-80.425080274337944,37.231864529864723],[-80.424990060574672,37.231893057471176],[-80.424936863073398,37.231963259614162],[-80.424865934503913,37.232001620174394],[-80.424773605668648,37.232030182098903],[-80.424734646761138,37.232078167931348],[-80.424708112478044,37.232115803648362],[-80.424664320338366,37.232140193403723],[-80.42462963179014,37.23218979947675],[-80.42460458927826,37.232230066922718]]},"properties":{"objectid":8095,"type":"Normal","st_length(shape)":231.87792021828164,"slopelessthan5":null,"slopebtwn5and833":null}},{"type":"Feature","id":8097,"geometry":{"type":"LineString","coordinates":[[-80.425151241851225,37.231654127443491],[-80.425224505336672,37.231715053436169]]},"properties":{"objectid":8097,"type":"Normal","st_length(shape)":30.773504504233991,"slopelessthan5":null,"slopebtwn5and833":null}},{"type":"Feature","id":8107,"geometry":{"type":"LineString","coordinates":[[-80.424076971571267,37.23183184571365],[-80.42400922160671,37.231757908394123]]},"properties":{"objectid":8107,"type":"Normal","st_length(shape)":33.372585185088198,"slopelessthan5":null,"slopebtwn5and833":null}},{"type":"Feature","id":8108,"geometry":{"type":"LineString","coordinates":[[-80.424369687139617,37.231626782605893],[-80.424233653656984,37.231580713062556]]},"properties":{"objectid":8108,"type":"Normal","st_length(shape)":43.009052842160969,"slopelessthan5":null,"slopebtwn5and833":null}},{"type":"Feature","id":8111,"geometry":{"type":"LineString","coordinates":[[-80.424765228122723,37.231316887856046],[-80.424672922286959,37.231399361286478],[-80.424558806882217,37.231485775508084],[-80.424403228484692,37.231604996226842],[-80.424224309400969,37.231721214688349],[-80.424076971571267,37.23183184571365],[-80.424021313691725,37.231888558402659],[-80.423952196772348,37.231915050553049],[-80.423820505876904,37.231915715985544]]},"properties":{"objectid":8111,"type":"Normal","st_length(shape)":361.64210218523169,"slopelessthan5":null,"slopebtwn5and833":null}},{"type":"Feature","id":8207,"geometry":{"type":"LineString","coordinates":[[-80.426374641531794,37.231991951268007],[-80.426783729146408,37.232385878279601]]},"properties":{"objectid":8207,"type":"Normal","st_length(shape)":186.42736858464377,"slopelessthan5":null,"slopebtwn5and833":null}},{"type":"Feature","id":8208,"geometry":{"type":"LineString","coordinates":[[-80.427219191497727,37.231955088146712],[-80.42727502054899,37.231914130029139]]},"properties":{"objectid":8208,"type":"Normal","st_length(shape)":22.058087659531239,"slopelessthan5":null,"slopebtwn5and833":null}},{"type":"Feature","id":8209,"geometry":{"type":"LineString","coordinates":[[-80.426986050802228,37.231767482613201],[-80.427036010283814,37.231729335081859]]},"properties":{"objectid":8209,"type":"Normal","st_length(shape)":20.11117171059367,"slopelessthan5":null,"slopebtwn5and833":null}},{"type":"Feature","id":8210,"geometry":{"type":"LineString","coordinates":[[-80.426821675005002,37.231636026185583],[-80.426986050802228,37.231767482613201]]},"properties":{"objectid":8210,"type":"Normal","st_length(shape)":67.682203168929803,"slopelessthan5":null,"slopebtwn5and833":null}},{"type":"Feature","id":8216,"geometry":{"type":"LineString","coordinates":[[-80.427999018721181,37.231540483498335],[-80.428039384660607,37.231596203907991],[-80.428063629564491,37.231648073258206],[-80.428048356897918,37.231681581811472],[-80.428002381149483,37.231709483835701],[-80.427945703412206,37.231717197062999],[-80.42789361350296,37.231705151340108],[-80.427844035273822,37.231691706344087],[-80.42781364415103,37.231698311549927],[-80.427794595361576,37.231716949297287],[-80.427790007495275,37.231736708216459],[-80.427801904415801,37.231770452601701],[-80.427819602673807,37.231798672021597],[-80.427828729088347,37.231823637198211],[-80.427830547075956,37.231861626281855]]},"properties":{"objectid":8216,"type":"Normal","st_length(shape)":193.9811529027746,"slopelessthan5":null,"slopebtwn5and833":null}},{"type":"Feature","id":8232,"geometry":{"type":"LineString","coordinates":[[-80.424765228122723,37.231316887856046],[-80.424618472239985,37.231347420441246]]},"properties":{"objectid":8232,"type":"Normal","st_length(shape)":44.147639150955847,"slopelessthan5":null,"slopebtwn5and833":null}},{"type":"Feature","id":8234,"geometry":{"type":"LineString","coordinates":[[-80.425131425781359,37.231365856704308],[-80.425231995692343,37.231443397723886]]},"properties":{"objectid":8234,"type":"Normal","st_length(shape)":40.673272034406047,"slopelessthan5":null,"slopebtwn5and833":null}},{"type":"Feature","id":5811,"geometry":{"type":"LineString","coordinates":[[-80.421607165126133,37.226552175550118],[-80.421884591192722,37.226373311430024],[-80.422118242679474,37.22622283780921],[-80.422359177952373,37.22609131890507],[-80.422530683480545,37.226021284656511],[-80.422713519171722,37.225953636052644],[-80.422887413985805,37.225917112562477],[-80.42302950737583,37.225901223519116],[-80.423188835089775,37.22589591304974],[-80.423277709763667,37.225902138498697]]},"properties":{"objectid":5811,"type":"Normal","st_length(shape)":557.28210224883958,"slopelessthan5":null,"slopebtwn5and833":null}},{"type":"Feature","id":5838,"geometry":{"type":"LineString","coordinates":[[-80.422876817052909,37.22937162456725],[-80.422590145626458,37.229572490246618],[-80.422552634477242,37.229585720023941],[-80.422539834714613,37.229590233909526],[-80.422497550785522,37.229590922564846],[-80.422438696886374,37.229605421006688],[-80.421883758700943,37.229973799816634]]},"properties":{"objectid":5838,"type":"Normal","st_length(shape)":367.20150553479897,"slopelessthan5":null,"slopebtwn5and833":null}},{"type":"Feature","id":5842,"geometry":{"type":"LineString","coordinates":[[-80.422552634477242,37.229585720023941],[-80.42239973937123,37.229433266351009],[-80.422381938885451,37.229401196642911],[-80.422267749083417,37.229281713130746]]},"properties":{"objectid":5842,"type":"Normal","st_length(shape)":138.67811917023647,"slopelessthan5":null,"slopebtwn5and833":null}},{"type":"Feature","id":5821,"geometry":{"type":"LineString","coordinates":[[-80.422435087571102,37.230627640617172],[-80.422416841747676,37.230591595406381],[-80.422448849947244,37.230567894091323],[-80.422469234615704,37.23044939335994]]},"properties":{"objectid":5821,"type":"Normal","st_length(shape)":70.410448570847876,"slopelessthan5":null,"slopebtwn5and833":null}},{"type":"Feature","id":5853,"geometry":{"type":"LineString","coordinates":[[-80.421986946472188,37.22915985739904],[-80.422014531648756,37.229185786045171],[-80.422110009303836,37.229131282052009],[-80.422139776772212,37.229163722040724]]},"properties":{"objectid":5853,"type":"Normal","st_length(shape)":61.198035909413406,"slopelessthan5":null,"slopebtwn5and833":null}},{"type":"Feature","id":5867,"geometry":{"type":"LineString","coordinates":[[-80.422035984964992,37.223703136883898],[-80.42226480448511,37.223798255112435],[-80.422353405820402,37.223599837934046]]},"properties":{"objectid":5867,"type":"Normal","st_length(shape)":151.79691166883995,"slopelessthan5":null,"slopebtwn5and833":null}},{"type":"Feature","id":5891,"geometry":{"type":"LineString","coordinates":[[-80.422573727076866,37.221153135559312],[-80.422551386533385,37.221162571367344],[-80.422530198353243,37.221174369476458],[-80.422500382527119,37.22118681964362],[-80.422125721677318,37.221392434756673],[-80.422091164713152,37.221439953396668]]},"properties":{"objectid":5891,"type":"Normal","st_length(shape)":176.98857593118476,"slopelessthan5":null,"slopebtwn5and833":null}},{"type":"Feature","id":5906,"geometry":{"type":"LineString","coordinates":[[-80.422529658114357,37.223260793688681],[-80.422425620755249,37.223321684384089],[-80.421961802307749,37.22366643241169]]},"properties":{"objectid":5906,"type":"Normal","st_length(shape)":221.90911823163091,"slopelessthan5":null,"slopebtwn5and833":null}},{"type":"Feature","id":5917,"geometry":{"type":"LineString","coordinates":[[-80.422625684672028,37.221266591617855],[-80.422520268818971,37.221487596033889],[-80.422091164713152,37.221439953396668]]},"properties":{"objectid":5917,"type":"Normal","st_length(shape)":212.26161822847453,"slopelessthan5":null,"slopebtwn5and833":null}},{"type":"Feature","id":5916,"geometry":{"type":"LineString","coordinates":[[-80.422673879717138,37.221666074922162],[-80.422626416765979,37.221602459571194]]},"properties":{"objectid":5916,"type":"Normal","st_length(shape)":26.971470147297282,"slopelessthan5":null,"slopebtwn5and833":null}},{"type":"Feature","id":5927,"geometry":{"type":"LineString","coordinates":[[-80.422589286546881,37.22221758277518],[-80.422604189669968,37.22224671550493],[-80.422606180697684,37.222387762538446],[-80.422591169273971,37.222443230401332],[-80.422568729643928,37.222510560255081],[-80.422491273023653,37.222763180380177]]},"properties":{"objectid":5927,"type":"Normal","st_length(shape)":203.55322922881388,"slopelessthan5":null,"slopebtwn5and833":null}},{"type":"Feature","id":5947,"geometry":{"type":"LineString","coordinates":[[-80.421957358613014,37.224269973204841],[-80.422216107622461,37.224189254454949]]},"properties":{"objectid":5947,"type":"Normal","st_length(shape)":80.866260346509463,"slopelessthan5":null,"slopebtwn5and833":null}},{"type":"Feature","id":5931,"geometry":{"type":"LineString","coordinates":[[-80.422551133243019,37.220919383846891],[-80.422533985764119,37.220947481264254],[-80.422512934651564,37.22097278643281],[-80.422488427447746,37.220994761369809],[-80.422460985170829,37.221012938892549],[-80.422398886977817,37.221043872885247],[-80.422161749280008,37.221166152618466],[-80.421631485850867,37.22151363553985],[-80.421593665793949,37.221540788612991],[-80.421647223668103,37.221592531690064],[-80.421711805421964,37.221659254821269],[-80.421722926244442,37.221677027293104]]},"properties":{"objectid":5931,"type":"Normal","st_length(shape)":423.82435861247689,"slopelessthan5":null,"slopebtwn5and833":null}},{"type":"Feature","id":5949,"geometry":{"type":"LineString","coordinates":[[-80.421957358613014,37.224269973204841],[-80.421979150653556,37.224337754353478],[-80.422089776425551,37.224358927548693],[-80.42213521096258,37.224372314373859],[-80.422170312813932,37.224396463110416],[-80.422218432960321,37.22445064684554],[-80.422230016210662,37.224478679141633],[-80.422252577091783,37.224510873235374],[-80.422272198460462,37.224534431347848],[-80.422297725180712,37.224515220303402]]},"properties":{"objectid":5949,"type":"Normal","st_length(shape)":155.07476542026362,"slopelessthan5":null,"slopebtwn5and833":null}},{"type":"Feature","id":5974,"geometry":{"type":"LineString","coordinates":[[-80.422135053870988,37.230978606582831],[-80.421971018189296,37.231109212455983],[-80.42195793987554,37.23112186495176],[-80.421947190157709,37.231136547305347],[-80.421939078828899,37.231152836390187],[-80.421933839647153,37.231170262775777],[-80.421931623598965,37.231188324256074],[-80.421932494548003,37.231206500322422],[-80.421936427394627,37.231224267163945],[-80.421943308799257,37.231241112763087],[-80.421952940448662,37.23125655165132],[-80.42219473793368,37.231488187804288],[-80.422576712961941,37.231844700476685],[-80.422658096988272,37.231789790238551]]},"properties":{"objectid":5974,"type":"Normal","st_length(shape)":436.69982363402789,"slopelessthan5":null,"slopebtwn5and833":null}},{"type":"Feature","id":5975,"geometry":{"type":"LineString","coordinates":[[-80.422146387769615,37.222480587169926],[-80.422242407878656,37.222180277359016],[-80.422300262191854,37.222142597092407]]},"properties":{"objectid":5975,"type":"Normal","st_length(shape)":134.58371571498517,"slopelessthan5":null,"slopebtwn5and833":null}},{"type":"Feature","id":5991,"geometry":{"type":"LineString","coordinates":[[-80.422544680652877,37.230812250604835],[-80.422494980632536,37.230818565053333],[-80.422419817834864,37.230824822783767],[-80.422396843757582,37.230827418579878],[-80.422360867139304,37.230832888445342],[-80.422325962662043,37.230843179896098],[-80.422292773391078,37.23085810332681],[-80.422261910791448,37.230877383794528],[-80.422135053870988,37.230978606582831]]},"properties":{"objectid":5991,"type":"Normal","st_length(shape)":139.56131249936345,"slopelessthan5":null,"slopebtwn5and833":null}},{"type":"Feature","id":5970,"geometry":{"type":"LineString","coordinates":[[-80.422135053870988,37.230978606582831],[-80.422316860744999,37.2311323788457],[-80.422444548357348,37.231036818603265],[-80.422528152510495,37.231019094281855],[-80.422565576397886,37.230990286405245],[-80.42261392020535,37.230945064087869]]},"properties":{"objectid":5970,"type":"Normal","st_length(shape)":189.92770851926514,"slopelessthan5":null,"slopebtwn5and833":null}},{"type":"Feature","id":7567,"geometry":{"type":"LineString","coordinates":[[-80.42210483264229,37.221931307100135],[-80.422061976147177,37.221961436353688]]},"properties":{"objectid":7567,"type":"Normal","st_length(shape)":16.614694810491841,"slopelessthan5":null,"slopebtwn5and833":null}},{"type":"Feature","id":7568,"geometry":{"type":"LineString","coordinates":[[-80.422347953053034,37.221844927296068],[-80.422484026822005,37.221774898569727],[-80.422673879717138,37.221666074922162]]},"properties":{"objectid":7568,"type":"Normal","st_length(shape)":115.12764167999285,"slopelessthan5":null,"slopebtwn5and833":null}},{"type":"Feature","id":6063,"geometry":{"type":"LineString","coordinates":[[-80.422658096988272,37.231789790238551],[-80.422980196778099,37.231572467795829]]},"properties":{"objectid":6063,"type":"Normal","st_length(shape)":122.69555849804544,"slopelessthan5":null,"slopebtwn5and833":null}},{"type":"Feature","id":6110,"geometry":{"type":"LineString","coordinates":[[-80.422498222200844,37.225540493873766],[-80.422550767782127,37.225513904652232]]},"properties":{"objectid":6110,"type":"Normal","st_length(shape)":18.104534885945942,"slopelessthan5":null,"slopebtwn5and833":null}},{"type":"Feature","id":6108,"geometry":{"type":"LineString","coordinates":[[-80.422444703863292,37.220596416995726],[-80.422417588189717,37.220615933381268]]},"properties":{"objectid":6108,"type":"Normal","st_length(shape)":10.622069173838682,"slopelessthan5":null,"slopebtwn5and833":null}},{"type":"Feature","id":6107,"geometry":{"type":"LineString","coordinates":[[-80.422373947628358,37.225690836381155],[-80.422522035935813,37.225616416621222],[-80.422478003463127,37.225556641570435],[-80.422498222200844,37.225540493873766]]},"properties":{"objectid":6107,"type":"Normal","st_length(shape)":84.502226524632889,"slopelessthan5":null,"slopebtwn5and833":null}},{"type":"Feature","id":6122,"geometry":{"type":"LineString","coordinates":[[-80.421581865320917,37.220804964209663],[-80.421630040011948,37.220770022211482],[-80.421656322811245,37.220744961365895],[-80.421883792724174,37.220582451805832],[-80.422369362291505,37.220565649506234],[-80.422434835136912,37.220633916049884]]},"properties":{"objectid":6122,"type":"Normal","st_length(shape)":292.49965822507454,"slopelessthan5":null,"slopebtwn5and833":null}},{"type":"Feature","id":6162,"geometry":{"type":"LineString","coordinates":[[-80.421981346448305,37.222225899284325],[-80.422146387769615,37.222480587169926]]},"properties":{"objectid":6162,"type":"Normal","st_length(shape)":104.44197308922725,"slopelessthan5":null,"slopebtwn5and833":null}},{"type":"Feature","id":6164,"geometry":{"type":"LineString","coordinates":[[-80.42267000529074,37.218468490607236],[-80.422639252689578,37.218458277123112],[-80.422456235811794,37.218463582715238]]},"properties":{"objectid":6164,"type":"Normal","st_length(shape)":63.0218232808067,"slopelessthan5":null,"slopebtwn5and833":null}},{"type":"Feature","id":6174,"geometry":{"type":"LineString","coordinates":[[-80.421392349628576,37.21936538274749],[-80.421970970986848,37.219351853827824],[-80.422182199478542,37.219303702276292],[-80.422304312873038,37.219268924846034],[-80.422494477473393,37.219271788584351]]},"properties":{"objectid":6174,"type":"Normal","st_length(shape)":325.63277613297123,"slopelessthan5":null,"slopebtwn5and833":null}},{"type":"Feature","id":6177,"geometry":{"type":"LineString","coordinates":[[-80.422648647498548,37.218370549176328],[-80.422583423005975,37.218130588023627],[-80.422450365967052,37.218042856068259],[-80.422406328729679,37.217911824797234]]},"properties":{"objectid":6177,"type":"Normal","st_length(shape)":189.02333853147351,"slopelessthan5":null,"slopebtwn5and833":null}},{"type":"Feature","id":6193,"geometry":{"type":"LineString","coordinates":[[-80.422575952753149,37.223572183269596],[-80.422561395849726,37.223524838104183]]},"properties":{"objectid":6193,"type":"Normal","st_length(shape)":17.751503966495608,"slopelessthan5":null,"slopebtwn5and833":null}},{"type":"Feature","id":6194,"geometry":{"type":"LineString","coordinates":[[-80.421981346448305,37.222225899284325],[-80.42192976197336,37.222185159513515]]},"properties":{"objectid":6194,"type":"Normal","st_length(shape)":21.109475349432991,"slopelessthan5":null,"slopebtwn5and833":null}},{"type":"Feature","id":6186,"geometry":{"type":"LineString","coordinates":[[-80.421721790757132,37.222001096252612],[-80.421732706975291,37.221937963986733],[-80.421722926244442,37.221677027293104]]},"properties":{"objectid":6186,"type":"Normal","st_length(shape)":118.25295372567335,"slopelessthan5":null,"slopebtwn5and833":null}},{"type":"Feature","id":6197,"geometry":{"type":"LineString","coordinates":[[-80.422035984964992,37.223703136883898],[-80.422035947351901,37.223703120372029],[-80.421961802307749,37.22366643241169],[-80.421825387821087,37.223598931327025],[-80.421723191247906,37.22354836145886]]},"properties":{"objectid":6197,"type":"Normal","st_length(shape)":107.09778817557655,"slopelessthan5":null,"slopebtwn5and833":null}},{"type":"Feature","id":6224,"geometry":{"type":"LineString","coordinates":[[-80.422614897531886,37.231754764349724],[-80.422658096988272,37.231789790238551]]},"properties":{"objectid":6224,"type":"Normal","st_length(shape)":17.910972154363872,"slopelessthan5":null,"slopebtwn5and833":null}},{"type":"Feature","id":6234,"geometry":{"type":"LineString","coordinates":[[-80.421981445857099,37.231778787127993],[-80.42204699915051,37.231731622903126],[-80.422111873320276,37.231689972017293],[-80.422123335147887,37.231715628713914],[-80.422739108737915,37.232199226808767]]},"properties":{"objectid":6234,"type":"Normal","st_length(shape)":311.09049909301541,"slopelessthan5":null,"slopebtwn5and833":null}},{"type":"Feature","id":6250,"geometry":{"type":"LineString","coordinates":[[-80.422278094291158,37.224192339504192],[-80.422268601392346,37.224172878607106]]},"properties":{"objectid":6250,"type":"Normal","st_length(shape)":7.6055914683889698,"slopelessthan5":null,"slopebtwn5and833":null}},{"type":"Feature","id":6263,"geometry":{"type":"LineString","coordinates":[[-80.422406426836375,37.221966598852504],[-80.422465307359317,37.222024934279361],[-80.422446710097532,37.222052671304589]]},"properties":{"objectid":6263,"type":"Normal","st_length(shape)":38.754363737832541,"slopelessthan5":null,"slopebtwn5and833":null}},{"type":"Feature","id":6264,"geometry":{"type":"LineString","coordinates":[[-80.422406426836375,37.221966598852504],[-80.42237643790294,37.221963635373591],[-80.422353901143708,37.221964002425644],[-80.422218627295251,37.222057273742479],[-80.422206285455715,37.222066045025024]]},"properties":{"objectid":6264,"type":"Normal","st_length(shape)":72.174773033512793,"slopelessthan5":null,"slopebtwn5and833":null}},{"type":"Feature","id":6280,"geometry":{"type":"LineString","coordinates":[[-80.422353405820402,37.223599837934046],[-80.422416567251588,37.223569457204242],[-80.422561395849726,37.223524838104183]]},"properties":{"objectid":6280,"type":"Normal","st_length(shape)":66.6498987370029,"slopelessthan5":null,"slopebtwn5and833":null}},{"type":"Feature","id":6281,"geometry":{"type":"LineString","coordinates":[[-80.422075672056607,37.222925401015999],[-80.42196663247509,37.222949311161244],[-80.421904853002971,37.223011733807688],[-80.421847525265235,37.2230782681631],[-80.421794922207553,37.223148597447789],[-80.421747294280664,37.223222386813859],[-80.421704868248028,37.223299284939444],[-80.421667846106146,37.223378925701461]]},"properties":{"objectid":6281,"type":"Normal","st_length(shape)":212.93017314310532,"slopelessthan5":null,"slopebtwn5and833":null}},{"type":"Feature","id":6282,"geometry":{"type":"LineString","coordinates":[[-80.42144880400275,37.222701389497807],[-80.421538578908994,37.222720863900264],[-80.421675169404296,37.222756438128805],[-80.421780010988542,37.222788851901555],[-80.421874454965703,37.222822075693017],[-80.421952738701123,37.222858009530427],[-80.42204799262133,37.222839646851511]]},"properties":{"objectid":6282,"type":"Normal","st_length(shape)":186.48974218966995,"slopelessthan5":null,"slopebtwn5and833":null}},{"type":"Feature","id":6287,"geometry":{"type":"LineString","coordinates":[[-80.421688591469859,37.223813159812174],[-80.421708055904816,37.223821807643496],[-80.421728602298074,37.223827419678649],[-80.421749760222156,37.223829867425209],[-80.421771045248036,37.223829094839907],[-80.42179197003658,37.223825119611746],[-80.421812055496616,37.223818032757023],[-80.421825680516861,37.223811653537524],[-80.421838110010214,37.223803177494055],[-80.421849024037328,37.223792822802842],[-80.421858141667443,37.223780855997127],[-80.421865228209697,37.22376758510655],[-80.421870101254086,37.223753351728298],[-80.42187263536681,37.223738522234356]]},"properties":{"objectid":6287,"type":"Normal","st_length(shape)":73.286947121739544,"slopelessthan5":null,"slopebtwn5and833":null}},{"type":"Feature","id":6297,"geometry":{"type":"LineString","coordinates":[[-80.422353405820402,37.223599837934046],[-80.422286499967569,37.22362909983228],[-80.42203701055746,37.223702914691273],[-80.422035984964992,37.223703136883898]]},"properties":{"objectid":6297,"type":"Normal","st_length(shape)":99.966345217614105,"slopelessthan5":null,"slopebtwn5and833":null}},{"type":"Feature","id":6314,"geometry":{"type":"LineString","coordinates":[[-80.421825387821087,37.223598931327025],[-80.421906606948824,37.223489624539418]]},"properties":{"objectid":6314,"type":"Normal","st_length(shape)":46.293573768015371,"slopelessthan5":null,"slopebtwn5and833":null}},{"type":"Feature","id":6317,"geometry":{"type":"LineString","coordinates":[[-80.421741248560039,37.225573981584937],[-80.421904081265041,37.225578912915992],[-80.422071130455748,37.225603763983919],[-80.422203774513591,37.225631932117793],[-80.422290880744129,37.225658086496296],[-80.422373947628358,37.225690836381155]]},"properties":{"objectid":6317,"type":"Normal","st_length(shape)":190.92741977928929,"slopelessthan5":null,"slopebtwn5and833":null}},{"type":"Feature","id":6322,"geometry":{"type":"LineString","coordinates":[[-80.421688591469859,37.223813159812174],[-80.421698492953553,37.223794197721297],[-80.421711300382881,37.22377706383606],[-80.421726683864421,37.223762199490629],[-80.421744247150855,37.223749987560431],[-80.421763537847511,37.22374074260005],[-80.421784059065104,37.223734702740941],[-80.421806198094643,37.223731231923452],[-80.421828601557124,37.22373071416623],[-80.421850877290055,37.223733158532369],[-80.42187263536681,37.223738522234356]]},"properties":{"objectid":6322,"type":"Normal","st_length(shape)":67.954549858866628,"slopelessthan5":null,"slopebtwn5and833":null}},{"type":"Feature","id":6323,"geometry":{"type":"LineString","coordinates":[[-80.422414551984673,37.224127348268446],[-80.422375616567336,37.224084283750948]]},"properties":{"objectid":6323,"type":"Normal","st_length(shape)":19.348411194967071,"slopelessthan5":null,"slopebtwn5and833":null}},{"type":"Feature","id":6330,"geometry":{"type":"LineString","coordinates":[[-80.421740363572752,37.225539221852699],[-80.421741248560039,37.225573981584937]]},"properties":{"objectid":6330,"type":"Normal","st_length(shape)":12.658439250000008,"slopelessthan5":null,"slopebtwn5and833":null}},{"type":"Feature","id":6334,"geometry":{"type":"LineString","coordinates":[[-80.422373947628358,37.225690836381155],[-80.422400027516176,37.225701118863611],[-80.422519354986747,37.225748164558688],[-80.42254053194867,37.225767069212395]]},"properties":{"objectid":6334,"type":"Normal","st_length(shape)":56.442314302132701,"slopelessthan5":null,"slopebtwn5and833":null}},{"type":"Feature","id":6337,"geometry":{"type":"LineString","coordinates":[[-80.421891966933472,37.224066584924451],[-80.421957358613014,37.224269973204841]]},"properties":{"objectid":6337,"type":"Normal","st_length(shape)":76.460869294885086,"slopelessthan5":null,"slopebtwn5and833":null}},{"type":"Feature","id":6365,"geometry":{"type":"LineString","coordinates":[[-80.422563508534154,37.222846695462565],[-80.422386944137997,37.22288057175507],[-80.422398283670091,37.222855280625417],[-80.422405125223847,37.222828421374324],[-80.422407266722814,37.222800787333547],[-80.422404644914337,37.222773194719544],[-80.422397337237797,37.222746458525144],[-80.422385559537332,37.222721368447445],[-80.422373649466877,37.222701781090016]]},"properties":{"objectid":6365,"type":"Normal","st_length(shape)":120.40299020517939,"slopelessthan5":null,"slopebtwn5and833":null}},{"type":"Feature","id":6369,"geometry":{"type":"LineString","coordinates":[[-80.422261797297637,37.222651742084665],[-80.422237977763487,37.222681097200216]]},"properties":{"objectid":6369,"type":"Normal","st_length(shape)":12.741011403985814,"slopelessthan5":null,"slopebtwn5and833":null}},{"type":"Feature","id":6335,"geometry":{"type":"LineString","coordinates":[[-80.42254053194867,37.225767069212395],[-80.422483017855427,37.225797147994484]]},"properties":{"objectid":6335,"type":"Normal","st_length(shape)":20.008533314102777,"slopelessthan5":null,"slopebtwn5and833":null}},{"type":"Feature","id":6377,"geometry":{"type":"LineString","coordinates":[[-80.422559579715767,37.222809704153278],[-80.422629966262065,37.222813858207466],[-80.422700437617337,37.222811553830553],[-80.422712403452778,37.22281049548473]]},"properties":{"objectid":6377,"type":"Normal","st_length(shape)":44.590744949086563,"slopelessthan5":null,"slopebtwn5and833":null}},{"type":"Feature","id":6421,"geometry":{"type":"LineString","coordinates":[[-80.421543334909657,37.22299774312232],[-80.421937890167797,37.222909982178521]]},"properties":{"objectid":6421,"type":"Normal","st_length(shape)":119.24075827776687,"slopelessthan5":null,"slopebtwn5and833":null}},{"type":"Feature","id":6426,"geometry":{"type":"LineString","coordinates":[[-80.421345766877451,37.222370803886669],[-80.421475534142829,37.222378506410223],[-80.421562722315656,37.222388159271588],[-80.421676008315103,37.222408448607105],[-80.421759446981568,37.222426072018067],[-80.421840991331521,37.222446889713538],[-80.421950550706256,37.222481487829818],[-80.422058375746346,37.222525604585528],[-80.422134514282462,37.2225632108619],[-80.422174773246695,37.222595760573888],[-80.42221727469024,37.22262532229319],[-80.422261797297637,37.222651742084665],[-80.422316750769198,37.222678935668938],[-80.422373649466877,37.222701781090016],[-80.422404034475974,37.222712009665251],[-80.422476950138389,37.222753424759397],[-80.422491273023653,37.222763180380177],[-80.422559579715767,37.222809704153278],[-80.422563508534154,37.222846695462565],[-80.422638453933985,37.222954028700293]]},"properties":{"objectid":6426,"type":"Normal","st_length(shape)":455.07505549211834,"slopelessthan5":null,"slopebtwn5and833":null}},{"type":"Feature","id":6443,"geometry":{"type":"LineString","coordinates":[[-80.422265514166256,37.221654866481387],[-80.422187781644212,37.221699531839498]]},"properties":{"objectid":6443,"type":"Normal","st_length(shape)":27.869808776378637,"slopelessthan5":null,"slopebtwn5and833":null}},{"type":"Feature","id":6445,"geometry":{"type":"LineString","coordinates":[[-80.422206285455715,37.222066045025024],[-80.421981346448305,37.222225899284325]]},"properties":{"objectid":6445,"type":"Normal","st_length(shape)":87.618504411185128,"slopelessthan5":null,"slopebtwn5and833":null}},{"type":"Feature","id":6446,"geometry":{"type":"LineString","coordinates":[[-80.422300262191854,37.222142597092407],[-80.422206285455715,37.222066045025024]]},"properties":{"objectid":6446,"type":"Normal","st_length(shape)":39.058678747047665,"slopelessthan5":null,"slopebtwn5and833":null}},{"type":"Feature","id":6439,"geometry":{"type":"LineString","coordinates":[[-80.422353405820402,37.223599837934046],[-80.422445466583085,37.223422125358347],[-80.422510866392244,37.223297058205929],[-80.422529658114357,37.223260793688681],[-80.422592516018753,37.223205058434402]]},"properties":{"objectid":6439,"type":"Normal","st_length(shape)":161.01297199858155,"slopelessthan5":null,"slopebtwn5and833":null}},{"type":"Feature","id":6451,"geometry":{"type":"LineString","coordinates":[[-80.421782731696652,37.221635732912937],[-80.42210483264229,37.221931307100135],[-80.422267693900352,37.221854819135523]]},"properties":{"objectid":6451,"type":"Normal","st_length(shape)":197.74079329317286,"slopelessthan5":null,"slopebtwn5and833":null}},{"type":"Feature","id":6440,"geometry":{"type":"LineString","coordinates":[[-80.422015388246351,37.221508807841097],[-80.422187781644212,37.221699531839498],[-80.422292307723708,37.221814356289904]]},"properties":{"objectid":6440,"type":"Normal","st_length(shape)":137.39519080757705,"slopelessthan5":null,"slopebtwn5and833":null}},{"type":"Feature","id":6442,"geometry":{"type":"LineString","coordinates":[[-80.422406426836375,37.221966598852504],[-80.422320470372895,37.221873329055541]]},"properties":{"objectid":6442,"type":"Normal","st_length(shape)":42.185247209529408,"slopelessthan5":null,"slopebtwn5and833":null}},{"type":"Feature","id":6609,"geometry":{"type":"LineString","coordinates":[[-80.422550767782127,37.225513904652232],[-80.42255257164777,37.225526669864692],[-80.422573797848514,37.225758091394994],[-80.42254053194867,37.225767069212395]]},"properties":{"objectid":6609,"type":"Normal","st_length(shape)":99.385038946897723,"slopelessthan5":null,"slopebtwn5and833":null}},{"type":"Feature","id":6626,"geometry":{"type":"LineString","coordinates":[[-80.422619089916751,37.228753744754506],[-80.422762906145167,37.228890488882712],[-80.422494377917374,37.229061372438863]]},"properties":{"objectid":6626,"type":"Normal","st_length(shape)":164.96868777090975,"slopelessthan5":null,"slopebtwn5and833":null}},{"type":"Feature","id":6615,"geometry":{"type":"LineString","coordinates":[[-80.423088871897832,37.224800067208072],[-80.423009288611766,37.224685398560077],[-80.423023626702076,37.224718561061678],[-80.422997821198891,37.224726515290961],[-80.423025497361294,37.224791986850242],[-80.422986624061991,37.224803502235353],[-80.422957454656242,37.224741706086618],[-80.422920906381862,37.224751933495121],[-80.422907783752379,37.224723655054838],[-80.422599609600312,37.224819731546049],[-80.422588032448843,37.224835973745037],[-80.422412498494538,37.224867787298507],[-80.422393219557833,37.224863476809013],[-80.422373437590736,37.224859506180522],[-80.422354540844097,37.224861439848254]]},"properties":{"objectid":6615,"type":"Normal","st_length(shape)":324.94336081385956,"slopelessthan5":null,"slopebtwn5and833":null}},{"type":"Feature","id":6723,"geometry":{"type":"LineString","coordinates":[[-80.422550767782127,37.225513904652232],[-80.422522065087975,37.225310729377959],[-80.42243551124804,37.22512844528071],[-80.42239093930155,37.225071769480351],[-80.422259649171366,37.224912534982451],[-80.422354540844097,37.224861439848254]]},"properties":{"objectid":6723,"type":"Normal","st_length(shape)":272.56586895335653,"slopelessthan5":null,"slopebtwn5and833":null}},{"type":"Feature","id":6722,"geometry":{"type":"LineString","coordinates":[[-80.422088232806502,37.224714886810382],[-80.422196896658988,37.224633105117391]]},"properties":{"objectid":6722,"type":"Normal","st_length(shape)":43.446462262880786,"slopelessthan5":null,"slopebtwn5and833":null}},{"type":"Feature","id":7533,"geometry":{"type":"LineString","coordinates":[[-80.422769203258838,37.223257388357908],[-80.422592516018753,37.223205058434402]]},"properties":{"objectid":7533,"type":"Normal","st_length(shape)":54.859419147545566,"slopelessthan5":null,"slopebtwn5and833":null}},{"type":"Feature","id":6747,"geometry":{"type":"LineString","coordinates":[[-80.422480701614205,37.220681739074351],[-80.422551133243019,37.220919383846891]]},"properties":{"objectid":6747,"type":"Normal","st_length(shape)":88.922122513244688,"slopelessthan5":null,"slopebtwn5and833":null}},{"type":"Feature","id":6748,"geometry":{"type":"LineString","coordinates":[[-80.422434835136912,37.220633916049884],[-80.422480701614205,37.220681739074351]]},"properties":{"objectid":6748,"type":"Normal","st_length(shape)":21.943940973835534,"slopelessthan5":null,"slopebtwn5and833":null}},{"type":"Feature","id":6749,"geometry":{"type":"LineString","coordinates":[[-80.422417588189717,37.220615933381268],[-80.422383116908009,37.22063953520437]]},"properties":{"objectid":6749,"type":"Normal","st_length(shape)":13.213136194830636,"slopelessthan5":null,"slopebtwn5and833":null}},{"type":"Feature","id":6813,"geometry":{"type":"LineString","coordinates":[[-80.421778481903132,37.230170061570917],[-80.421706630827174,37.230094670182048]]},"properties":{"objectid":6813,"type":"Normal","st_length(shape)":34.511694895220522,"slopelessthan5":null,"slopebtwn5and833":null}},{"type":"Feature","id":6860,"geometry":{"type":"LineString","coordinates":[[-80.422216107622461,37.224189254454949],[-80.422077729536213,37.224135288626037],[-80.421891966933472,37.224066584924451]]},"properties":{"objectid":6860,"type":"Normal","st_length(shape)":104.41644687598919,"slopelessthan5":null,"slopebtwn5and833":null}},{"type":"Feature","id":6882,"geometry":{"type":"LineString","coordinates":[[-80.421986946472188,37.22915985739904],[-80.422046683841046,37.229124470221649],[-80.422268970741769,37.228984615664295],[-80.422610648745746,37.228759934342968],[-80.422619089916751,37.228753744754506]]},"properties":{"objectid":6882,"type":"Normal","st_length(shape)":236.11892558132789,"slopelessthan5":null,"slopebtwn5and833":null}},{"type":"Feature","id":6883,"geometry":{"type":"LineString","coordinates":[[-80.422603576904493,37.228738994694496],[-80.422619089916751,37.228753744754506]]},"properties":{"objectid":6883,"type":"Normal","st_length(shape)":7.0171051757865781,"slopelessthan5":null,"slopebtwn5and833":null}},{"type":"Feature","id":6888,"geometry":{"type":"LineString","coordinates":[[-80.422525910587865,37.230564688711375],[-80.422435087571102,37.230627640617172]]},"properties":{"objectid":6888,"type":"Normal","st_length(shape)":34.992911296054416,"slopelessthan5":null,"slopebtwn5and833":null}},{"type":"Feature","id":6889,"geometry":{"type":"LineString","coordinates":[[-80.422435087571102,37.230627640617172],[-80.422321331551643,37.230706488667288]]},"properties":{"objectid":6889,"type":"Normal","st_length(shape)":43.828828054562102,"slopelessthan5":null,"slopebtwn5and833":null}},{"type":"Feature","id":6943,"geometry":{"type":"LineString","coordinates":[[-80.422561395849726,37.223524838104183],[-80.422753750766631,37.223465576616093]]},"properties":{"objectid":6943,"type":"Normal","st_length(shape)":60.018704790146195,"slopelessthan5":null,"slopebtwn5and833":null}},{"type":"Feature","id":6944,"geometry":{"type":"LineString","coordinates":[[-80.422268601392346,37.224172878607106],[-80.422414551984673,37.224127348268446]]},"properties":{"objectid":6944,"type":"Normal","st_length(shape)":45.613650221675925,"slopelessthan5":null,"slopebtwn5and833":null}},{"type":"Feature","id":6945,"geometry":{"type":"LineString","coordinates":[[-80.422216107622461,37.224189254454949],[-80.422268601392346,37.224172878607106]]},"properties":{"objectid":6945,"type":"Normal","st_length(shape)":16.405773399070519,"slopelessthan5":null,"slopebtwn5and833":null}},{"type":"Feature","id":6946,"geometry":{"type":"LineString","coordinates":[[-80.421782731696652,37.221635732912937],[-80.421722926244442,37.221677027293104]]},"properties":{"objectid":6946,"type":"Normal","st_length(shape)":23.006066040168523,"slopelessthan5":null,"slopebtwn5and833":null}},{"type":"Feature","id":6951,"geometry":{"type":"LineString","coordinates":[[-80.422625684672028,37.221266591617855],[-80.422620036483679,37.221263598533547],[-80.422573727076866,37.221153135559312]]},"properties":{"objectid":6951,"type":"Normal","st_length(shape)":44.391914961454169,"slopelessthan5":null,"slopebtwn5and833":null}},{"type":"Feature","id":6952,"geometry":{"type":"LineString","coordinates":[[-80.422300262191854,37.222142597092407],[-80.422418380822592,37.222065666841736],[-80.422446710097532,37.222052671304589]]},"properties":{"objectid":6952,"type":"Normal","st_length(shape)":53.864293913297182,"slopelessthan5":null,"slopebtwn5and833":null}},{"type":"Feature","id":6953,"geometry":{"type":"LineString","coordinates":[[-80.422446710097532,37.222052671304589],[-80.422455618725763,37.222061590397566],[-80.422482278671922,37.222085448421353]]},"properties":{"objectid":6953,"type":"Normal","st_length(shape)":15.805738323323807,"slopelessthan5":null,"slopebtwn5and833":null}},{"type":"Feature","id":6954,"geometry":{"type":"LineString","coordinates":[[-80.422134514282462,37.2225632108619],[-80.422134688285269,37.222535213592153],[-80.422138670815329,37.222507500475317],[-80.422146387769615,37.222480587169926]]},"properties":{"objectid":6954,"type":"Normal","st_length(shape)":30.384339188283153,"slopelessthan5":null,"slopebtwn5and833":null}},{"type":"Feature","id":7534,"geometry":{"type":"LineString","coordinates":[[-80.422638453933985,37.222954028700293],[-80.422649890361384,37.22299070785342],[-80.422655295992371,37.223028746403592],[-80.42265453087191,37.223067159509903],[-80.422647614809421,37.223104952633953],[-80.422634726865908,37.223141147289056],[-80.422616200717982,37.223174806373848],[-80.422592516018753,37.223205058434402]]},"properties":{"objectid":7534,"type":"Normal","st_length(shape)":95.621101576516523,"slopelessthan5":null,"slopebtwn5and833":null}},{"type":"Feature","id":6977,"geometry":{"type":"LineString","coordinates":[[-80.422739108737915,37.232199226808767],[-80.42286363979872,37.232297026081973]]},"properties":{"objectid":6977,"type":"Normal","st_length(shape)":50.816511302852348,"slopelessthan5":null,"slopebtwn5and833":null}},{"type":"Feature","id":6978,"geometry":{"type":"LineString","coordinates":[[-80.422817394830574,37.232333606162122],[-80.42286363979872,37.232297026081973]]},"properties":{"objectid":6978,"type":"Normal","st_length(shape)":18.937825194241483,"slopelessthan5":null,"slopebtwn5and833":null}},{"type":"Feature","id":7001,"geometry":{"type":"LineString","coordinates":[[-80.422592967902176,37.232617724758086],[-80.42257899047226,37.232628551461346],[-80.422465444271722,37.232733228674405],[-80.422455794966851,37.232746114349979],[-80.42244800037588,37.232760199592995],[-80.422442207244956,37.232775219225267],[-80.422356840882955,37.232961745066248],[-80.422349822871695,37.2329787175983],[-80.422344952048491,37.232996426195307],[-80.422342302810193,37.233014600376521],[-80.422344140359655,37.23307280399974],[-80.422346375238789,37.233080201693532],[-80.422349626662836,37.23308721231404],[-80.422353830214277,37.233093696966193],[-80.422358902611947,37.233099527175455],[-80.422364743361044,37.233104587433182]]},"properties":{"objectid":7001,"type":"Normal","st_length(shape)":199.43163669902961,"slopelessthan5":null,"slopebtwn5and833":null}},{"type":"Feature","id":6235,"geometry":{"type":"LineString","coordinates":[[-80.422555477868556,37.232524272262978],[-80.422751428103268,37.232379896992974]]},"properties":{"objectid":6235,"type":"Normal","st_length(shape)":77.572404310912475,"slopelessthan5":null,"slopebtwn5and833":null}},{"type":"Feature","id":7006,"geometry":{"type":"LineString","coordinates":[[-80.422751428103268,37.232379896992974],[-80.422817394830574,37.232333606162122]]},"properties":{"objectid":7006,"type":"Normal","st_length(shape)":25.551591412520295,"slopelessthan5":null,"slopebtwn5and833":null}},{"type":"Feature","id":6804,"geometry":{"type":"LineString","coordinates":[[-80.42272211765416,37.232522927273919],[-80.422636942793318,37.232588835420465],[-80.422592967902176,37.232617724758086]]},"properties":{"objectid":6804,"type":"Normal","st_length(shape)":51.075831760574154,"slopelessthan5":null,"slopebtwn5and833":null}},{"type":"Feature","id":7007,"geometry":{"type":"LineString","coordinates":[[-80.422555477868556,37.232524272262978],[-80.422636942793318,37.232588835420465]]},"properties":{"objectid":7007,"type":"Normal","st_length(shape)":33.392462926260563,"slopelessthan5":null,"slopebtwn5and833":null}},{"type":"Feature","id":6628,"geometry":{"type":"LineString","coordinates":[[-80.422077563300093,37.233134143485479],[-80.422293744706991,37.233194279983813],[-80.423252240252125,37.233454800785985],[-80.423280176390989,37.233461927958295],[-80.423306749030303,37.233473113631263],[-80.423331372177515,37.233488111133084],[-80.423353502831219,37.233506589731689],[-80.423368863061313,37.233531271551847],[-80.423380654503518,37.233557843921069]]},"properties":{"objectid":6628,"type":"Normal","st_length(shape)":417.26394178348619,"slopelessthan5":null,"slopebtwn5and833":null}},{"type":"Feature","id":7400,"geometry":{"type":"LineString","coordinates":[[-80.421931849596106,37.231183805669872],[-80.421873977082029,37.231191968046318],[-80.42175468501145,37.231286255364161],[-80.42172623057175,37.23130208993107]]},"properties":{"objectid":7400,"type":"Normal","st_length(shape)":76.034200389067678,"slopelessthan5":null,"slopebtwn5and833":null}},{"type":"Feature","id":6311,"geometry":{"type":"LineString","coordinates":[[-80.422452643144823,37.230822089983363],[-80.422471045422085,37.230881488435031],[-80.422591843382023,37.230965715990976]]},"properties":{"objectid":6311,"type":"Normal","st_length(shape)":68.941362778373616,"slopelessthan5":null,"slopebtwn5and833":null}},{"type":"Feature","id":6106,"geometry":{"type":"LineString","coordinates":[[-80.422304455036254,37.23071818632684],[-80.422278388655897,37.230697083704364],[-80.422127250345838,37.23066364855525]]},"properties":{"objectid":6106,"type":"Normal","st_length(shape)":56.453480607906606,"slopelessthan5":null,"slopebtwn5and833":null}},{"type":"Feature","id":7404,"geometry":{"type":"LineString","coordinates":[[-80.422419817834864,37.230824822783767],[-80.422304455036254,37.23071818632684]]},"properties":{"objectid":7404,"type":"Normal","st_length(shape)":51.336607787925104,"slopelessthan5":null,"slopebtwn5and833":null}},{"type":"Feature","id":7508,"geometry":{"type":"LineString","coordinates":[[-80.422010953888304,37.224878234361832],[-80.42208591151909,37.224974359406652],[-80.422067603470438,37.224983125069713]]},"properties":{"objectid":7508,"type":"Normal","st_length(shape)":47.458469673232955,"slopelessthan5":null,"slopebtwn5and833":null}},{"type":"Feature","id":7450,"geometry":{"type":"LineString","coordinates":[[-80.421478021950833,37.227060495063022],[-80.421512080332562,37.227100594739902],[-80.421785254076468,37.227657373579014],[-80.422052482572909,37.228126899150631],[-80.422125830329634,37.228255190985195],[-80.422204017513437,37.228417888790958]]},"properties":{"objectid":7450,"type":"Normal","st_length(shape)":538.0565834327349,"slopelessthan5":null,"slopebtwn5and833":null}},{"type":"Feature","id":7507,"geometry":{"type":"LineString","coordinates":[[-80.422522035935813,37.225616416621222],[-80.422560559228728,37.225613752276274]]},"properties":{"objectid":7507,"type":"Normal","st_length(shape)":11.258016926826592,"slopelessthan5":null,"slopebtwn5and833":null}},{"type":"Feature","id":7510,"geometry":{"type":"LineString","coordinates":[[-80.422412498494538,37.224867787298507],[-80.422413393083261,37.224874340973471],[-80.422413143029488,37.224880950694917],[-80.422411755839533,37.22488741804743],[-80.42240927315504,37.22489354888932],[-80.422405769503072,37.224899159180517],[-80.422401350058777,37.22490408050723],[-80.422396147488243,37.224908165137492],[-80.422354293492418,37.224927446530877],[-80.422475994596084,37.22508096705738],[-80.422484115875832,37.225077854246933]]},"properties":{"objectid":7510,"type":"Normal","st_length(shape)":99.005316344920161,"slopelessthan5":null,"slopebtwn5and833":null}},{"type":"Feature","id":7537,"geometry":{"type":"LineString","coordinates":[[-80.42226480448511,37.223798255112435],[-80.422275249051836,37.223829153098045]]},"properties":{"objectid":7537,"type":"Normal","st_length(shape)":11.653553260878313,"slopelessthan5":null,"slopebtwn5and833":null}},{"type":"Feature","id":7538,"geometry":{"type":"LineString","coordinates":[[-80.422115451384329,37.223736170870922],[-80.422060265616537,37.2238559945378],[-80.42199258999139,37.223962021041039],[-80.421912946260392,37.224074344049022]]},"properties":{"objectid":7538,"type":"Normal","st_length(shape)":136.84660559294352,"slopelessthan5":null,"slopebtwn5and833":null}},{"type":"Feature","id":7539,"geometry":{"type":"LineString","coordinates":[[-80.421744842138551,37.22361464341293],[-80.42167991095198,37.223627537985344],[-80.421659592271311,37.22363546292079],[-80.421640808278397,37.223646545113567],[-80.421624045641295,37.223660497438942],[-80.421609738657395,37.223676958410906],[-80.421598258001453,37.223695501547788],[-80.42158990112182,37.223715646421802],[-80.421584884534056,37.223736871106333],[-80.421582953870811,37.223770332686449],[-80.421586611531168,37.223803649744021],[-80.421595755768394,37.223835895483738],[-80.421605685536832,37.223868673866761]]},"properties":{"objectid":7539,"type":"Normal","st_length(shape)":118.97856835444549,"slopelessthan5":null,"slopebtwn5and833":null}},{"type":"Feature","id":7541,"geometry":{"type":"LineString","coordinates":[[-80.421534112692498,37.223916600239306],[-80.421648836223767,37.223839780180583],[-80.421688591469859,37.223813159812174]]},"properties":{"objectid":7541,"type":"Normal","st_length(shape)":58.663794702435382,"slopelessthan5":null,"slopebtwn5and833":null}},{"type":"Feature","id":7542,"geometry":{"type":"LineString","coordinates":[[-80.421866019172256,37.224399831773098],[-80.421909052742393,37.224373589671821],[-80.42195201466059,37.224327581813213],[-80.421973058822658,37.224318806762881]]},"properties":{"objectid":7542,"type":"Normal","st_length(shape)":43.573203368557891,"slopelessthan5":null,"slopebtwn5and833":null}},{"type":"Feature","id":7543,"geometry":{"type":"LineString","coordinates":[[-80.4214363409165,37.224144796565852],[-80.421567029576082,37.224266801685395],[-80.421485813827459,37.22431639014151]]},"properties":{"objectid":7543,"type":"Normal","st_length(shape)":88.241747837276961,"slopelessthan5":null,"slopebtwn5and833":null}},{"type":"Feature","id":7572,"geometry":{"type":"LineString","coordinates":[[-80.422267693900352,37.221854819135523],[-80.42227241323296,37.221860961178756],[-80.422278119640254,37.22186619889878],[-80.422284642670661,37.221870375843814],[-80.422291787479864,37.221873367247618],[-80.422299340650937,37.221875083756331],[-80.422307076569055,37.22187547409748],[-80.422314764160717,37.221874526611494],[-80.422322173795962,37.22187226959997],[-80.422329084147393,37.221868770480334],[-80.422335288801392,37.221864133772009],[-80.422340602423631,37.221858497974452],[-80.422344866295091,37.221852031430132],[-80.422347953053034,37.221844927296068],[-80.422345100832075,37.221837648027851],[-80.422341033171222,37.221830971423522],[-80.422335872553546,37.221825098525144],[-80.422329774372585,37.221820206174058],[-80.422322922253258,37.221816441685917],[-80.422315522522638,37.221813918414831],[-80.422307797997163,37.221812712340082],[-80.422299981273284,37.221812859778296],[-80.422292307723708,37.221814356289904],[-80.422286839320591,37.221816311671027],[-80.422281781190392,37.221819165136779],[-80.422277279538733,37.221822834207529],[-80.422273464486153,37.221827212828515],[-80.422270446307053,37.221832174435391],[-80.422268312242096,37.221837575612554],[-80.422267123976596,37.221843260238572],[-80.422266915857449,37.221849063998931],[-80.422267693900352,37.221854819135523]]},"properties":{"objectid":7572,"type":"Normal","st_length(shape)":72.198937231766578,"slopelessthan5":null,"slopebtwn5and833":null}},{"type":"Feature","id":7573,"geometry":{"type":"LineString","coordinates":[[-80.422465307359317,37.222024934279361],[-80.422548899893172,37.222019181677943],[-80.422804758842886,37.221879089733271],[-80.423073692947256,37.221784091636017],[-80.423132773076048,37.221769869374661]]},"properties":{"objectid":7573,"type":"Normal","st_length(shape)":218.28351261384424,"slopelessthan5":null,"slopebtwn5and833":null}},{"type":"Feature","id":5980,"geometry":{"type":"LineString","coordinates":[[-80.422369362291505,37.220565649506234],[-80.422354459616727,37.219980463523079],[-80.422405698280528,37.219974794502285]]},"properties":{"objectid":5980,"type":"Normal","st_length(shape)":228.16832711223412,"slopelessthan5":null,"slopebtwn5and833":null}},{"type":"Feature","id":7403,"geometry":{"type":"LineString","coordinates":[[-80.422417415829884,37.230639889308975],[-80.422418564619292,37.23065082837438],[-80.422452643144823,37.230822089983363]]},"properties":{"objectid":7403,"type":"Normal","st_length(shape)":67.136629342422637,"slopelessthan5":null,"slopebtwn5and833":null}},{"type":"Feature","id":6243,"geometry":{"type":"LineString","coordinates":[[-80.423198518092349,37.232173585060337],[-80.42310322502334,37.232144901331402],[-80.422975357421265,37.23209483532051],[-80.422927755964636,37.232069628602673],[-80.422747177088453,37.231955304329794],[-80.422738391075612,37.23195168018799],[-80.422730357573926,37.231946601676782],[-80.422723315063578,37.231940219555376],[-80.422717472606507,37.231932723281574],[-80.422713003640183,37.231924335387589],[-80.42271004082906,37.231915304874001],[-80.422708672126262,37.23190589981801],[-80.422708938162714,37.231896399415383],[-80.422710831040945,37.231887085692307],[-80.422714294569516,37.231878235133259],[-80.422719225931118,37.231870110473373],[-80.422725478734776,37.231862952898936],[-80.422947156996301,37.231717256923339],[-80.422955764419839,37.231712695613126],[-80.422964991575299,37.2317095726509],[-80.422974599948375,37.231707968762628],[-80.422984341170647,37.231707925407484],[-80.422993963439609,37.231709443706173],[-80.423003218027631,37.231712484411922],[-80.423045829005417,37.231732503506073]]},"properties":{"objectid":6243,"type":null,"st_length(shape)":308.96500434136846,"slopelessthan5":null,"slopebtwn5and833":null}},{"type":"Feature","id":8065,"geometry":{"type":"LineString","coordinates":[[-80.42294296404306,37.232364545852079],[-80.42286363979872,37.232297026081973]]},"properties":{"objectid":8065,"type":"Normal","st_length(shape)":33.729163772058364,"slopelessthan5":null,"slopebtwn5and833":null}},{"type":"Feature","id":8061,"geometry":{"type":"LineString","coordinates":[[-80.422708330020797,37.2319045027633],[-80.422655639788729,37.231906427162023],[-80.422526374435108,37.231985585652097],[-80.42249702802637,37.232009109334449]]},"properties":{"objectid":8061,"type":"Normal","st_length(shape)":74.854370549616377,"slopelessthan5":null,"slopebtwn5and833":null}},{"type":"Feature","id":8258,"geometry":{"type":"LineString","coordinates":[[-80.422563949849931,37.230538321390775],[-80.422455855475107,37.230436831085477]]},"properties":{"objectid":8258,"type":"Normal","st_length(shape)":48.536671007980232,"slopelessthan5":null,"slopebtwn5and833":null}},{"type":"Feature","id":8259,"geometry":{"type":"LineString","coordinates":[[-80.422330153211789,37.230108584830234],[-80.422297773329021,37.230158799744927],[-80.422247979492909,37.230241164811609],[-80.422455855475107,37.230436831085477]]},"properties":{"objectid":8259,"type":"Normal","st_length(shape)":147.35584470550833,"slopelessthan5":null,"slopebtwn5and833":null}},{"type":"Feature","id":8265,"geometry":{"type":"LineString","coordinates":[[-80.422602345741524,37.229671783062301],[-80.422473143521117,37.229878370876648]]},"properties":{"objectid":8265,"type":"Normal","st_length(shape)":84.098684584167401,"slopelessthan5":null,"slopebtwn5and833":null}},{"type":"Feature","id":8266,"geometry":{"type":"LineString","coordinates":[[-80.422684266686815,37.229506541789306],[-80.422602345741524,37.229671783062301]]},"properties":{"objectid":8266,"type":"Normal","st_length(shape)":64.718387124409702,"slopelessthan5":null,"slopebtwn5and833":null}},{"type":"Feature","id":8267,"geometry":{"type":"LineString","coordinates":[[-80.422473143521117,37.229878370876648],[-80.422409661688775,37.229985282714829],[-80.422330153211789,37.230108584830234]]},"properties":{"objectid":8267,"type":"Normal","st_length(shape)":93.600662593021852,"slopelessthan5":null,"slopebtwn5and833":null}},{"type":"Feature","id":8268,"geometry":{"type":"LineString","coordinates":[[-80.422330153211789,37.230108584830234],[-80.42252460542008,37.229980809651821]]},"properties":{"objectid":8268,"type":"Normal","st_length(shape)":73.274981083801279,"slopelessthan5":null,"slopebtwn5and833":null}},{"type":"Feature","id":8269,"geometry":{"type":"LineString","coordinates":[[-80.42252460542008,37.229980809651821],[-80.4225431150346,37.230000974485179],[-80.422471860455687,37.230048635650377],[-80.422483832705865,37.230062032889528],[-80.422588247486956,37.229992144117091]]},"properties":{"objectid":8269,"type":"Normal","st_length(shape)":81.791631635353582,"slopelessthan5":null,"slopebtwn5and833":null}},{"type":"Feature","id":8271,"geometry":{"type":"LineString","coordinates":[[-80.422722759380463,37.229847228178699],[-80.422769756093388,37.229832427931278]]},"properties":{"objectid":8271,"type":"Normal","st_length(shape)":14.705337991211218,"slopelessthan5":null,"slopebtwn5and833":null}},{"type":"Feature","id":8272,"geometry":{"type":"LineString","coordinates":[[-80.422473143521117,37.229878370876648],[-80.422563273280502,37.229869215962069],[-80.42265521495672,37.229861103089867],[-80.422722759380463,37.229847228178699]]},"properties":{"objectid":8272,"type":"Normal","st_length(shape)":73.684014594982102,"slopelessthan5":null,"slopebtwn5and833":null}},{"type":"Feature","id":8275,"geometry":{"type":"LineString","coordinates":[[-80.422769756093388,37.229832427931278],[-80.422791297107665,37.229853098538705]]},"properties":{"objectid":8275,"type":"Normal","st_length(shape)":9.7965030240957756,"slopelessthan5":null,"slopebtwn5and833":null}},{"type":"Feature","id":8273,"geometry":{"type":"LineString","coordinates":[[-80.422473143521117,37.229878370876648],[-80.422423476191838,37.229863685826189],[-80.422346905854766,37.229835619530078],[-80.422268207601348,37.229814592592831],[-80.422196099228302,37.229807839136285],[-80.422144550912932,37.229800682355972]]},"properties":{"objectid":8273,"type":"Normal","st_length(shape)":100.4658056527574,"slopelessthan5":null,"slopebtwn5and833":null}},{"type":"Feature","id":8698,"geometry":{"type":"LineString","coordinates":[[-80.422144550912932,37.229800682355972],[-80.421958838535531,37.229756854019172]]},"properties":{"objectid":8698,"type":"Normal","st_length(shape)":56.37332803593339,"slopelessthan5":null,"slopebtwn5and833":null}},{"type":"Feature","id":5832,"geometry":{"type":"LineString","coordinates":[[-80.419897570372868,37.227898223929756],[-80.419924891918555,37.227885565394985],[-80.419993753328086,37.2278233772711],[-80.420157221722761,37.227672747784567],[-80.420355299605646,37.22749806673432],[-80.420452960372515,37.227414272057551],[-80.420573853166914,37.227320703447681],[-80.420596533232668,37.227294367623749],[-80.420618980739789,37.22727709795943]]},"properties":{"objectid":5832,"type":"Normal","st_length(shape)":309.3041076880578,"slopelessthan5":null,"slopebtwn5and833":null}},{"type":"Feature","id":5829,"geometry":{"type":"LineString","coordinates":[[-80.419798564173206,37.23209858738732],[-80.420406586248092,37.231679673153678],[-80.420728971369584,37.231465891634343]]},"properties":{"objectid":5829,"type":"Normal","st_length(shape)":355.59224196025053,"slopelessthan5":null,"slopebtwn5and833":null}},{"type":"Feature","id":7550,"geometry":{"type":"LineString","coordinates":[[-80.420664328395659,37.222682298781372],[-80.420757947711806,37.222992202362953],[-80.42076832287151,37.22307868813931]]},"properties":{"objectid":7550,"type":"Normal","st_length(shape)":147.71345148857137,"slopelessthan5":null,"slopebtwn5and833":null}},{"type":"Feature","id":7553,"geometry":{"type":"LineString","coordinates":[[-80.420098540104632,37.223017813900192],[-80.420152702975543,37.223016204158675],[-80.420206617463734,37.223021629637131],[-80.420259373624361,37.223033998766745],[-80.420310081062382,37.223053102786828],[-80.420357883960108,37.2230786192682],[-80.420401975521443,37.223110117555009],[-80.420441611588572,37.223147066033128],[-80.420478007802558,37.223219164902986]]},"properties":{"objectid":7553,"type":"Normal","st_length(shape)":143.91515377084477,"slopelessthan5":null,"slopebtwn5and833":null}},{"type":"Feature","id":5946,"geometry":{"type":"LineString","coordinates":[[-80.420397701970771,37.224251974483991],[-80.420403655681071,37.224253061001434],[-80.420419435907149,37.224265166235199],[-80.420437977149518,37.224284436795642],[-80.420460725455882,37.224317031042524],[-80.42047684740281,37.224342521946625],[-80.420494571454157,37.224380348755922],[-80.420509901278137,37.224425425669715],[-80.420509896235927,37.224475902911898]]},"properties":{"objectid":5946,"type":"Normal","st_length(shape)":91.083061804172502,"slopelessthan5":null,"slopebtwn5and833":null}},{"type":"Feature","id":5953,"geometry":{"type":"LineString","coordinates":[[-80.419712850222965,37.222143420189937],[-80.419833234827237,37.222306986094033],[-80.419948429284602,37.222435963107579],[-80.420023717537788,37.222504256967312],[-80.420037501230325,37.222512065803564],[-80.420049833816336,37.222522009415876],[-80.420060387876674,37.222533823810224],[-80.420068883210462,37.222547195324999],[-80.420075094274182,37.222561768958414],[-80.420078856169624,37.222577157793523],[-80.42008006902185,37.2225929532705],[-80.420078700630683,37.222608736033543],[-80.420074787325717,37.222624087064375]]},"properties":{"objectid":5953,"type":"Normal","st_length(shape)":208.93139825821697,"slopelessthan5":null,"slopebtwn5and833":null}},{"type":"Feature","id":7554,"geometry":{"type":"LineString","coordinates":[[-80.420269091117632,37.223173964110956],[-80.420264471156514,37.223121149156142],[-80.420264520237566,37.223068132544746],[-80.420269237979426,37.223015326234467],[-80.420278587723558,37.222963140548906],[-80.420292496819172,37.222911980989174],[-80.420397230297624,37.222668474028993],[-80.420399326051822,37.222657202057377],[-80.420399509882515,37.222645738387108],[-80.420397776626203,37.222634405013714],[-80.420394174967186,37.222623520272926],[-80.420388806070108,37.222613389899095],[-80.420381820738399,37.222604298437673]]},"properties":{"objectid":7554,"type":"Normal","st_length(shape)":214.31299014306401,"slopelessthan5":null,"slopebtwn5and833":null}},{"type":"Feature","id":5968,"geometry":{"type":"LineString","coordinates":[[-80.420142004253734,37.229968049904237],[-80.420182246972018,37.229941968371627]]},"properties":{"objectid":5968,"type":"Normal","st_length(shape)":15.081224696112583,"slopelessthan5":null,"slopebtwn5and833":null}},{"type":"Feature","id":5982,"geometry":{"type":"LineString","coordinates":[[-80.42066131151654,37.230962474576287],[-80.420605487677847,37.230983682382423]]},"properties":{"objectid":5982,"type":"Normal","st_length(shape)":17.993166690141607,"slopelessthan5":null,"slopebtwn5and833":null}},{"type":"Feature","id":5983,"geometry":{"type":"LineString","coordinates":[[-80.420555750202737,37.230823799582154],[-80.420515839857217,37.230849933508139]]},"properties":{"objectid":5983,"type":"Normal","st_length(shape)":15.018149166778189,"slopelessthan5":null,"slopebtwn5and833":null}},{"type":"Feature","id":7555,"geometry":{"type":"LineString","coordinates":[[-80.41996493336471,37.222895488755611],[-80.419954517633002,37.222884070405826],[-80.419865711587363,37.222806567168234],[-80.419859068510348,37.222798578109028]]},"properties":{"objectid":7555,"type":"Normal","st_length(shape)":46.912691203438044,"slopelessthan5":null,"slopebtwn5and833":null}},{"type":"Feature","id":5973,"geometry":{"type":"LineString","coordinates":[[-80.420191726709717,37.231511588859156],[-80.420069303007992,37.231596968443256]]},"properties":{"objectid":5973,"type":"Normal","st_length(shape)":47.293176658902219,"slopelessthan5":null,"slopebtwn5and833":null}},{"type":"Feature","id":6083,"geometry":{"type":"LineString","coordinates":[[-80.419552014412574,37.226694064477179],[-80.419830486025973,37.226884099671203],[-80.420142555018217,37.22709706066761],[-80.420200682636306,37.227107726301497],[-80.420275911481426,37.227047719157298],[-80.420469955905546,37.227176346686186],[-80.420618980739789,37.22727709795943]]},"properties":{"objectid":6083,"type":"Normal","st_length(shape)":404.53207352407185,"slopelessthan5":null,"slopebtwn5and833":null}},{"type":"Feature","id":6096,"geometry":{"type":"LineString","coordinates":[[-80.420638215638363,37.230600667141822],[-80.420652596865523,37.230613818072527],[-80.420942612788323,37.230886166228288]]},"properties":{"objectid":6096,"type":"Normal","st_length(shape)":136.59775942564946,"slopelessthan5":null,"slopebtwn5and833":null}},{"type":"Feature","id":6097,"geometry":{"type":"LineString","coordinates":[[-80.420367584034878,37.21842051719441],[-80.420403668171033,37.218451748874713],[-80.420441347800036,37.218481035873431],[-80.420480872659468,37.218513509436768],[-80.420515674565934,37.218551000424156],[-80.4205451220394,37.218592828562237],[-80.420568680755949,37.218638234880117],[-80.420565019638303,37.218806751261518],[-80.420567026664983,37.219009353818727]]},"properties":{"objectid":6097,"type":"Normal","st_length(shape)":234.78975078986599,"slopelessthan5":null,"slopebtwn5and833":null}},{"type":"Feature","id":6103,"geometry":{"type":"LineString","coordinates":[[-80.420603245762834,37.230568687259101],[-80.420638215638363,37.230600667141822]]},"properties":{"objectid":6103,"type":"Normal","st_length(shape)":15.466938211567218,"slopelessthan5":null,"slopebtwn5and833":null}},{"type":"Feature","id":6094,"geometry":{"type":"LineString","coordinates":[[-80.420728971369584,37.231465891634343],[-80.421097844533108,37.231232007571997],[-80.421134622275687,37.23120661751657]]},"properties":{"objectid":6094,"type":"Normal","st_length(shape)":151.20103169247287,"slopelessthan5":null,"slopebtwn5and833":null}},{"type":"Feature","id":6091,"geometry":{"type":"LineString","coordinates":[[-80.420384329373576,37.231695008200653],[-80.420262995954459,37.231577720047724],[-80.420191726709717,37.231511588859156],[-80.420130985631218,37.231448793262331],[-80.420339874711772,37.231314367171237],[-80.420472660197149,37.231224224891299],[-80.420474936305027,37.231222113114086]]},"properties":{"objectid":6091,"type":"Normal","st_length(shape)":245.8977214875413,"slopelessthan5":null,"slopebtwn5and833":null}},{"type":"Feature","id":6093,"geometry":{"type":"LineString","coordinates":[[-80.42039108536342,37.231279602677105],[-80.420642161222048,37.231523457461108]]},"properties":{"objectid":6093,"type":"Normal","st_length(shape)":115.00420605656034,"slopelessthan5":null,"slopebtwn5and833":null}},{"type":"Feature","id":6104,"geometry":{"type":"LineString","coordinates":[[-80.420603245762834,37.230568687259101],[-80.420805631512991,37.230400608617387],[-80.421090041294633,37.230657303162971],[-80.421142769435605,37.23071296255759]]},"properties":{"objectid":6104,"type":"Normal","st_length(shape)":235.23829956369977,"slopelessthan5":null,"slopebtwn5and833":null}},{"type":"Feature","id":6105,"geometry":{"type":"LineString","coordinates":[[-80.420333640311924,37.230314630329048],[-80.420524304336325,37.230495234719385],[-80.420603245762834,37.230568687259101]]},"properties":{"objectid":6105,"type":"Normal","st_length(shape)":121.31566012467948,"slopelessthan5":null,"slopebtwn5and833":null}},{"type":"Feature","id":6126,"geometry":{"type":"LineString","coordinates":[[-80.420333640311924,37.230314630329048],[-80.420081403021953,37.230075698593168]]},"properties":{"objectid":6126,"type":"Normal","st_length(shape)":113.84465566803927,"slopelessthan5":null,"slopebtwn5and833":null}},{"type":"Feature","id":6128,"geometry":{"type":"LineString","coordinates":[[-80.420334367544115,37.22928610946942],[-80.420227779891334,37.229340764789647],[-80.420196464363087,37.229335388835445]]},"properties":{"objectid":6128,"type":"Normal","st_length(shape)":46.189030467950573,"slopelessthan5":null,"slopebtwn5and833":null}},{"type":"Feature","id":6151,"geometry":{"type":"LineString","coordinates":[[-80.420638215638363,37.230600667141822],[-80.420607718580158,37.230685768347065],[-80.420567182321747,37.230734830238688]]},"properties":{"objectid":6151,"type":"Normal","st_length(shape)":53.641363176877604,"slopelessthan5":null,"slopebtwn5and833":null}},{"type":"Feature","id":6132,"geometry":{"type":"LineString","coordinates":[[-80.420657642070537,37.228609772525338],[-80.420561875677407,37.228668712538038],[-80.420630773734928,37.228742122959716]]},"properties":{"objectid":6132,"type":"Normal","st_length(shape)":68.601822015179323,"slopelessthan5":null,"slopebtwn5and833":null}},{"type":"Feature","id":6178,"geometry":{"type":"LineString","coordinates":[[-80.42003950503107,37.229320396731964],[-80.420094464429994,37.229376814312175],[-80.420141807543686,37.229346957190728],[-80.420154774399165,37.229341365607546],[-80.420168365809815,37.22933753432833],[-80.420182343983925,37.229335530384141],[-80.420196464363087,37.229335388835445]]},"properties":{"objectid":6178,"type":"Normal","st_length(shape)":60.323250662585572,"slopelessthan5":null,"slopebtwn5and833":null}},{"type":"Feature","id":6190,"geometry":{"type":"LineString","coordinates":[[-80.420186217416727,37.225451769407947],[-80.420218659393811,37.225436597263091],[-80.42025307627442,37.225426689983635],[-80.420288619653149,37.225422291792462],[-80.420438804927954,37.225423898770472],[-80.42048636239565,37.225424407536515]]},"properties":{"objectid":6190,"type":"Normal","st_length(shape)":89.663446221676395,"slopelessthan5":null,"slopebtwn5and833":null}},{"type":"Feature","id":6293,"geometry":{"type":"LineString","coordinates":[[-80.420300736472385,37.224791999985591],[-80.420396819314149,37.224890232068148]]},"properties":{"objectid":6293,"type":"Normal","st_length(shape)":45.406930283654361,"slopelessthan5":null,"slopebtwn5and833":null}},{"type":"Feature","id":6199,"geometry":{"type":"LineString","coordinates":[[-80.419929314274384,37.218410367040235],[-80.419944561639795,37.218406889718267],[-80.419960288268257,37.218403468589052],[-80.419976460956676,37.218400171788666],[-80.419993048777997,37.218397068317458],[-80.420010017425639,37.218394227230704],[-80.420027337053384,37.218391715708741],[-80.420044973400564,37.218389604608689],[-80.42006287928811,37.218387944268393],[-80.420080950711466,37.218386721959263],[-80.420099066355874,37.218385909011182],[-80.420117107090874,37.218385474014816],[-80.420134951578788,37.218385387399394],[-80.420152480735027,37.218385619557409],[-80.420169573198848,37.218386140017394],[-80.420186108782005,37.218386920091177],[-80.420202008079286,37.218387939440191],[-80.420217344840793,37.218389217594236],[-80.420251064653584,37.218395808944031],[-80.420367584034878,37.21842051719441]]},"properties":{"objectid":6199,"type":"Normal","st_length(shape)":130.06402688642268,"slopelessthan5":null,"slopebtwn5and833":null}},{"type":"Feature","id":6203,"geometry":{"type":"LineString","coordinates":[[-80.420264554965044,37.218036624182332],[-80.420259582554522,37.218078170362062],[-80.420313751503343,37.218203198121302],[-80.420366556262081,37.218274593836796],[-80.420426168743788,37.218332285625614],[-80.420509959832472,37.218391016093726],[-80.420561433795484,37.218445263057049]]},"properties":{"objectid":6203,"type":"Normal","st_length(shape)":178.06049218071124,"slopelessthan5":null,"slopebtwn5and833":null}},{"type":"Feature","id":6210,"geometry":{"type":"LineString","coordinates":[[-80.420561433795484,37.218445263057049],[-80.420367584034878,37.21842051719441]]},"properties":{"objectid":6210,"type":"Normal","st_length(shape)":57.159724357265922,"slopelessthan5":null,"slopebtwn5and833":null}},{"type":"Feature","id":6225,"geometry":{"type":"LineString","coordinates":[[-80.420241004461531,37.217984289558821],[-80.420264554965044,37.218036624182332]]},"properties":{"objectid":6225,"type":"Normal","st_length(shape)":20.251100801514017,"slopelessthan5":null,"slopebtwn5and833":null}},{"type":"Feature","id":6226,"geometry":{"type":"LineString","coordinates":[[-80.419978160721612,37.2251303618417],[-80.420044286137028,37.225045565328429],[-80.420108668886741,37.224940828337516]]},"properties":{"objectid":6226,"type":"Normal","st_length(shape)":78.877302905196473,"slopelessthan5":null,"slopebtwn5and833":null}},{"type":"Feature","id":6233,"geometry":{"type":"LineString","coordinates":[[-80.420241004461531,37.217984289558821],[-80.420234699090358,37.217932543195829],[-80.4203397132639,37.217965385251709]]},"properties":{"objectid":6233,"type":"Normal","st_length(shape)":51.762867389852843,"slopelessthan5":null,"slopebtwn5and833":null}},{"type":"Feature","id":6236,"geometry":{"type":"LineString","coordinates":[[-80.420070639102562,37.218017740862628],[-80.420241004461531,37.217984289558821]]},"properties":{"objectid":6236,"type":"Normal","st_length(shape)":51.080515144048547,"slopelessthan5":null,"slopebtwn5and833":null}},{"type":"Feature","id":6242,"geometry":{"type":"LineString","coordinates":[[-80.42036505496074,37.2247303442294],[-80.420419124755895,37.224767821268365],[-80.420532870027856,37.224843021145176],[-80.420598002926823,37.224887571611482],[-80.420706796099381,37.224962367913818],[-80.420778051494523,37.225007894787261]]},"properties":{"objectid":6242,"type":"Normal","st_length(shape)":157.08602454773259,"slopelessthan5":null,"slopebtwn5and833":null}},{"type":"Feature","id":6247,"geometry":{"type":"LineString","coordinates":[[-80.420264554965044,37.218036624182332],[-80.4203397132639,37.217965385251709]]},"properties":{"objectid":6247,"type":"Normal","st_length(shape)":33.93674815126959,"slopelessthan5":null,"slopebtwn5and833":null}},{"type":"Feature","id":6248,"geometry":{"type":"LineString","coordinates":[[-80.4203397132639,37.217965385251709],[-80.420479022661809,37.2179265733497]]},"properties":{"objectid":6248,"type":"Normal","st_length(shape)":42.955304941822099,"slopelessthan5":null,"slopebtwn5and833":null}},{"type":"Feature","id":7556,"geometry":{"type":"LineString","coordinates":[[-80.420513322991724,37.223389060471177],[-80.420525916006582,37.223436780847116],[-80.42054378391154,37.223482786893193],[-80.420566701042233,37.223526497571797],[-80.420594377964647,37.223567360834863],[-80.420626465130539,37.223604860596041],[-80.420662557292061,37.223638523248631],[-80.42073508702353,37.223696443649096]]},"properties":{"objectid":7556,"type":"Normal","st_length(shape)":132.02208544263857,"slopelessthan5":null,"slopebtwn5and833":null}},{"type":"Feature","id":6256,"geometry":{"type":"LineString","coordinates":[[-80.420871180614938,37.23092789525036],[-80.420942612788323,37.230886166228288]]},"properties":{"objectid":6256,"type":"Normal","st_length(shape)":25.754955332544139,"slopelessthan5":null,"slopebtwn5and833":null}},{"type":"Feature","id":6232,"geometry":{"type":"LineString","coordinates":[[-80.420914816339504,37.225771258939787],[-80.42088144113292,37.225799111795062],[-80.42083975047052,37.225819791510801],[-80.420799925080317,37.225843868476325],[-80.420762241169527,37.225871175706907],[-80.420770812279997,37.225878115797876]]},"properties":{"objectid":6232,"type":"Normal","st_length(shape)":61.222645238446852,"slopelessthan5":null,"slopebtwn5and833":null}},{"type":"Feature","id":6265,"geometry":{"type":"LineString","coordinates":[[-80.419825061864756,37.222070322659057],[-80.419886349458665,37.222155187897492],[-80.419952522934167,37.222236301083861],[-80.420023353125131,37.222313381314201],[-80.420098594738761,37.222386161651109],[-80.420123174405987,37.222407132050108],[-80.420149103042078,37.222426409588998]]},"properties":{"objectid":6265,"type":"Normal","st_length(shape)":160.92626886534859,"slopelessthan5":null,"slopebtwn5and833":null}},{"type":"Feature","id":6274,"geometry":{"type":"LineString","coordinates":[[-80.420513322991724,37.223389060471177],[-80.420349673896524,37.223247742457971],[-80.42034962773333,37.223247699947514],[-80.41996493336471,37.222895488755611]]},"properties":{"objectid":6274,"type":"Normal","st_length(shape)":240.41439797349275,"slopelessthan5":null,"slopebtwn5and833":null}},{"type":"Feature","id":6290,"geometry":{"type":"LineString","coordinates":[[-80.420300736472385,37.224791999985591],[-80.42036505496074,37.2247303442294]]},"properties":{"objectid":6290,"type":"Normal","st_length(shape)":29.233952237759912,"slopelessthan5":null,"slopebtwn5and833":null}},{"type":"Feature","id":6308,"geometry":{"type":"LineString","coordinates":[[-80.420383443495297,37.225259167428256],[-80.42037428135427,37.225271343185575],[-80.420288619653149,37.225422291792462]]},"properties":{"objectid":6308,"type":"Normal","st_length(shape)":65.527676078268485,"slopelessthan5":null,"slopebtwn5and833":null}},{"type":"Feature","id":6309,"geometry":{"type":"LineString","coordinates":[[-80.42028394270082,37.224661644201461],[-80.420304584568086,37.224667129903835],[-80.420324088424437,37.224675835028904],[-80.420341955759838,37.224687537077472],[-80.420357729893027,37.224701936950296],[-80.42036505496074,37.2247303442294]]},"properties":{"objectid":6309,"type":"Normal","st_length(shape)":37.102381789705234,"slopelessthan5":null,"slopebtwn5and833":null}},{"type":"Feature","id":6327,"geometry":{"type":"LineString","coordinates":[[-80.420542963812565,37.227106356864205],[-80.420584636765312,37.227131676277878],[-80.420672268937935,37.22704845465779]]},"properties":{"objectid":6327,"type":"Normal","st_length(shape)":54.849395047316293,"slopelessthan5":null,"slopebtwn5and833":null}},{"type":"Feature","id":6346,"geometry":{"type":"LineString","coordinates":[[-80.420509896235927,37.224475902911898],[-80.420377432455496,37.22446605483168],[-80.420056126485591,37.224443184416231],[-80.419996259017495,37.224421328794953],[-80.420009814191559,37.224400239136749]]},"properties":{"objectid":6346,"type":"Normal","st_length(shape)":160.44911853637859,"slopelessthan5":null,"slopebtwn5and833":null}},{"type":"Feature","id":6332,"geometry":{"type":"LineString","coordinates":[[-80.420108668886741,37.224940828337516],[-80.420421906792754,37.225084618715044],[-80.420430451698095,37.225090256246432],[-80.420438126461221,37.225097030844459],[-80.420444780946525,37.22510480998276],[-80.420450284977335,37.225113441483927],[-80.420454530882452,37.22512275649639]]},"properties":{"objectid":6332,"type":"Normal","st_length(shape)":122.27272875172463,"slopelessthan5":null,"slopebtwn5and833":null}},{"type":"Feature","id":6333,"geometry":{"type":"LineString","coordinates":[[-80.420454530882452,37.22512275649639],[-80.42053549650889,37.225181548311298],[-80.420663643782092,37.225416406436757]]},"properties":{"objectid":6333,"type":"Normal","st_length(shape)":125.13788947270957,"slopelessthan5":null,"slopebtwn5and833":null}},{"type":"Feature","id":6343,"geometry":{"type":"LineString","coordinates":[[-80.420883129740048,37.224119008533798],[-80.420846481617602,37.224145595183408],[-80.420670514393677,37.22427324736168],[-80.420647987827522,37.224289589122449]]},"properties":{"objectid":6343,"type":"Normal","st_length(shape)":92.436805582637078,"slopelessthan5":null,"slopebtwn5and833":null}},{"type":"Feature","id":6344,"geometry":{"type":"LineString","coordinates":[[-80.420647987827522,37.224289589122449],[-80.420396707781194,37.224212897582873]]},"properties":{"objectid":6344,"type":"Normal","st_length(shape)":78.309518847146748,"slopelessthan5":null,"slopebtwn5and833":null}},{"type":"Feature","id":6345,"geometry":{"type":"LineString","coordinates":[[-80.420396707781194,37.224212897582873],[-80.420397701970771,37.224251974483991]]},"properties":{"objectid":6345,"type":"Normal","st_length(shape)":14.230614583333344,"slopelessthan5":null,"slopebtwn5and833":null}},{"type":"Feature","id":6347,"geometry":{"type":"LineString","coordinates":[[-80.420396707781194,37.224212897582873],[-80.420044266131342,37.224105328388724]]},"properties":{"objectid":6347,"type":"Normal","st_length(shape)":109.83624278210493,"slopelessthan5":null,"slopebtwn5and833":null}},{"type":"Feature","id":6349,"geometry":{"type":"LineString","coordinates":[[-80.419861886791381,37.223920000183789],[-80.41977731210423,37.223837992842704],[-80.419660306131277,37.223730213508226]]},"properties":{"objectid":6349,"type":"Normal","st_length(shape)":90.669094453680074,"slopelessthan5":null,"slopebtwn5and833":null}},{"type":"Feature","id":6354,"geometry":{"type":"LineString","coordinates":[[-80.420335221608923,37.225231874342732],[-80.420386671624058,37.225254877986011]]},"properties":{"objectid":6354,"type":"Normal","st_length(shape)":17.162318590288859,"slopelessthan5":null,"slopebtwn5and833":null}},{"type":"Feature","id":6373,"geometry":{"type":"LineString","coordinates":[[-80.420169838068858,37.232625173952393],[-80.42019580815554,37.232632432233586],[-80.420205817739003,37.232635362094953],[-80.420215231705072,37.232639851314467],[-80.420223808909398,37.232645784898104],[-80.420231329641823,37.232653010853596],[-80.4202376012543,37.232661344083802],[-80.420242463095775,37.232670571128097],[-80.420245790627277,37.232680455630252],[-80.420247498612127,37.23269074439289],[-80.420247543299269,37.232701173863248],[-80.420245923544016,37.232711476884248],[-80.420242680837362,37.2327213895379],[-80.420133344181409,37.232949125280442],[-80.419927902033493,37.233384563874864],[-80.419909117579138,37.233423521678162],[-80.419899993838683,37.233446970879882],[-80.419894693211603,37.233471567852334],[-80.419893349100064,37.233496693557605],[-80.419895995331629,37.233521715651037],[-80.419902565307964,37.233546004395599],[-80.419912893680888,37.233568948510616]]},"properties":{"objectid":6373,"type":"Normal","st_length(shape)":374.56637604726592,"slopelessthan5":null,"slopebtwn5and833":null}},{"type":"Feature","id":6417,"geometry":{"type":"LineString","coordinates":[[-80.420513322991724,37.223389060471177],[-80.420478007802558,37.223219164902986],[-80.42034962773333,37.223247699947514]]},"properties":{"objectid":6417,"type":"Normal","st_length(shape)":101.50307577898802,"slopelessthan5":null,"slopebtwn5and833":null}},{"type":"Feature","id":6447,"geometry":{"type":"LineString","coordinates":[[-80.419830486025973,37.226884099671203],[-80.41991761962656,37.226803278726017]]},"properties":{"objectid":6447,"type":"Normal","st_length(shape)":38.852131488615832,"slopelessthan5":null,"slopebtwn5and833":null}},{"type":"Feature","id":6453,"geometry":{"type":"LineString","coordinates":[[-80.42055525011628,37.225707137999343],[-80.420914816339504,37.225771258939787]]},"properties":{"objectid":6453,"type":"Normal","st_length(shape)":107.25992014889513,"slopelessthan5":null,"slopebtwn5and833":null}},{"type":"Feature","id":6459,"geometry":{"type":"LineString","coordinates":[[-80.419577147534696,37.227176337610246],[-80.419602748399697,37.227667594284028]]},"properties":{"objectid":6459,"type":"Normal","st_length(shape)":179.01897714138792,"slopelessthan5":null,"slopebtwn5and833":null}},{"type":"Feature","id":6452,"geometry":{"type":"LineString","coordinates":[[-80.420696797421726,37.230172859356315],[-80.420783644523794,37.230247774804823],[-80.420902945858828,37.230221097870654]]},"properties":{"objectid":6452,"type":"Normal","st_length(shape)":73.257829510443855,"slopelessthan5":null,"slopebtwn5and833":null}},{"type":"Feature","id":6438,"geometry":{"type":"LineString","coordinates":[[-80.420566300585307,37.228777052008645],[-80.420630773734928,37.228742122959716],[-80.420702924614105,37.228814861235357],[-80.420802713805983,37.228752998590934]]},"properties":{"objectid":6438,"type":"Normal","st_length(shape)":93.23716483319869,"slopelessthan5":null,"slopebtwn5and833":null}},{"type":"Feature","id":6470,"geometry":{"type":"LineString","coordinates":[[-80.420663643782092,37.225416406436757],[-80.420909075042303,37.225431177287028]]},"properties":{"objectid":6470,"type":"Normal","st_length(shape)":71.66014302403039,"slopelessthan5":null,"slopebtwn5and833":null}},{"type":"Feature","id":6484,"geometry":{"type":"LineString","coordinates":[[-80.420797018056149,37.229697202742727],[-80.42074928352244,37.229728286829285]]},"properties":{"objectid":6484,"type":"Normal","st_length(shape)":17.922630770852262,"slopelessthan5":null,"slopebtwn5and833":null}},{"type":"Feature","id":6485,"geometry":{"type":"LineString","coordinates":[[-80.420634654022692,37.229529517857351],[-80.420592672101137,37.229561386131351]]},"properties":{"objectid":6485,"type":"Normal","st_length(shape)":16.852904616008207,"slopelessthan5":null,"slopebtwn5and833":null}},{"type":"Feature","id":6505,"geometry":{"type":"LineString","coordinates":[[-80.419632744089583,37.220808705758472],[-80.420329191627189,37.220788890273631],[-80.420810717028075,37.220775331821351],[-80.421575806268137,37.220749524960638],[-80.421656322811245,37.220744961365895]]},"properties":{"objectid":6505,"type":"Normal","st_length(shape)":589.67937060120505,"slopelessthan5":null,"slopebtwn5and833":null}},{"type":"Feature","id":6542,"geometry":{"type":"LineString","coordinates":[[-80.420438804927954,37.225423898770472],[-80.420442308346566,37.225547775140804]]},"properties":{"objectid":6542,"type":"Normal","st_length(shape)":45.114199127435874,"slopelessthan5":null,"slopebtwn5and833":null}},{"type":"Feature","id":6549,"geometry":{"type":"LineString","coordinates":[[-80.420567026664983,37.219009353818727],[-80.420568062297392,37.21911384420951],[-80.420468101593627,37.219216579253512],[-80.420393400206521,37.219280749258949],[-80.420045268198123,37.219286413092917],[-80.419999048453406,37.219290782728628],[-80.419953592722905,37.219300223866355],[-80.419909455745284,37.219314621287097],[-80.419867176165255,37.219333799285693],[-80.419827269959981,37.219357523815141],[-80.419709595655576,37.219452968341024]]},"properties":{"objectid":6549,"type":"Normal","st_length(shape)":337.29232084635049,"slopelessthan5":null,"slopebtwn5and833":null}},{"type":"Feature","id":6569,"geometry":{"type":"LineString","coordinates":[[-80.420177995863341,37.222399970936252],[-80.420149103042078,37.222426409588998]]},"properties":{"objectid":6569,"type":"Normal","st_length(shape)":12.784137694669557,"slopelessthan5":null,"slopebtwn5and833":null}},{"type":"Feature","id":6570,"geometry":{"type":"LineString","coordinates":[[-80.419873358830813,37.222049917991797],[-80.419825061864756,37.222070322659057]]},"properties":{"objectid":6570,"type":"Normal","st_length(shape)":15.904255121926541,"slopelessthan5":null,"slopebtwn5and833":null}},{"type":"Feature","id":6587,"geometry":{"type":"LineString","coordinates":[[-80.420549091434097,37.233249408579098],[-80.420471047980939,37.233229692829852],[-80.420534936839005,37.233067068311307],[-80.420763036135114,37.233124787536035],[-80.420883072970639,37.232829524392898]]},"properties":{"objectid":6587,"type":"Normal","st_length(shape)":268.58247690229967,"slopelessthan5":null,"slopebtwn5and833":null}},{"type":"Feature","id":6595,"geometry":{"type":"LineString","coordinates":[[-80.420044266131342,37.224105328388724],[-80.419884139060997,37.224049822008467],[-80.419929123714482,37.223985194877898]]},"properties":{"objectid":6595,"type":"Normal","st_length(shape)":77.744060970433026,"slopelessthan5":null,"slopebtwn5and833":null}},{"type":"Feature","id":6596,"geometry":{"type":"LineString","coordinates":[[-80.419595480571687,37.223838705907141],[-80.419660306131277,37.223730213508226]]},"properties":{"objectid":6596,"type":"Normal","st_length(shape)":43.779142491527622,"slopelessthan5":null,"slopebtwn5and833":null}},{"type":"Feature","id":6604,"geometry":{"type":"LineString","coordinates":[[-80.419712850222965,37.222143420189937],[-80.419669648453265,37.222084721174419],[-80.41958211992258,37.221924051947184],[-80.419536499247243,37.221819461121591],[-80.419534986916787,37.221815521880814]]},"properties":{"objectid":6604,"type":"Normal","st_length(shape)":130.43951195506975,"slopelessthan5":null,"slopebtwn5and833":null}},{"type":"Feature","id":6607,"geometry":{"type":"LineString","coordinates":[[-80.420260604358148,37.222507605466049],[-80.42027257088192,37.222483759355434]]},"properties":{"objectid":6607,"type":"Normal","st_length(shape)":9.3552598633417769,"slopelessthan5":null,"slopebtwn5and833":null}},{"type":"Feature","id":6619,"geometry":{"type":"LineString","coordinates":[[-80.420334367544115,37.22928610946942],[-80.420592672101137,37.229561386131351]]},"properties":{"objectid":6619,"type":"Normal","st_length(shape)":125.30264925030387,"slopelessthan5":null,"slopebtwn5and833":null}},{"type":"Feature","id":6635,"geometry":{"type":"LineString","coordinates":[[-80.420975444323645,37.229955575170919],[-80.420920262883712,37.229943355000842]]},"properties":{"objectid":6635,"type":"Normal","st_length(shape)":16.670016465590141,"slopelessthan5":null,"slopebtwn5and833":null}},{"type":"Feature","id":6657,"geometry":{"type":"LineString","coordinates":[[-80.420510387697973,37.22464835238469],[-80.420789911000867,37.224948565130063],[-80.420793617998271,37.224954321849559],[-80.420796291465663,37.2249606253582],[-80.420797853439396,37.22496729183306],[-80.420798258369203,37.224974126866414],[-80.420797494446518,37.224980931135015],[-80.420795583948845,37.224987506212791],[-80.420792582590124,37.22499366035732],[-80.420788577895976,37.224999214101445],[-80.420783686651276,37.225004005486888],[-80.420778051494523,37.225007894787261]]},"properties":{"objectid":6657,"type":"Normal","st_length(shape)":160.06290724438534,"slopelessthan5":null,"slopebtwn5and833":null}},{"type":"Feature","id":6687,"geometry":{"type":"LineString","coordinates":[[-80.42048636239565,37.225424407536515],[-80.420663643782092,37.225416406436757]]},"properties":{"objectid":6687,"type":"Normal","st_length(shape)":51.698156387619463,"slopelessthan5":null,"slopebtwn5and833":null}},{"type":"Feature","id":6705,"geometry":{"type":"LineString","coordinates":[[-80.421063852019671,37.231752669966191],[-80.421004587857681,37.231794525494522],[-80.420541735868269,37.232121210863156],[-80.420127013341656,37.232421380843753],[-80.420121691437615,37.232425579447813],[-80.420117121219079,37.232430585847851],[-80.420113423783505,37.232436267388913],[-80.420110697102089,37.232442473526774],[-80.420109013423925,37.232449039816942],[-80.420108417361561,37.232455792271928],[-80.420108924708899,37.23246255197143],[-80.420110522022725,37.232469139803193],[-80.420113166978879,37.232475381208928],[-80.42011678949379,37.232481110809651],[-80.420121293581388,37.232486176787702],[-80.420126559896531,37.232490444909487],[-80.420132448897277,37.232493802082253],[-80.420138804542319,37.232496159350745]]},"properties":{"objectid":6705,"type":"Normal","st_length(shape)":397.66710149063755,"slopelessthan5":null,"slopebtwn5and833":null}},{"type":"Feature","id":6717,"geometry":{"type":"LineString","coordinates":[[-80.420396819314149,37.224890232068148],[-80.420454789344362,37.224921790914337],[-80.420737470270012,37.225187009738001],[-80.420774742912712,37.225217147842464],[-80.420815824291253,37.225241843501443],[-80.420859925399597,37.225260622411895],[-80.42090619923502,37.225273123907392],[-80.420953757065561,37.225279107885122],[-80.420980562708223,37.225283156419195],[-80.421125562841524,37.225304631831513],[-80.420959860203524,37.22539513955585],[-80.420909075042303,37.225431177287028],[-80.420892526361158,37.225442919904864],[-80.420742643630618,37.225566546111899]]},"properties":{"objectid":6717,"type":"Normal","st_length(shape)":418.68453844111508,"slopelessthan5":null,"slopebtwn5and833":null}},{"type":"Feature","id":6718,"geometry":{"type":"LineString","coordinates":[[-80.420742643630618,37.225566546111899],[-80.420667784540726,37.225542725723308],[-80.420593006889334,37.225502880084704],[-80.42048636239565,37.225424407536515]]},"properties":{"objectid":6718,"type":"Normal","st_length(shape)":91.815099897824922,"slopelessthan5":null,"slopebtwn5and833":null}},{"type":"Feature","id":6742,"geometry":{"type":"LineString","coordinates":[[-80.419605055606098,37.219471990356233],[-80.419709595655576,37.219452968341024],[-80.41997711207182,37.219404291884722],[-80.420117684333135,37.219389762081278],[-80.420488520294583,37.21938194227625],[-80.420629721483735,37.219387042362101],[-80.421324570258193,37.219367719071485],[-80.421392349628576,37.21936538274749],[-80.421396559616994,37.219341633928138]]},"properties":{"objectid":6742,"type":"Normal","st_length(shape)":532.48009299772809,"slopelessthan5":null,"slopebtwn5and833":null}},{"type":"Feature","id":6751,"geometry":{"type":"LineString","coordinates":[[-80.41966720250565,37.221772280379746],[-80.419653753501208,37.221775814927845],[-80.419557100324013,37.221809411174789]]},"properties":{"objectid":6751,"type":"Normal","st_length(shape)":34.807629645678801,"slopelessthan5":null,"slopebtwn5and833":null}},{"type":"Feature","id":6750,"geometry":{"type":"LineString","coordinates":[[-80.419622213635947,37.220937414190303],[-80.419596094954684,37.220984956171023],[-80.419577949362164,37.221069618440126],[-80.419568801190962,37.221165106401529],[-80.419566249142662,37.22126099762562],[-80.41957030532943,37.221356837007697],[-80.419580950500375,37.221452169689108],[-80.419598134132983,37.221546543216],[-80.419621774672848,37.221639509686753]]},"properties":{"objectid":6750,"type":"Normal","st_length(shape)":258.99696246136995,"slopelessthan5":null,"slopebtwn5and833":null}},{"type":"Feature","id":6806,"geometry":{"type":"LineString","coordinates":[[-80.420474936305027,37.231222113114086],[-80.420575466945778,37.231128837157797],[-80.420654336673522,37.231084635869223],[-80.420601364901998,37.231030161803467],[-80.420605487677847,37.230983682382423],[-80.420609611575259,37.230937202942684],[-80.420515839857217,37.230849933508139]]},"properties":{"objectid":6806,"type":"Normal","st_length(shape)":173.81839461859056,"slopelessthan5":null,"slopebtwn5and833":null}},{"type":"Feature","id":6818,"geometry":{"type":"LineString","coordinates":[[-80.420592672101137,37.229561386131351],[-80.42074928352244,37.229728286829285]]},"properties":{"objectid":6818,"type":"Normal","st_length(shape)":75.971289904419393,"slopelessthan5":null,"slopebtwn5and833":null}},{"type":"Feature","id":6819,"geometry":{"type":"LineString","coordinates":[[-80.42074928352244,37.229728286829285],[-80.420774504217775,37.229755164526729],[-80.420883090456101,37.229870884053135],[-80.420912706653439,37.229908018873495],[-80.420920262883712,37.229943355000842]]},"properties":{"objectid":6819,"type":"Normal","st_length(shape)":93.99703070413689,"slopelessthan5":null,"slopebtwn5and833":null}},{"type":"Feature","id":6823,"geometry":{"type":"LineString","coordinates":[[-80.41977227135385,37.229050679008878],[-80.419981342344968,37.228921070504079]]},"properties":{"objectid":6823,"type":"Normal","st_length(shape)":77.018688071969223,"slopelessthan5":null,"slopebtwn5and833":null}},{"type":"Feature","id":6839,"geometry":{"type":"LineString","coordinates":[[-80.420454530882452,37.22512275649639],[-80.420456954198116,37.225132290651359],[-80.420457739117396,37.225142096591981],[-80.420456863268555,37.225151894829501],[-80.420454351615021,37.225161406094735],[-80.420450275743903,37.225170359297756],[-80.420383443495297,37.225259167428256]]},"properties":{"objectid":6839,"type":"Normal","st_length(shape)":55.434689288063289,"slopelessthan5":null,"slopebtwn5and833":null}},{"type":"Feature","id":6840,"geometry":{"type":"LineString","coordinates":[[-80.420396819314149,37.224890232068148],[-80.420436364587133,37.224999865845056],[-80.420454530882452,37.22512275649639]]},"properties":{"objectid":6840,"type":"Normal","st_length(shape)":86.599689510939655,"slopelessthan5":null,"slopebtwn5and833":null}},{"type":"Feature","id":6869,"geometry":{"type":"LineString","coordinates":[[-80.419552014412574,37.226694064477179],[-80.419577147534696,37.227176337610246]]},"properties":{"objectid":6869,"type":"Normal","st_length(shape)":175.74527885616197,"slopelessthan5":null,"slopebtwn5and833":null}},{"type":"Feature","id":6877,"geometry":{"type":"LineString","coordinates":[[-80.419536062407929,37.22593207548644],[-80.41985907384074,37.225693449942071]]},"properties":{"objectid":6877,"type":"Normal","st_length(shape)":128.03525158149193,"slopelessthan5":null,"slopebtwn5and833":null}},{"type":"Feature","id":6878,"geometry":{"type":"LineString","coordinates":[[-80.420008952857657,37.225821947506397],[-80.41985907384074,37.225693449942071]]},"properties":{"objectid":6878,"type":"Normal","st_length(shape)":63.977270523671024,"slopelessthan5":null,"slopebtwn5and833":null}},{"type":"Feature","id":6879,"geometry":{"type":"LineString","coordinates":[[-80.420060111169008,37.225337454580298],[-80.419895563282154,37.225188272439539]]},"properties":{"objectid":6879,"type":"Normal","st_length(shape)":72.425899282825625,"slopelessthan5":null,"slopebtwn5and833":null}},{"type":"Feature","id":6915,"geometry":{"type":"LineString","coordinates":[[-80.420149103042078,37.222426409588998],[-80.420195096095753,37.222454928328638],[-80.42024374944306,37.222478624980127]]},"properties":{"objectid":6915,"type":"Normal","st_length(shape)":33.530792160047497,"slopelessthan5":null,"slopebtwn5and833":null}},{"type":"Feature","id":6916,"geometry":{"type":"LineString","coordinates":[[-80.41966720250565,37.221772280379746],[-80.419700573200757,37.221849879603305],[-80.419738081436236,37.221925565632787],[-80.41977961797906,37.221999118052182],[-80.419825061864756,37.222070322659057]]},"properties":{"objectid":6916,"type":"Normal","st_length(shape)":118.00188270217366,"slopelessthan5":null,"slopebtwn5and833":null}},{"type":"Feature","id":6917,"geometry":{"type":"LineString","coordinates":[[-80.419534986916787,37.221815521880814],[-80.419507696328139,37.221738575409596],[-80.419484267863737,37.221660366441327]]},"properties":{"objectid":6917,"type":"Normal","st_length(shape)":58.401953868813287,"slopelessthan5":null,"slopebtwn5and833":null}},{"type":"Feature","id":6931,"geometry":{"type":"LineString","coordinates":[[-80.419808056434832,37.226453319625001],[-80.420672268937935,37.22704845465779]]},"properties":{"objectid":6931,"type":"Normal","st_length(shape)":332.05711455734371,"slopelessthan5":null,"slopebtwn5and833":null}},{"type":"Feature","id":6932,"geometry":{"type":"LineString","coordinates":[[-80.419757436642129,37.226500915777443],[-80.419808056434832,37.226453319625001]]},"properties":{"objectid":6932,"type":"Normal","st_length(shape)":22.74899412319677,"slopelessthan5":null,"slopebtwn5and833":null}},{"type":"Feature","id":6933,"geometry":{"type":"LineString","coordinates":[[-80.41964261554017,37.226608876518974],[-80.419757436642129,37.226500915777443]]},"properties":{"objectid":6933,"type":"Normal","st_length(shape)":51.601117191285326,"slopelessthan5":null,"slopebtwn5and833":null}},{"type":"Feature","id":6935,"geometry":{"type":"LineString","coordinates":[[-80.419552014412574,37.226694064477179],[-80.41964261554017,37.226608876518974]]},"properties":{"objectid":6935,"type":"Normal","st_length(shape)":40.716555632372604,"slopelessthan5":null,"slopebtwn5and833":null}},{"type":"Feature","id":6947,"geometry":{"type":"LineString","coordinates":[[-80.421052767551203,37.222139468744999],[-80.421278874225266,37.221987920611092]]},"properties":{"objectid":6947,"type":"Normal","st_length(shape)":85.899809443238695,"slopelessthan5":null,"slopebtwn5and833":null}},{"type":"Feature","id":6949,"geometry":{"type":"LineString","coordinates":[[-80.41996493336471,37.222895488755611],[-80.420442191446057,37.222562129437193]]},"properties":{"objectid":6949,"type":"Normal","st_length(shape)":184.50363546508683,"slopelessthan5":null,"slopebtwn5and833":null}},{"type":"Feature","id":6955,"geometry":{"type":"LineString","coordinates":[[-80.421624332473627,37.225600992904369],[-80.421648786556432,37.225602429583503],[-80.42167319605754,37.225600369858036],[-80.421697063613678,37.225594855696528],[-80.421719902904158,37.225585999454474],[-80.421741248560039,37.225573981584937]]},"properties":{"objectid":6955,"type":"Normal","st_length(shape)":36.571599509136753,"slopelessthan5":null,"slopebtwn5and833":null}},{"type":"Feature","id":6956,"geometry":{"type":"LineString","coordinates":[[-80.421557625597629,37.225577320657308],[-80.421578618541517,37.225588458498834],[-80.421601014721418,37.225596406223808],[-80.421624332473627,37.225600992904369]]},"properties":{"objectid":6956,"type":"Normal","st_length(shape)":21.460339663400955,"slopelessthan5":null,"slopebtwn5and833":null}},{"type":"Feature","id":6941,"geometry":{"type":"LineString","coordinates":[[-80.420110432805018,37.224235702125334],[-80.420135895589681,37.224217992326921],[-80.420339158457963,37.224241134587281],[-80.420377747162107,37.224248331699691],[-80.420397701970771,37.224251974483991]]},"properties":{"objectid":6941,"type":"Normal","st_length(shape)":87.100203002176272,"slopelessthan5":null,"slopebtwn5and833":null}},{"type":"Feature","id":6995,"geometry":{"type":"LineString","coordinates":[[-80.420240870282925,37.232667416977776],[-80.420252442135677,37.232665918282287],[-80.420319989201914,37.232666607643168],[-80.420383384185342,37.23269123672226],[-80.420402128278056,37.232703425345676]]},"properties":{"objectid":6995,"type":"Normal","st_length(shape)":50.631675273471608,"slopelessthan5":null,"slopebtwn5and833":null}},{"type":"Feature","id":6397,"geometry":{"type":"LineString","coordinates":[[-80.420883072970639,37.232829524392898],[-80.420442121652286,37.232707492034201],[-80.420433184214559,37.232703956492173],[-80.420423794618458,37.232701903850995],[-80.420414197157953,37.232701387515299],[-80.420404641535114,37.232702420918841],[-80.420395376363501,37.23270497717504],[-80.420386642699867,37.232708989776462],[-80.420378667772425,37.232714354325182],[-80.420371659068977,37.232720931248977],[-80.420365798938562,37.232728549432636],[-80.420361239847225,37.232737010669943],[-80.420222451188678,37.233023889035643],[-80.420216315285941,37.233065512343487],[-80.420213855858236,37.233107513537199],[-80.420304641878616,37.233129882835449],[-80.420302269084772,37.233156771473574],[-80.420536499907271,37.233405122131671],[-80.420565086997115,37.233380418017951],[-80.420466752545565,37.233291809547168],[-80.420549091434097,37.233249408579098]]},"properties":{"objectid":6397,"type":"Normal","st_length(shape)":542.97458297516721,"slopelessthan5":null,"slopebtwn5and833":null}},{"type":"Feature","id":6999,"geometry":{"type":"LineString","coordinates":[[-80.420286906864007,37.232091810784411],[-80.420595503529213,37.232083261926]]},"properties":{"objectid":6999,"type":"Normal","st_length(shape)":89.894823759645675,"slopelessthan5":null,"slopebtwn5and833":null}},{"type":"Feature","id":7412,"geometry":{"type":"LineString","coordinates":[[-80.421251226223589,37.230636438889725],[-80.421240669435193,37.230641624530847],[-80.421151550149617,37.230696009868659],[-80.421136676898655,37.230706531030783]]},"properties":{"objectid":7412,"type":"Normal","st_length(shape)":42.026807178194503,"slopelessthan5":null,"slopebtwn5and833":null}},{"type":"Feature","id":7411,"geometry":{"type":"LineString","coordinates":[[-80.421127071126577,37.231069950338799],[-80.421134622275687,37.23120661751657]]},"properties":{"objectid":7411,"type":"Normal","st_length(shape)":49.808298730397894,"slopelessthan5":null,"slopebtwn5and833":null}},{"type":"Feature","id":7420,"geometry":{"type":"LineString","coordinates":[[-80.420552176303318,37.231631676364351],[-80.420521929691731,37.231603185976908]]},"properties":{"objectid":7420,"type":"Normal","st_length(shape)":13.606724285799171,"slopelessthan5":null,"slopebtwn5and833":null}},{"type":"Feature","id":6127,"geometry":{"type":"LineString","coordinates":[[-80.420142004253734,37.229968049904237],[-80.420099622270271,37.229974026673624],[-80.420056827838053,37.229974795351211],[-80.420014258552428,37.22997034448445],[-80.419972548654258,37.229960740386922],[-80.419932319580411,37.229946126150317],[-80.419894170704879,37.229926719512534],[-80.419879262324031,37.229919470562393],[-80.419863383974288,37.229914707673849],[-80.419846947126686,37.229912554272211],[-80.419830377725134,37.229913066160663]]},"properties":{"objectid":6127,"type":"Normal","st_length(shape)":95.859683642937995,"slopelessthan5":null,"slopebtwn5and833":null}},{"type":"Feature","id":7444,"geometry":{"type":"LineString","coordinates":[[-80.419969429453474,37.228908652647256],[-80.420146181678206,37.228822153209336],[-80.420164691463725,37.22881320883598],[-80.420208349019347,37.228875069859264],[-80.420256497855561,37.228933503222478],[-80.420308869876251,37.228988183564589],[-80.420365173470373,37.22903880642162],[-80.42042509513557,37.229085089921966],[-80.420409978493026,37.22909321304472],[-80.420245876838038,37.229194908164089]]},"properties":{"objectid":7444,"type":"Normal","st_length(shape)":257.71329588257242,"slopelessthan5":null,"slopebtwn5and833":null}},{"type":"Feature","id":7445,"geometry":{"type":"LineString","coordinates":[[-80.420425092236584,37.229382795612395],[-80.420494612296224,37.229342911317936],[-80.420611733726773,37.229269466609075],[-80.420710511471015,37.229213009271604],[-80.420743681160104,37.229195876693268],[-80.420778939323696,37.22918360414608],[-80.420815578102903,37.229176438019259],[-80.420852861920935,37.229174522183229],[-80.420890042250932,37.229177895101195],[-80.420922873740793,37.229187865766235],[-80.420954612605428,37.229200902842557],[-80.420984973172963,37.229216888987388],[-80.421028131740059,37.229234915527201],[-80.421073110346782,37.229247742958343],[-80.421119285119005,37.229255193358412],[-80.421166015591297,37.229257163386897],[-80.421212653590331,37.229253625718606],[-80.42125855222551,37.229244629422638],[-80.421325793846165,37.229223399401448],[-80.42139482686612,37.229209026110112],[-80.42153737192676,37.229190037525946]]},"properties":{"objectid":7445,"type":"Normal","st_length(shape)":356.93697323172404,"slopelessthan5":null,"slopebtwn5and833":null}},{"type":"Feature","id":7449,"geometry":{"type":"LineString","coordinates":[[-80.420777839515651,37.227388018612039],[-80.420824403661754,37.227459992477932],[-80.421022399054976,37.227896737060753],[-80.421376218835178,37.228792373896034],[-80.421434357473302,37.228932432068461],[-80.421536679076098,37.229166851635149]]},"properties":{"objectid":7449,"type":"Normal","st_length(shape)":684.75690401977761,"slopelessthan5":null,"slopebtwn5and833":null}},{"type":"Feature","id":6526,"geometry":{"type":"LineString","coordinates":[[-80.420742643630618,37.225566546111899],[-80.42055525011628,37.225707137999343],[-80.420402029972337,37.22568496823628],[-80.42035816179397,37.225699453511261],[-80.420334528119525,37.225687228180881]]},"properties":{"objectid":6526,"type":"Normal","st_length(shape)":142.16190310685141,"slopelessthan5":null,"slopebtwn5and833":null}},{"type":"Feature","id":7505,"geometry":{"type":"LineString","coordinates":[[-80.420742643630618,37.225566546111899],[-80.420807737074753,37.225589276192956],[-80.42089545759832,37.225696589181346],[-80.420905957234822,37.225691619893283]]},"properties":{"objectid":7505,"type":"Normal","st_length(shape)":70.911407067340448,"slopelessthan5":null,"slopebtwn5and833":null}},{"type":"Feature","id":7478,"geometry":{"type":"LineString","coordinates":[[-80.421785254076468,37.227657373579014],[-80.421490876864368,37.227585023413582],[-80.42101893911186,37.227471967347654]]},"properties":{"objectid":7478,"type":"Normal","st_length(shape)":233.09883820926416,"slopelessthan5":null,"slopebtwn5and833":null}},{"type":"Feature","id":7479,"geometry":{"type":"LineString","coordinates":[[-80.421413275923186,37.226650641377375],[-80.421408739092442,37.226498719555487],[-80.421422361309894,37.226446924700909]]},"properties":{"objectid":7479,"type":"Normal","st_length(shape)":74.600381531477453,"slopelessthan5":null,"slopebtwn5and833":null}},{"type":"Feature","id":7480,"geometry":{"type":"LineString","coordinates":[[-80.420800974821404,37.227137086021692],[-80.420812746050188,37.22715297783482],[-80.420824307588674,37.227274497789061],[-80.42079715397135,37.227293297839161]]},"properties":{"objectid":7480,"type":"Normal","st_length(shape)":61.554714350244211,"slopelessthan5":null,"slopebtwn5and833":null}},{"type":"Feature","id":7482,"geometry":{"type":"LineString","coordinates":[[-80.420584636765312,37.227131676277878],[-80.420702803441486,37.227212611945092]]},"properties":{"objectid":7482,"type":"Normal","st_length(shape)":45.298964421257232,"slopelessthan5":null,"slopebtwn5and833":null}},{"type":"Feature","id":7484,"geometry":{"type":"LineString","coordinates":[[-80.41991761962656,37.226803278726017],[-80.419932710376756,37.226782810332509]]},"properties":{"objectid":7484,"type":"Normal","st_length(shape)":8.6511664847566383,"slopelessthan5":null,"slopebtwn5and833":null}},{"type":"Feature","id":6129,"geometry":{"type":"LineString","coordinates":[[-80.420011111405174,37.22799713225583],[-80.420188118092298,37.228132139963733],[-80.420224736203863,37.228163389245367],[-80.420273693884155,37.228210360708175],[-80.420657642070537,37.228609772525338],[-80.420686628016298,37.228639925516433],[-80.420802713805983,37.228752998590934],[-80.420848168384836,37.228799033752658],[-80.420897555540577,37.228840822072812],[-80.420950479963736,37.228878029065264],[-80.421006518031504,37.22891035691417],[-80.421065221198518,37.228937546857829],[-80.421126119587171,37.228959381259848],[-80.421188725748692,37.228975685351173],[-80.421247607490798,37.228989519846699],[-80.421305041881737,37.229008486753564],[-80.421360582494714,37.22903243864554],[-80.42141379762289,37.229061189349046],[-80.421481516055636,37.229118499982377],[-80.421498503751096,37.229131522404934],[-80.421513267072243,37.229147021102783],[-80.421525448998679,37.229164621271948],[-80.421534754935692,37.229183897288721],[-80.421540959838424,37.229204383002482],[-80.421543913654133,37.229225583008592],[-80.42154832590856,37.229291840955881],[-80.421550193639987,37.229366664638128],[-80.421562064422275,37.22938520722947]]},"properties":{"objectid":6129,"type":"Normal","st_length(shape)":705.80579743838712,"slopelessthan5":null,"slopebtwn5and833":null}},{"type":"Feature","id":7540,"geometry":{"type":"LineString","coordinates":[[-80.421349975689836,37.223583977606424],[-80.421710915538284,37.223510780494756]]},"properties":{"objectid":7540,"type":"Normal","st_length(shape)":108.4179240433816,"slopelessthan5":null,"slopebtwn5and833":null}},{"type":"Feature","id":7545,"geometry":{"type":"LineString","coordinates":[[-80.421534112692498,37.223916600239306],[-80.421366138307434,37.223770369019626],[-80.421329014867354,37.223731865800552]]},"properties":{"objectid":7545,"type":"Normal","st_length(shape)":89.997306315872962,"slopelessthan5":null,"slopebtwn5and833":null}},{"type":"Feature","id":7547,"geometry":{"type":"LineString","coordinates":[[-80.420482132055781,37.22259569583202],[-80.420519013449891,37.222631723819674],[-80.420565568969323,37.222764168500277]]},"properties":{"objectid":7547,"type":"Normal","st_length(shape)":67.04377959711978,"slopelessthan5":null,"slopebtwn5and833":null}},{"type":"Feature","id":7564,"geometry":{"type":"LineString","coordinates":[[-80.420095867047024,37.222622878922962],[-80.420260604358148,37.222507605466049]]},"properties":{"objectid":7564,"type":"Normal","st_length(shape)":63.735468212735199,"slopelessthan5":null,"slopebtwn5and833":null}},{"type":"Feature","id":7565,"geometry":{"type":"LineString","coordinates":[[-80.419712850222965,37.222143420189937],[-80.419605703128511,37.222228302415303],[-80.419542181499708,37.222270311329567],[-80.419533180862175,37.222275400331981],[-80.419778093825769,37.222501964898093],[-80.419834418768033,37.222559233695456],[-80.419843299219707,37.222573503193182],[-80.419849779795399,37.222589010711545],[-80.419853693202427,37.222605355932025],[-80.41985493841824,37.222622116911253],[-80.419853483298212,37.222638860973269],[-80.419849365405511,37.222655155878826],[-80.419842691041424,37.222670580983397],[-80.419833632501167,37.222684738095936],[-80.419822423626243,37.222697261757951],[-80.419798354512139,37.222735807185643],[-80.419859068510348,37.222798578109028]]},"properties":{"objectid":7565,"type":"Normal","st_length(shape)":304.62457376902375,"slopelessthan5":null,"slopebtwn5and833":null}},{"type":"Feature","id":7598,"geometry":{"type":"LineString","coordinates":[[-80.419622213635947,37.220937414190303],[-80.419638130343628,37.220855648829712],[-80.419625889282457,37.220844499881323]]},"properties":{"objectid":7598,"type":"Normal","st_length(shape)":35.530834136778175,"slopelessthan5":null,"slopebtwn5and833":null}},{"type":"Feature","id":8220,"geometry":{"type":"LineString","coordinates":[[-80.420647987827522,37.224289589122449],[-80.420590765668507,37.224338035765022],[-80.42056183917461,37.224389618996554],[-80.420548979843602,37.224424451852769],[-80.42054192247906,37.224478725576674]]},"properties":{"objectid":8220,"type":"Normal","st_length(shape)":77.937434018520065,"slopelessthan5":null,"slopebtwn5and833":null}},{"type":"Feature","id":8222,"geometry":{"type":"LineString","coordinates":[[-80.42054192247906,37.224478725576674],[-80.420698629089586,37.224493212648873]]},"properties":{"objectid":8222,"type":"Normal","st_length(shape)":45.930049395928279,"slopelessthan5":null,"slopebtwn5and833":null}},{"type":"Feature","id":8223,"geometry":{"type":"LineString","coordinates":[[-80.420698629089586,37.224493212648873],[-80.420510387697973,37.22464835238469]]},"properties":{"objectid":8223,"type":"Normal","st_length(shape)":78.705075466527987,"slopelessthan5":null,"slopebtwn5and833":null}},{"type":"Feature","id":8250,"geometry":{"type":"LineString","coordinates":[[-80.421335987617482,37.231447717995913],[-80.421242252264932,37.231509608670841],[-80.421211312016624,37.231481464120279]]},"properties":{"objectid":8250,"type":"Normal","st_length(shape)":49.033861950637032,"slopelessthan5":null,"slopebtwn5and833":null}},{"type":"Feature","id":8253,"geometry":{"type":"LineString","coordinates":[[-80.420188813824453,37.23216603700142],[-80.420136487826753,37.232116094676357]]},"properties":{"objectid":8253,"type":"Normal","st_length(shape)":23.721465210097602,"slopelessthan5":null,"slopebtwn5and833":null}},{"type":"Feature","id":8256,"geometry":{"type":"LineString","coordinates":[[-80.420774065252033,37.231437300228222],[-80.420530624142586,37.231415128444986]]},"properties":{"objectid":8256,"type":"Normal","st_length(shape)":71.331244708830198,"slopelessthan5":null,"slopebtwn5and833":null}},{"type":"Feature","id":8257,"geometry":{"type":"LineString","coordinates":[[-80.420598424653747,37.231421303204748],[-80.420620296809787,37.231358254274447],[-80.420474936305027,37.231222113114086]]},"properties":{"objectid":8257,"type":"Normal","st_length(shape)":88.998443405615092,"slopelessthan5":null,"slopebtwn5and833":null}},{"type":"Feature","id":8278,"geometry":{"type":"LineString","coordinates":[[-80.418772173991925,37.215711569362057],[-80.418876591542826,37.215674669453229],[-80.418920032648614,37.21566656633172],[-80.419341670238666,37.215573863061451],[-80.419678007808486,37.216559022635224],[-80.419687253297568,37.216574884053991],[-80.419699049410013,37.216588952295005],[-80.419713055937166,37.216600821619785],[-80.419728868920444,37.21661014970821],[-80.419746032301688,37.216616667531312],[-80.419764051076285,37.216620187110244],[-80.419782405569435,37.216620606937738],[-80.419800566423959,37.216617914905669],[-80.419818009867384,37.216612188654231],[-80.420001005227235,37.216572846007253],[-80.420234643451224,37.216497505691216],[-80.421746745577948,37.216184351302019],[-80.422109985965051,37.216140282166585],[-80.422238968186065,37.216111950574067],[-80.42225603965386,37.216109258121769],[-80.422272432449574,37.21610378449769],[-80.422287696776039,37.216095679891019],[-80.422301413799843,37.216085166681708],[-80.422313207143517,37.216072533338647],[-80.422322753212953,37.216058126504493],[-80.42232979007629,37.216042341484183],[-80.422334124651087,37.216025611398315],[-80.42233563800221,37.216008395298864],[-80.422334288605256,37.215991165573392],[-80.422322966397417,37.215931731748597],[-80.422305026116874,37.215873950105717],[-80.422280695797951,37.21581855509239],[-80.422189467299489,37.215631653945451],[-80.421921747966792,37.214801505529685],[-80.421538127259936,37.214630334545369],[-80.420953017370465,37.214752415264201],[-80.420664611622271,37.214760924252325],[-80.420559912816614,37.214772760535901],[-80.420456179026246,37.214791233171134],[-80.420353830462446,37.214816267327926],[-80.420253281725152,37.214847761596353],[-80.42015494012341,37.214885588397472],[-80.419996499669693,37.214939674339064],[-80.419772017580073,37.215004372608711],[-80.419529592153793,37.21503883946005],[-80.419367651106256,37.215049104360915],[-80.419346320867263,37.215045924210017],[-80.41932475921773,37.215046357481938],[-80.419303573953627,37.215050391963302],[-80.419283362261069,37.215057913927097],[-80.41926469388244,37.215068711338574],[-80.41924809505602,37.215082479832191],[-80.41923403368196,37.215098831291307],[-80.419222906132873,37.215117304788706],[-80.419215026080437,37.215137379579588],[-80.419210615653498,37.215158489780663],[-80.419222618938818,37.215217816157903]]},"properties":{"objectid":8278,"type":"Normal","st_length(shape)":2707.4341413416196,"slopelessthan5":null,"slopebtwn5and833":null}},{"type":"Feature","id":8255,"geometry":{"type":"LineString","coordinates":[[-80.420486917106231,37.232086270499877],[-80.420941386404948,37.231778054701145],[-80.421013263411211,37.231716617323038],[-80.421152140664219,37.231610292697965]]},"properties":{"objectid":8255,"type":"Normal","st_length(shape)":260.09704938840918,"slopelessthan5":null,"slopebtwn5and833":null}},{"type":"Feature","id":8279,"geometry":{"type":"LineString","coordinates":[[-80.419222618938818,37.215217816157903],[-80.419341670238666,37.215573863061451]]},"properties":{"objectid":8279,"type":"Normal","st_length(shape)":134.18968953396023,"slopelessthan5":null,"slopebtwn5and833":null}},{"type":"Feature","id":8297,"geometry":{"type":"LineString","coordinates":[[-80.419256158078241,37.214579425282807],[-80.419284513740095,37.214580633332076],[-80.419299809422455,37.21459588483858],[-80.419297435983665,37.21461976955986],[-80.419282745179757,37.214628354339652],[-80.41928688534513,37.214644927383468]]},"properties":{"objectid":8297,"type":"Normal","st_length(shape)":35.562502674914079,"slopelessthan5":null,"slopebtwn5and833":null}},{"type":"Feature","id":8298,"geometry":{"type":"LineString","coordinates":[[-80.419239093820437,37.214611894777633],[-80.419252850744471,37.214625264200251],[-80.419282745179757,37.214628354339652]]},"properties":{"objectid":8298,"type":"Normal","st_length(shape)":15.081656100189571,"slopelessthan5":null,"slopebtwn5and833":null}},{"type":"Feature","id":8304,"geometry":{"type":"LineString","coordinates":[[-80.420014031792959,37.217055725779026],[-80.42002810177371,37.217053377974246],[-80.420134871867361,37.217030895271414],[-80.42027994433775,37.217002065246419],[-80.420674999347682,37.21691909015572],[-80.420824469594464,37.216887325414255],[-80.420873411840347,37.216877229445892],[-80.420914105190306,37.21685939771681],[-80.420945912232099,37.216843856559393],[-80.420979289745759,37.216819705118503],[-80.4210194735101,37.216781850648125],[-80.421064347729569,37.216752504530675],[-80.421108399157049,37.216726033359599],[-80.421159841382973,37.216708741296848],[-80.421206940006201,37.216696528342858],[-80.421264019490124,37.216689876038217],[-80.421309711448188,37.216692709416336],[-80.421352830480885,37.216699877470219],[-80.421405839376845,37.216709029555609],[-80.421448083314999,37.216716926538211],[-80.421474907015096,37.216716489840344],[-80.421504395778186,37.21671529412923],[-80.421533811731024,37.216711238024637],[-80.421593464135569,37.216700251764188],[-80.421838207064312,37.216651197218525]]},"properties":{"objectid":8304,"type":"Normal","st_length(shape)":565.47525854647574,"slopelessthan5":null,"slopebtwn5and833":null}},{"type":"Feature","id":8699,"geometry":{"type":"LineString","coordinates":[[-80.422497550785522,37.229590922564846],[-80.422443529135535,37.229567726442433],[-80.422023846368447,37.229569008684358],[-80.421992204465795,37.229569105687659]]},"properties":{"objectid":8699,"type":"Normal","st_length(shape)":149.25013231390255,"slopelessthan5":null,"slopebtwn5and833":null}},{"type":"Feature","id":8701,"geometry":{"type":"LineString","coordinates":[[-80.42239973937123,37.229433266351009],[-80.422363184059037,37.229410694235938],[-80.422318520114274,37.229366346718301],[-80.421992204465795,37.229569105687659]]},"properties":{"objectid":8701,"type":"Normal","st_length(shape)":154.49192739597112,"slopelessthan5":null,"slopebtwn5and833":null}},{"type":"Feature","id":8702,"geometry":{"type":"LineString","coordinates":[[-80.421562064422275,37.22938520722947],[-80.421543189310157,37.229441119011291],[-80.421523305702308,37.22949571511235],[-80.42150862963075,37.229555897300997],[-80.421507984995657,37.229610180226338],[-80.421515215510851,37.229655424897388],[-80.421539058643134,37.22970380148211],[-80.421565851870881,37.229737581563398],[-80.421596230944203,37.229759379320065],[-80.421640614949581,37.229796502488618],[-80.421992204465795,37.229569105687659]]},"properties":{"objectid":8702,"type":"Normal","st_length(shape)":296.21862536639094,"slopelessthan5":null,"slopebtwn5and833":null}},{"type":"Feature","id":7620,"geometry":{"type":"LineString","coordinates":[[-80.419194663790407,37.218705930597302],[-80.41931817296215,37.218694477661558],[-80.419350524732494,37.218676870471057]]},"properties":{"objectid":7620,"type":"Normal","st_length(shape)":47.59877902331133,"slopelessthan5":null,"slopebtwn5and833":null}},{"type":"Feature","id":5885,"geometry":{"type":"LineString","coordinates":[[-80.424712156042744,37.230264901512371],[-80.424474454927179,37.230057745527418]]},"properties":{"objectid":5885,"type":"Normal","st_length(shape)":102.36158028223639,"slopelessthan5":null,"slopebtwn5and833":null}},{"type":"Feature","id":5926,"geometry":{"type":"LineString","coordinates":[[-80.428372730701142,37.229809258609869],[-80.428384612796037,37.2298460758985],[-80.428402669645138,37.229880290619334],[-80.42842635954247,37.229910876329804],[-80.428599501346213,37.230135846765002],[-80.428633552258034,37.230179154945382],[-80.428688500239019,37.23021781986931],[-80.428717327996964,37.230231927100668],[-80.42878827994079,37.230266337811749],[-80.428824492357734,37.230283823133774],[-80.428857756876795,37.230300189453182],[-80.428881432770964,37.230312631437883],[-80.428897708020216,37.230321112440009],[-80.428939146880197,37.230343176461268],[-80.428957849634571,37.23036094786211],[-80.428975151785835,37.230381073764576]]},"properties":{"objectid":5926,"type":"Normal","st_length(shape)":280.00905962255149,"slopelessthan5":null,"slopebtwn5and833":null}},{"type":"Feature","id":5989,"geometry":{"type":"LineString","coordinates":[[-80.430236996851875,37.230088846625591],[-80.430304386717296,37.230110310075467],[-80.430346681710247,37.230118199189263],[-80.430389574162945,37.230121566984806],[-80.430432582129626,37.230120375621055],[-80.430474218933242,37.230122217173047],[-80.430515541162521,37.230127647467356],[-80.430556240080264,37.23013662593177],[-80.43059937115784,37.230153799233527],[-80.43063985081838,37.230176528272857],[-80.430676967286644,37.230204413393075],[-80.430710067924196,37.230236964275399],[-80.430738570705046,37.230273608560481],[-80.430746762185009,37.230286052880928]]},"properties":{"objectid":5989,"type":"Normal","st_length(shape)":174.81850754398909,"slopelessthan5":null,"slopebtwn5and833":null}},{"type":"Feature","id":5990,"geometry":{"type":"LineString","coordinates":[[-80.434920354204252,37.231104223421298],[-80.434924001562322,37.2311002169169],[-80.435288803991483,37.23087060133016],[-80.435562033004445,37.230741024343089],[-80.436857054751556,37.229943628140013],[-80.436970783792177,37.229833123977521]]},"properties":{"objectid":5990,"type":"Normal","st_length(shape)":757.41213180962939,"slopelessthan5":null,"slopebtwn5and833":null}},{"type":"Feature","id":5963,"geometry":{"type":"LineString","coordinates":[[-80.430045048124711,37.230276172158817],[-80.430024768125747,37.23029780194301],[-80.43001753890124,37.230301825396886],[-80.430010243097939,37.230303245232484],[-80.430002911798184,37.23030336509742],[-80.429989881756427,37.230303578134198],[-80.429976103679465,37.230306407204672],[-80.429959133775952,37.230311891361509],[-80.429948645040838,37.23031596720061],[-80.429935033283456,37.230325300806292],[-80.429918336365745,37.230347544347701]]},"properties":{"objectid":5963,"type":"Normal","st_length(shape)":48.053550882081026,"slopelessthan5":null,"slopebtwn5and833":null}},{"type":"Feature","id":5976,"geometry":{"type":"LineString","coordinates":[[-80.425444079915934,37.230110836796747],[-80.425417977796897,37.230128213853284],[-80.425143375823126,37.229904529509128],[-80.42472284394735,37.230213331671983],[-80.424712127623749,37.2302637870906],[-80.424712156042744,37.230264901512371]]},"properties":{"objectid":5976,"type":"Normal","st_length(shape)":309.27640624365762,"slopelessthan5":null,"slopebtwn5and833":null}},{"type":"Feature","id":6044,"geometry":{"type":"LineString","coordinates":[[-80.425127308407028,37.229598290012902],[-80.42519624092175,37.229650923645956],[-80.425266888153871,37.229599991842974],[-80.42534151324756,37.229546375990999],[-80.425486332920556,37.229435411196931],[-80.425547435697979,37.229386664589988]]},"properties":{"objectid":6044,"type":"Normal","st_length(shape)":168.17401473293589,"slopelessthan5":null,"slopebtwn5and833":null}},{"type":"Feature","id":6058,"geometry":{"type":"LineString","coordinates":[[-80.423500941659313,37.229557420005797],[-80.423613450714655,37.229475975561094],[-80.423620558844391,37.22947064040838]]},"properties":{"objectid":6058,"type":"Normal","st_length(shape)":47.022628129279759,"slopelessthan5":null,"slopebtwn5and833":null}},{"type":"Feature","id":6045,"geometry":{"type":"LineString","coordinates":[[-80.423525166730712,37.229579868235383],[-80.423430001048786,37.229644386035183]]},"properties":{"objectid":6045,"type":"Normal","st_length(shape)":36.324130546852793,"slopelessthan5":null,"slopebtwn5and833":null}},{"type":"Feature","id":6114,"geometry":{"type":"LineString","coordinates":[[-80.424170517677979,37.229853248719721],[-80.424273743673865,37.22994688917624],[-80.424540383982205,37.229749029063548]]},"properties":{"objectid":6114,"type":"Normal","st_length(shape)":151.35377622954061,"slopelessthan5":null,"slopebtwn5and833":null}},{"type":"Feature","id":6113,"geometry":{"type":"LineString","coordinates":[[-80.424170834411655,37.229422664473589],[-80.424540383982205,37.229749029063548],[-80.424610814837877,37.229818794497639]]},"properties":{"objectid":6113,"type":"Normal","st_length(shape)":192.94279775754757,"slopelessthan5":null,"slopebtwn5and833":null}},{"type":"Feature","id":6201,"geometry":{"type":"LineString","coordinates":[[-80.42991901227505,37.230067264192243],[-80.4299230874296,37.230125999940128],[-80.429969324364436,37.2301982992538],[-80.429982467881544,37.230234173516735]]},"properties":{"objectid":6201,"type":"Normal","st_length(shape)":64.59476838578081,"slopelessthan5":null,"slopebtwn5and833":null}},{"type":"Feature","id":6410,"geometry":{"type":"LineString","coordinates":[[-80.427696346192647,37.229455851049536],[-80.427946613028041,37.229329239932561]]},"properties":{"objectid":6410,"type":"Normal","st_length(shape)":86.220356044430247,"slopelessthan5":null,"slopebtwn5and833":null}},{"type":"Feature","id":6407,"geometry":{"type":"LineString","coordinates":[[-80.427531017880128,37.229289464875244],[-80.427696346192647,37.229455851049536]]},"properties":{"objectid":6407,"type":"Normal","st_length(shape)":77.374320384304042,"slopelessthan5":null,"slopebtwn5and833":null}},{"type":"Feature","id":6408,"geometry":{"type":"LineString","coordinates":[[-80.428253795474205,37.229671816383203],[-80.428106086242167,37.229505219789736],[-80.427988301264591,37.229379013729989],[-80.427946613028041,37.229329239932561]]},"properties":{"objectid":6408,"type":"Normal","st_length(shape)":153.5013899235588,"slopelessthan5":null,"slopebtwn5and833":null}},{"type":"Feature","id":6429,"geometry":{"type":"LineString","coordinates":[[-80.428975151785835,37.230381073764576],[-80.42899294920106,37.230423311741987],[-80.428993612953064,37.230481300211416],[-80.429000255721931,37.230672146330235],[-80.429002015274946,37.230692461827111],[-80.429006925630915,37.230712253336513],[-80.42901486631321,37.230731035269457],[-80.429025642495446,37.230748346807125],[-80.42903898978166,37.230763763207186],[-80.429057166596394,37.230786089255609],[-80.429112631493609,37.23085421296544],[-80.429221437327712,37.230980511518382],[-80.429289235241257,37.23106302805342],[-80.429334471298958,37.231119236248027],[-80.429358561925923,37.231143832364346],[-80.429399934630794,37.231180834263178]]},"properties":{"objectid":6429,"type":"Normal","st_length(shape)":327.54844830535177,"slopelessthan5":null,"slopebtwn5and833":null}},{"type":"Feature","id":6502,"geometry":{"type":"LineString","coordinates":[[-80.426465469524047,37.22945180625311],[-80.426622596326382,37.229580677592701],[-80.426518249012062,37.229659800736172]]},"properties":{"objectid":6502,"type":"Normal","st_length(shape)":107.39731483004046,"slopelessthan5":null,"slopebtwn5and833":null}},{"type":"Feature","id":6454,"geometry":{"type":"LineString","coordinates":[[-80.426762745700188,37.229874686525761],[-80.426553273341341,37.229696303352085]]},"properties":{"objectid":6454,"type":"Normal","st_length(shape)":89.092378183047103,"slopelessthan5":null,"slopebtwn5and833":null}},{"type":"Feature","id":6489,"geometry":{"type":"LineString","coordinates":[[-80.426385973230424,37.229552916961019],[-80.426518249012062,37.229659800736172]]},"properties":{"objectid":6489,"type":"Normal","st_length(shape)":54.749300239556689,"slopelessthan5":null,"slopebtwn5and833":null}},{"type":"Feature","id":6491,"geometry":{"type":"LineString","coordinates":[[-80.426518249012062,37.229659800736172],[-80.426553273341341,37.229696303352085]]},"properties":{"objectid":6491,"type":"Normal","st_length(shape)":16.751439057368614,"slopelessthan5":null,"slopebtwn5and833":null}},{"type":"Feature","id":6538,"geometry":{"type":"LineString","coordinates":[[-80.427696346192647,37.229455851049536],[-80.42770227492727,37.229490317498993]]},"properties":{"objectid":6538,"type":"Normal","st_length(shape)":12.667191885787387,"slopelessthan5":null,"slopebtwn5and833":null}},{"type":"Feature","id":6620,"geometry":{"type":"LineString","coordinates":[[-80.426762970206156,37.229874517926739],[-80.427531017880128,37.229289464875244]]},"properties":{"objectid":6620,"type":"Normal","st_length(shape)":308.8289440182707,"slopelessthan5":null,"slopebtwn5and833":null}},{"type":"Feature","id":6680,"geometry":{"type":"LineString","coordinates":[[-80.428253795474205,37.229671816383203],[-80.428278714273461,37.229657565636352],[-80.428295967263907,37.229646618930701],[-80.428304957872115,37.229639140134374],[-80.428421791648091,37.229557487890638],[-80.428528116722887,37.229482226059403],[-80.42861924870239,37.229444361410842]]},"properties":{"objectid":6680,"type":"Normal","st_length(shape)":135.52521672052981,"slopelessthan5":null,"slopebtwn5and833":null}},{"type":"Feature","id":6697,"geometry":{"type":"LineString","coordinates":[[-80.430028074425366,37.229893530794875],[-80.430089884815061,37.229874526073893],[-80.430153136749269,37.229861076296544],[-80.430217332050475,37.229853287394391],[-80.430281965111078,37.229851220713485],[-80.430346526875667,37.229854892531179],[-80.430410508850386,37.229864273927923],[-80.4304754340518,37.229874259522923],[-80.430539499865361,37.229888770395362],[-80.430602391281568,37.229907735195759],[-80.430663799065385,37.229931060674815],[-80.430717855799813,37.229952872908527],[-80.430769948486414,37.229979031197473],[-80.430819728415031,37.230009360437215],[-80.43086686235722,37.230043657602849],[-80.43091103479685,37.230081693108026]]},"properties":{"objectid":6697,"type":"Normal","st_length(shape)":283.04581966006577,"slopelessthan5":null,"slopebtwn5and833":null}},{"type":"Feature","id":6698,"geometry":{"type":"LineString","coordinates":[[-80.42991901227505,37.230067264192243],[-80.429244538555054,37.230423757101491]]},"properties":{"objectid":6698,"type":"Normal","st_length(shape)":235.38377148088415,"slopelessthan5":null,"slopebtwn5and833":null}},{"type":"Feature","id":6699,"geometry":{"type":"LineString","coordinates":[[-80.429962415911078,37.229793729150281],[-80.430028074425366,37.229893530794875]]},"properties":{"objectid":6699,"type":"Normal","st_length(shape)":41.058469677842147,"slopelessthan5":null,"slopebtwn5and833":null}},{"type":"Feature","id":6700,"geometry":{"type":"LineString","coordinates":[[-80.424901087389131,37.229368301157642],[-80.424903213510518,37.229400533269633],[-80.425127308407028,37.229598290012902],[-80.425090353814426,37.229626297952699],[-80.425049097254046,37.229653833464901],[-80.42496247508079,37.229712330527661]]},"properties":{"objectid":6700,"type":"Normal","st_length(shape)":172.39457494325833,"slopelessthan5":null,"slopebtwn5and833":null}},{"type":"Feature","id":6778,"geometry":{"type":"LineString","coordinates":[[-80.428372730701142,37.229809258609869],[-80.428371488100197,37.229789828337566],[-80.428275701599276,37.229702043555484],[-80.428253795474205,37.229671816383203]]},"properties":{"objectid":6778,"type":"Normal","st_length(shape)":62.221162643547018,"slopelessthan5":null,"slopebtwn5and833":null}},{"type":"Feature","id":6884,"geometry":{"type":"LineString","coordinates":[[-80.423704224900277,37.22974579188493],[-80.423525166730712,37.229579868235383]]},"properties":{"objectid":6884,"type":"Normal","st_length(shape)":79.79456391144187,"slopelessthan5":null,"slopebtwn5and833":null}},{"type":"Feature","id":6895,"geometry":{"type":"LineString","coordinates":[[-80.424474454927179,37.230057745527418],[-80.424473203144757,37.230058648289621],[-80.42440292160606,37.230109371750267],[-80.424319412286238,37.230033588836037]]},"properties":{"objectid":6895,"type":"Normal","st_length(shape)":64.82948240672944,"slopelessthan5":null,"slopebtwn5and833":null}},{"type":"Feature","id":6957,"geometry":{"type":"LineString","coordinates":[[-80.429068956706743,37.230344075403814],[-80.428975151785835,37.230381073764576]]},"properties":{"objectid":6957,"type":"Normal","st_length(shape)":30.451440085437614,"slopelessthan5":null,"slopebtwn5and833":null}},{"type":"Feature","id":6958,"geometry":{"type":"LineString","coordinates":[[-80.430028074425366,37.229893530794875],[-80.430020941635433,37.229896298989132],[-80.42996501889624,37.229954327583073],[-80.429935087175295,37.229994778010521]]},"properties":{"objectid":6958,"type":"Normal","st_length(shape)":46.094215237471317,"slopelessthan5":null,"slopebtwn5and833":null}},{"type":"Feature","id":6959,"geometry":{"type":"LineString","coordinates":[[-80.429935087175295,37.229994778010521],[-80.429930521100886,37.230000948936947],[-80.42991901227505,37.230067264192243]]},"properties":{"objectid":6959,"type":"Normal","st_length(shape)":26.98699589855342,"slopelessthan5":null,"slopebtwn5and833":null}},{"type":"Feature","id":7028,"geometry":{"type":"LineString","coordinates":[[-80.434283589713999,37.230779567345685],[-80.434027720957786,37.230496139499799],[-80.433867751975697,37.230584607513102],[-80.434044834573825,37.230791555717829],[-80.433900098322809,37.230869281451419]]},"properties":{"objectid":7028,"type":"Normal","st_length(shape)":325.95423031254199,"slopelessthan5":null,"slopebtwn5and833":null}},{"type":"Feature","id":7025,"geometry":{"type":"LineString","coordinates":[[-80.435344836992172,37.230305298071166],[-80.435272880705966,37.230220630517337],[-80.434552677620943,37.230626106263514],[-80.434453300237251,37.230681627974583],[-80.434448322527132,37.230688129386856]]},"properties":{"objectid":7025,"type":"Normal","st_length(shape)":331.77646800368632,"slopelessthan5":null,"slopebtwn5and833":null}},{"type":"Feature","id":7027,"geometry":{"type":"LineString","coordinates":[[-80.434753562610155,37.230637577871505],[-80.434678555385915,37.23055523751237]]},"properties":{"objectid":7027,"type":"Normal","st_length(shape)":37.089601952784079,"slopelessthan5":null,"slopebtwn5and833":null}},{"type":"Feature","id":6695,"geometry":{"type":"LineString","coordinates":[[-80.429982467881544,37.230234173516735],[-80.430013239872039,37.230255944881051],[-80.430045048124711,37.230276172158817],[-80.430112564899048,37.230311489691481],[-80.430182718089767,37.230341228096997],[-80.430255047600411,37.230365192337416],[-80.430329079061266,37.230383225244388],[-80.430404326940433,37.230395208549922],[-80.430480297728181,37.230401063662079],[-80.43055649317364,37.230400752180365],[-80.43063241355253,37.230394276147628],[-80.430707560944555,37.230381678036622],[-80.430781442499068,37.230363040471474],[-80.430853573667292,37.230338485685785],[-80.430923481380333,37.230308174720982],[-80.430981043594358,37.230313408720761],[-80.431009859644419,37.230317347320231],[-80.431063097760784,37.230326179635192],[-80.431101872615002,37.230330839457196],[-80.431363106084902,37.230375524222275],[-80.431661425859971,37.230423572601005],[-80.432156688211151,37.230507211501461],[-80.43249343543971,37.230564966525428],[-80.432529901961701,37.230563854001083],[-80.432702129540885,37.230614190191581],[-80.432715966822641,37.230630621151299]]},"properties":{"objectid":6695,"type":"Normal","st_length(shape)":833.57373356744313,"slopelessthan5":null,"slopebtwn5and833":null}},{"type":"Feature","id":7385,"geometry":{"type":"LineString","coordinates":[[-80.43091103479685,37.230081693108026],[-80.430923783299889,37.23009897575686],[-80.430933938821369,37.230117898749853],[-80.43094129406731,37.230138075831839],[-80.430945698902789,37.230159095149261],[-80.430949611971542,37.230188012437772],[-80.430948915707077,37.230217184974471],[-80.43094362753483,37.230245882655844],[-80.430933879802367,37.230273387262613],[-80.430923481380333,37.230308174720982]]},"properties":{"objectid":7385,"type":"Normal","st_length(shape)":85.382183084919063,"slopelessthan5":null,"slopebtwn5and833":null}},{"type":"Feature","id":6200,"geometry":{"type":"LineString","coordinates":[[-80.43005171892959,37.229885436436213],[-80.430135137245969,37.229997282598376],[-80.430180716345888,37.230047423742185],[-80.430215638172413,37.230074199435279],[-80.430236996851875,37.230088846625591],[-80.430252047531894,37.230115947234665],[-80.430263324226985,37.230148897590482],[-80.430270315579762,37.23017110199531],[-80.430273790616596,37.23019412022127],[-80.430273665802986,37.230217398946088],[-80.430269944139297,37.230240378585485],[-80.430262715088489,37.230262506744737],[-80.430252152425695,37.230283251497376],[-80.430225347035147,37.230330825985945],[-80.430213929944159,37.230353560958903]]},"properties":{"objectid":6200,"type":"Normal","st_length(shape)":193.56083397963903,"slopelessthan5":null,"slopebtwn5and833":null}},{"type":"Feature","id":6644,"geometry":{"type":"LineString","coordinates":[[-80.429935087175295,37.229994778010521],[-80.42988897603297,37.22998491837982],[-80.429865459384914,37.229984074645508],[-80.429842152083836,37.229987317227881],[-80.429819758798303,37.229994548091327],[-80.429798956562635,37.230005548619275],[-80.429743694853713,37.230060345113394],[-80.429723653724466,37.230077792678784],[-80.429701148952944,37.230091920653109],[-80.429676725233023,37.230102387090184],[-80.429650973703801,37.230108938665765],[-80.429624517641997,37.23011141680891],[-80.429555092294848,37.230111683560843],[-80.42948597961616,37.230105096632194],[-80.429446381319664,37.230105331635151],[-80.429407135510033,37.230110608636046],[-80.429368881550616,37.230120841665936],[-80.429340708842872,37.230135134785364],[-80.429314664479634,37.230153014546772],[-80.429291202382913,37.230174169327363],[-80.429230064861443,37.230266952414567],[-80.429208694069075,37.230305932442107],[-80.429199637443787,37.230315857829339],[-80.429189098853442,37.230324192929032],[-80.429177354128768,37.230330719583286],[-80.429164710669141,37.230335266967366],[-80.429154590303398,37.230336029008981],[-80.429068956706743,37.230344075403814]]},"properties":{"objectid":6644,"type":"Normal","st_length(shape)":312.30632045943071,"slopelessthan5":null,"slopebtwn5and833":null}},{"type":"Feature","id":7405,"geometry":{"type":"LineString","coordinates":[[-80.423113214073126,37.230153587084708],[-80.423194731583294,37.230230601987977]]},"properties":{"objectid":7405,"type":"Normal","st_length(shape)":36.735752251558999,"slopelessthan5":null,"slopebtwn5and833":null}},{"type":"Feature","id":7455,"geometry":{"type":"LineString","coordinates":[[-80.424170517677979,37.229853248719721],[-80.423891463831822,37.229616522258574]]},"properties":{"objectid":7455,"type":"Normal","st_length(shape)":118.44505491397936,"slopelessthan5":null,"slopebtwn5and833":null}},{"type":"Feature","id":7456,"geometry":{"type":"LineString","coordinates":[[-80.424948816033591,37.229717398556481],[-80.425143375823126,37.229904529509128]]},"properties":{"objectid":7456,"type":"Normal","st_length(shape)":88.603741180245322,"slopelessthan5":null,"slopebtwn5and833":null}},{"type":"Feature","id":7462,"geometry":{"type":"LineString","coordinates":[[-80.426553273341341,37.229696303352085],[-80.426620158992023,37.229645701599992]]},"properties":{"objectid":7462,"type":"Normal","st_length(shape)":26.807262662970999,"slopelessthan5":null,"slopebtwn5and833":null}},{"type":"Feature","id":7454,"geometry":{"type":"LineString","coordinates":[[-80.424170517677979,37.229853248719721],[-80.424137990498039,37.22987583688159],[-80.424075224140651,37.22982356268998],[-80.42405061075641,37.229808199052094],[-80.424023801898883,37.229797101970924],[-80.423995530750076,37.229790574934988],[-80.423966570483501,37.229788796448922],[-80.423937713118988,37.229791815151643],[-80.423909747862155,37.22979954848617],[-80.423883439520793,37.229811784957398],[-80.423901716407499,37.229831606383122]]},"properties":{"objectid":7454,"type":"Normal","st_length(shape)":108.86157886533896,"slopelessthan5":null,"slopebtwn5and833":null}},{"type":"Feature","id":8104,"geometry":{"type":"LineString","coordinates":[[-80.424582622013233,37.230620870978129],[-80.424526912221523,37.230657418610903],[-80.424448628812016,37.230686714793904],[-80.424236485319355,37.230817155510572],[-80.424142681052146,37.230851771489299],[-80.424099865813659,37.230868565349418],[-80.424061552769757,37.230886478206465],[-80.423813195717841,37.231058703245154]]},"properties":{"objectid":8104,"type":"Normal","st_length(shape)":276.64362955092918,"slopelessthan5":null,"slopebtwn5and833":null}},{"type":"Feature","id":8132,"geometry":{"type":"LineString","coordinates":[[-80.425706825784289,37.229924772223512],[-80.425803714518835,37.230010451890145],[-80.425895825881085,37.230135990194036],[-80.426081160110016,37.230290085869825]]},"properties":{"objectid":8132,"type":"Normal","st_length(shape)":172.89216705730459,"slopelessthan5":null,"slopebtwn5and833":null}},{"type":"Feature","id":8103,"geometry":{"type":"LineString","coordinates":[[-80.424830066475181,37.230415151297919],[-80.424846114316139,37.230427461597984],[-80.424778602961666,37.230475081158524],[-80.424729128688796,37.230509459678331],[-80.424582622013233,37.230620870978129]]},"properties":{"objectid":8103,"type":"Normal","st_length(shape)":110.62794332238973,"slopelessthan5":null,"slopebtwn5and833":null}},{"type":"Feature","id":8120,"geometry":{"type":"LineString","coordinates":[[-80.426304905917689,37.230625286199668],[-80.426490151400472,37.230492985107617]]},"properties":{"objectid":8120,"type":"Normal","st_length(shape)":72.311289068767238,"slopelessthan5":null,"slopebtwn5and833":null}},{"type":"Feature","id":8143,"geometry":{"type":"LineString","coordinates":[[-80.42556828858703,37.229384357835698],[-80.425559093731792,37.229401865609418],[-80.425622943814972,37.2294566079837]]},"properties":{"objectid":8143,"type":"Normal","st_length(shape)":34.168439186918476,"slopelessthan5":null,"slopebtwn5and833":null}},{"type":"Feature","id":8122,"geometry":{"type":"LineString","coordinates":[[-80.426720944694011,37.229906529729021],[-80.426762970206156,37.229874517926739]]},"properties":{"objectid":8122,"type":"Normal","st_length(shape)":16.898072616182617,"slopelessthan5":null,"slopebtwn5and833":null}},{"type":"Feature","id":8117,"geometry":{"type":"LineString","coordinates":[[-80.426308486770836,37.230185547383165],[-80.426233641053003,37.230229854498745],[-80.426081160110016,37.230290085869825]]},"properties":{"objectid":8117,"type":"Normal","st_length(shape)":76.62558177072431,"slopelessthan5":null,"slopebtwn5and833":null}},{"type":"Feature","id":8115,"geometry":{"type":"LineString","coordinates":[[-80.426081160110016,37.230290085869825],[-80.425985559540294,37.230332521525234],[-80.425905828876367,37.230387138575878]]},"properties":{"objectid":8115,"type":"Normal","st_length(shape)":62.399113270202967,"slopelessthan5":null,"slopebtwn5and833":null}},{"type":"Feature","id":8144,"geometry":{"type":"LineString","coordinates":[[-80.425500909734438,37.229659175269646],[-80.425622943814972,37.2294566079837]]},"properties":{"objectid":8144,"type":"Normal","st_length(shape)":81.865008086264211,"slopelessthan5":null,"slopebtwn5and833":null}},{"type":"Feature","id":8135,"geometry":{"type":"LineString","coordinates":[[-80.425627040436453,37.229982361510174],[-80.425520092411674,37.229891079387926]]},"properties":{"objectid":8135,"type":"Normal","st_length(shape)":45.541847457674336,"slopelessthan5":null,"slopebtwn5and833":null}},{"type":"Feature","id":8136,"geometry":{"type":"LineString","coordinates":[[-80.425706825784289,37.229924772223512],[-80.425627040436453,37.229982361510174]]},"properties":{"objectid":8136,"type":"Normal","st_length(shape)":31.29234192588823,"slopelessthan5":null,"slopebtwn5and833":null}},{"type":"Feature","id":8137,"geometry":{"type":"LineString","coordinates":[[-80.425520092411674,37.229891079387926],[-80.4254936014473,37.22991110446241]]},"properties":{"objectid":8137,"type":"Normal","st_length(shape)":10.613250183799421,"slopelessthan5":null,"slopebtwn5and833":null}},{"type":"Feature","id":8126,"geometry":{"type":"LineString","coordinates":[[-80.425048828863225,37.229973956829944],[-80.42515738198388,37.230068926473734],[-80.425229703706137,37.230136561627575]]},"properties":{"objectid":8126,"type":"Normal","st_length(shape)":79.244484784993972,"slopelessthan5":null,"slopebtwn5and833":null}},{"type":"Feature","id":8128,"geometry":{"type":"LineString","coordinates":[[-80.425229703706137,37.230136561627575],[-80.425019994529734,37.230293437448111]]},"properties":{"objectid":8128,"type":"Normal","st_length(shape)":83.605989788850039,"slopelessthan5":null,"slopebtwn5and833":null}},{"type":"Feature","id":8129,"geometry":{"type":"LineString","coordinates":[[-80.425019994529734,37.230293437448111],[-80.424993906058148,37.230014287160053]]},"properties":{"objectid":8129,"type":"Normal","st_length(shape)":101.92045619184866,"slopelessthan5":null,"slopebtwn5and833":null}},{"type":"Feature","id":8127,"geometry":{"type":"LineString","coordinates":[[-80.425229703706137,37.230136561627575],[-80.425308332654353,37.230202722117674],[-80.425417977796897,37.230128213853284]]},"properties":{"objectid":8127,"type":"Normal","st_length(shape)":75.122544090889733,"slopelessthan5":null,"slopebtwn5and833":null}},{"type":"Feature","id":6894,"geometry":{"type":"LineString","coordinates":[[-80.424712156042744,37.230264901512371],[-80.424712812229984,37.230290633213947],[-80.42472197052858,37.230320697546283],[-80.424830066475181,37.230415151297919]]},"properties":{"objectid":6894,"type":"Normal","st_length(shape)":67.253154947692195,"slopelessthan5":null,"slopebtwn5and833":null}},{"type":"Feature","id":8130,"geometry":{"type":"LineString","coordinates":[[-80.425019994529734,37.230293437448111],[-80.424846114316139,37.230427461597984]]},"properties":{"objectid":8130,"type":"Normal","st_length(shape)":70.31231690249956,"slopelessthan5":null,"slopebtwn5and833":null}},{"type":"Feature","id":8138,"geometry":{"type":"LineString","coordinates":[[-80.426599240265389,37.229974795491316],[-80.426518249012062,37.229659800736172]]},"properties":{"objectid":8138,"type":"Normal","st_length(shape)":117.08666969856722,"slopelessthan5":null,"slopebtwn5and833":null}},{"type":"Feature","id":8134,"geometry":{"type":"LineString","coordinates":[[-80.425500909734438,37.229659175269646],[-80.425505942241628,37.22973547049294],[-80.425706825784289,37.229924772223512]]},"properties":{"objectid":8134,"type":"Normal","st_length(shape)":118.21033469295979,"slopelessthan5":null,"slopebtwn5and833":null}},{"type":"Feature","id":8133,"geometry":{"type":"LineString","coordinates":[[-80.425377775522946,37.229749228135894],[-80.425500909734438,37.229659175269646]]},"properties":{"objectid":8133,"type":"Normal","st_length(shape)":48.581655022405464,"slopelessthan5":null,"slopebtwn5and833":null}},{"type":"Feature","id":8141,"geometry":{"type":"LineString","coordinates":[[-80.425500909734438,37.229659175269646],[-80.425435291740484,37.22959986332711]]},"properties":{"objectid":8141,"type":"Normal","st_length(shape)":28.832376779581914,"slopelessthan5":null,"slopebtwn5and833":null}},{"type":"Feature","id":8142,"geometry":{"type":"LineString","coordinates":[[-80.425435291740484,37.22959986332711],[-80.425403606512432,37.229571708573822]]},"properties":{"objectid":8142,"type":"Normal","st_length(shape)":13.790525516348227,"slopelessthan5":null,"slopebtwn5and833":null}},{"type":"Feature","id":8116,"geometry":{"type":"LineString","coordinates":[[-80.425905828876367,37.230387138575878],[-80.425327743687276,37.230820147493567]]},"properties":{"objectid":8116,"type":"Normal","st_length(shape)":230.60842504328684,"slopelessthan5":null,"slopebtwn5and833":null}},{"type":"Feature","id":8119,"geometry":{"type":"LineString","coordinates":[[-80.426599240265389,37.229974795491316],[-80.426394857439377,37.230089437535746],[-80.426308486770836,37.230185547383165]]},"properties":{"objectid":8119,"type":"Normal","st_length(shape)":115.77417746493956,"slopelessthan5":null,"slopebtwn5and833":null}},{"type":"Feature","id":6501,"geometry":{"type":"LineString","coordinates":[[-80.426385973230424,37.229552916961019],[-80.426465469524047,37.22945180625311]]},"properties":{"objectid":6501,"type":"Normal","st_length(shape)":43.484699273272383,"slopelessthan5":null,"slopebtwn5and833":null}},{"type":"Feature","id":8149,"geometry":{"type":"LineString","coordinates":[[-80.425753203754425,37.229760811542427],[-80.425633693426363,37.229855856339732]]},"properties":{"objectid":8149,"type":"Normal","st_length(shape)":49.072719554486582,"slopelessthan5":null,"slopebtwn5and833":null}},{"type":"Feature","id":8151,"geometry":{"type":"LineString","coordinates":[[-80.426385973230424,37.229552916961019],[-80.426283933391275,37.229467060452173]]},"properties":{"objectid":8151,"type":"Normal","st_length(shape)":43.124483235975113,"slopelessthan5":null,"slopebtwn5and833":null}},{"type":"Feature","id":8154,"geometry":{"type":"LineString","coordinates":[[-80.425903581776197,37.230142439407963],[-80.425945136021454,37.229955582778096]]},"properties":{"objectid":8154,"type":"Normal","st_length(shape)":69.10072244447754,"slopelessthan5":null,"slopebtwn5and833":null}},{"type":"Feature","id":8155,"geometry":{"type":"LineString","coordinates":[[-80.425706825784289,37.229924772223512],[-80.425813908825702,37.229958783638011],[-80.425884311413427,37.229962938189779],[-80.425945136021454,37.229955582778096]]},"properties":{"objectid":8155,"type":"Normal","st_length(shape)":72.007061279355682,"slopelessthan5":null,"slopebtwn5and833":null}},{"type":"Feature","id":8156,"geometry":{"type":"LineString","coordinates":[[-80.426174115244777,37.229861948315509],[-80.426118074913916,37.229949712046114],[-80.426074274946942,37.230182425647776],[-80.426081160110016,37.230290085869825]]},"properties":{"objectid":8156,"type":"Normal","st_length(shape)":160.81210429641402,"slopelessthan5":null,"slopebtwn5and833":null}},{"type":"Feature","id":8157,"geometry":{"type":"LineString","coordinates":[[-80.426343178319016,37.229614533874397],[-80.426205756404443,37.229812395071335],[-80.426174115244777,37.229861948315509]]},"properties":{"objectid":8157,"type":"Normal","st_length(shape)":102.6619881152524,"slopelessthan5":null,"slopebtwn5and833":null}},{"type":"Feature","id":8158,"geometry":{"type":"LineString","coordinates":[[-80.426385973230424,37.229552916961019],[-80.426343178319016,37.229614533874397]]},"properties":{"objectid":8158,"type":"Normal","st_length(shape)":25.661882754570104,"slopelessthan5":null,"slopebtwn5and833":null}},{"type":"Feature","id":8159,"geometry":{"type":"LineString","coordinates":[[-80.426046681683701,37.229828778498053],[-80.426102479784888,37.229873611721011]]},"properties":{"objectid":8159,"type":"Normal","st_length(shape)":23.029374001207575,"slopelessthan5":null,"slopebtwn5and833":null}},{"type":"Feature","id":8160,"geometry":{"type":"LineString","coordinates":[[-80.425945136021454,37.229955582778096],[-80.426015889674801,37.229921550525503],[-80.426074468323193,37.229878172309881],[-80.426102479784888,37.229873611721011]]},"properties":{"objectid":8160,"type":"Normal","st_length(shape)":55.60521150983201,"slopelessthan5":null,"slopebtwn5and833":null}},{"type":"Feature","id":8161,"geometry":{"type":"LineString","coordinates":[[-80.426102479784888,37.229873611721011],[-80.426174115244777,37.229861948315509]]},"properties":{"objectid":8161,"type":"Normal","st_length(shape)":21.283601822508356,"slopelessthan5":null,"slopebtwn5and833":null}},{"type":"Feature","id":8162,"geometry":{"type":"LineString","coordinates":[[-80.426148326375667,37.229695002895014],[-80.426093328583576,37.229681659138201],[-80.426062077744206,37.229652472712147]]},"properties":{"objectid":8162,"type":"Normal","st_length(shape)":30.722119632498007,"slopelessthan5":null,"slopebtwn5and833":null}},{"type":"Feature","id":8163,"geometry":{"type":"LineString","coordinates":[[-80.426343178319016,37.229614533874397],[-80.426312624678559,37.229595355686001],[-80.42625834857914,37.229599423809745],[-80.426185024316183,37.229636679686529],[-80.426150336988371,37.229680728933864],[-80.426148326375667,37.229695002895014]]},"properties":{"objectid":8163,"type":"Normal","st_length(shape)":76.654766290338188,"slopelessthan5":null,"slopebtwn5and833":null}},{"type":"Feature","id":8164,"geometry":{"type":"LineString","coordinates":[[-80.426148326375667,37.229695002895014],[-80.426143600138275,37.229728564434829],[-80.426152880107722,37.229780380919628],[-80.426174115244777,37.229861948315509]]},"properties":{"objectid":8164,"type":"Normal","st_length(shape)":61.690252804101384,"slopelessthan5":null,"slopebtwn5and833":null}},{"type":"Feature","id":8165,"geometry":{"type":"LineString","coordinates":[[-80.426368203917804,37.230356002978596],[-80.426244790586679,37.230438568939363]]},"properties":{"objectid":8165,"type":"Normal","st_length(shape)":46.847224630155601,"slopelessthan5":null,"slopebtwn5and833":null}},{"type":"Feature","id":8166,"geometry":{"type":"LineString","coordinates":[[-80.426244790586679,37.230438568939363],[-80.426081160110016,37.230290085869825]]},"properties":{"objectid":8166,"type":"Normal","st_length(shape)":72.056231358724503,"slopelessthan5":null,"slopebtwn5and833":null}},{"type":"Feature","id":8167,"geometry":{"type":"LineString","coordinates":[[-80.426386409183337,37.230567077186755],[-80.426244790586679,37.230438568939363]]},"properties":{"objectid":8167,"type":"Normal","st_length(shape)":62.362878104031488,"slopelessthan5":null,"slopebtwn5and833":null}},{"type":"Feature","id":8187,"geometry":{"type":"LineString","coordinates":[[-80.42532894433171,37.230821172496341],[-80.424846114316139,37.230427461597984]]},"properties":{"objectid":8187,"type":"Normal","st_length(shape)":200.76832605695702,"slopelessthan5":null,"slopebtwn5and833":null}},{"type":"Feature","id":8189,"geometry":{"type":"LineString","coordinates":[[-80.427670777266215,37.230105350318112],[-80.427482020353793,37.230247098407695],[-80.427525201892564,37.230286574269485]]},"properties":{"objectid":8189,"type":"Normal","st_length(shape)":94.483990451410023,"slopelessthan5":null,"slopebtwn5and833":null}},{"type":"Feature","id":8190,"geometry":{"type":"LineString","coordinates":[[-80.427670777266215,37.230105350318112],[-80.427606331581643,37.230029221411769]]},"properties":{"objectid":8190,"type":"Normal","st_length(shape)":33.471200312299452,"slopelessthan5":null,"slopebtwn5and833":null}},{"type":"Feature","id":8192,"geometry":{"type":"LineString","coordinates":[[-80.427444134381545,37.230274365222073],[-80.427271884822858,37.230406532281727]]},"properties":{"objectid":8192,"type":"Normal","st_length(shape)":69.501449702415456,"slopelessthan5":null,"slopebtwn5and833":null}},{"type":"Feature","id":8194,"geometry":{"type":"LineString","coordinates":[[-80.427444134381545,37.230274365222073],[-80.427433221745275,37.230264185871071]]},"properties":{"objectid":8194,"type":"Normal","st_length(shape)":4.8815830512986578,"slopelessthan5":null,"slopebtwn5and833":null}},{"type":"Feature","id":8195,"geometry":{"type":"LineString","coordinates":[[-80.427180763508801,37.230317178838121],[-80.427271884822858,37.230406532281727]]},"properties":{"objectid":8195,"type":"Normal","st_length(shape)":41.978134683205525,"slopelessthan5":null,"slopebtwn5and833":null}},{"type":"Feature","id":8196,"geometry":{"type":"LineString","coordinates":[[-80.427210703690378,37.230292933146508],[-80.427180763508801,37.230317178838121]]},"properties":{"objectid":8196,"type":"Normal","st_length(shape)":12.405964560645778,"slopelessthan5":null,"slopebtwn5and833":null}},{"type":"Feature","id":8197,"geometry":{"type":"LineString","coordinates":[[-80.426599240265389,37.229974795491316],[-80.426683652539879,37.230023338873671],[-80.4268530554302,37.230164744669153],[-80.426906969385996,37.230166211554241],[-80.426987457399719,37.230160146121278],[-80.427078958036475,37.230219741299493],[-80.427180763508801,37.230317178838121]]},"properties":{"objectid":8197,"type":"Normal","st_length(shape)":221.39474854915397,"slopelessthan5":null,"slopebtwn5and833":null}},{"type":"Feature","id":8198,"geometry":{"type":"LineString","coordinates":[[-80.427312431589399,37.230446293681801],[-80.42798938898072,37.229938120769184],[-80.428062180300927,37.229860610392294]]},"properties":{"objectid":8198,"type":"Normal","st_length(shape)":305.61840041312792,"slopelessthan5":null,"slopebtwn5and833":null}},{"type":"Feature","id":8199,"geometry":{"type":"LineString","coordinates":[[-80.428062180300927,37.229860610392294],[-80.428002945472784,37.229837441546245],[-80.427606331581643,37.230029221411769]]},"properties":{"objectid":8199,"type":"Normal","st_length(shape)":154.1373519281988,"slopelessthan5":null,"slopebtwn5and833":null}},{"type":"Feature","id":8200,"geometry":{"type":"LineString","coordinates":[[-80.427606331581643,37.230029221411769],[-80.427516442842204,37.23006598521944],[-80.427471972807879,37.230019877130658],[-80.427864342652924,37.229728387893125],[-80.427849120701836,37.229697413376343],[-80.42770227492727,37.229490317498993]]},"properties":{"objectid":8200,"type":"Normal","st_length(shape)":305.31599036136078,"slopelessthan5":null,"slopebtwn5and833":null}},{"type":"Feature","id":8201,"geometry":{"type":"LineString","coordinates":[[-80.427271884822858,37.230406532281727],[-80.427312431589399,37.230446293681801]]},"properties":{"objectid":8201,"type":"Normal","st_length(shape)":18.679606559643151,"slopelessthan5":null,"slopebtwn5and833":null}},{"type":"Feature","id":8202,"geometry":{"type":"LineString","coordinates":[[-80.427312431589399,37.230446293681801],[-80.427324423801863,37.230458052489183]]},"properties":{"objectid":8202,"type":"Normal","st_length(shape)":5.5244092180260624,"slopelessthan5":null,"slopebtwn5and833":null}},{"type":"Feature","id":5845,"geometry":{"type":"LineString","coordinates":[[-80.424650147838037,37.230675162790867],[-80.424664427909732,37.230687589362091],[-80.424675844243083,37.230699278508666],[-80.424298318617332,37.230987927273375]]},"properties":{"objectid":5845,"type":"Normal","st_length(shape)":163.61424119077273,"slopelessthan5":null,"slopebtwn5and833":null}},{"type":"Feature","id":8188,"geometry":{"type":"LineString","coordinates":[[-80.425289151204979,37.230849054637076],[-80.424850283486947,37.23071159649362],[-80.424963195688292,37.230614304183717],[-80.424934677096488,37.230588254432433],[-80.424617593480093,37.23059427720915]]},"properties":{"objectid":8188,"type":"Normal","st_length(shape)":290.49203793498179,"slopelessthan5":null,"slopebtwn5and833":null}},{"type":"Feature","id":8230,"geometry":{"type":"LineString","coordinates":[[-80.425327743687276,37.230820147493567],[-80.425289151204979,37.230849054637076]]},"properties":{"objectid":8230,"type":"Normal","st_length(shape)":15.395158169166404,"slopelessthan5":null,"slopebtwn5and833":null}},{"type":"Feature","id":8235,"geometry":{"type":"LineString","coordinates":[[-80.426368203917804,37.230356002978596],[-80.426400639160121,37.230398809997332],[-80.426490151400472,37.230492985107617]]},"properties":{"objectid":8235,"type":"Normal","st_length(shape)":61.291059854358636,"slopelessthan5":null,"slopebtwn5and833":null}},{"type":"Feature","id":8236,"geometry":{"type":"LineString","coordinates":[[-80.426308486770836,37.230185547383165],[-80.426295587214199,37.230260165001305],[-80.426368203917804,37.230356002978596]]},"properties":{"objectid":8236,"type":"Normal","st_length(shape)":68.225054908250243,"slopelessthan5":null,"slopebtwn5and833":null}},{"type":"Feature","id":8237,"geometry":{"type":"LineString","coordinates":[[-80.426720944694011,37.229906529729021],[-80.426599240265389,37.229974795491316]]},"properties":{"objectid":8237,"type":"Normal","st_length(shape)":43.280960505077331,"slopelessthan5":null,"slopebtwn5and833":null}},{"type":"Feature","id":8239,"geometry":{"type":"LineString","coordinates":[[-80.424968583746875,37.229589144691744],[-80.42497765353761,37.229582062327914]]},"properties":{"objectid":8239,"type":"Normal","st_length(shape)":3.6907914635739107,"slopelessthan5":null,"slopebtwn5and833":null}},{"type":"Feature","id":6131,"geometry":{"type":"LineString","coordinates":[[-80.424610814837877,37.229818794497639],[-80.424862782078392,37.22964153822106],[-80.424948816033591,37.229717398556481],[-80.42496247508079,37.229712330527661]]},"properties":{"objectid":6131,"type":"Normal","st_length(shape)":139.3757633008228,"slopelessthan5":null,"slopebtwn5and833":null}},{"type":"Feature","id":8243,"geometry":{"type":"LineString","coordinates":[[-80.424474454927179,37.230057745527418],[-80.424384757954186,37.229977822105113],[-80.424610814837877,37.229818794497639]]},"properties":{"objectid":8243,"type":"Normal","st_length(shape)":126.75691823226485,"slopelessthan5":null,"slopebtwn5and833":null}},{"type":"Feature","id":8244,"geometry":{"type":"LineString","coordinates":[[-80.424610814837877,37.229818794497639],[-80.42462314970868,37.229831414116624]]},"properties":{"objectid":8244,"type":"Normal","st_length(shape)":5.8316163159019707,"slopelessthan5":null,"slopebtwn5and833":null}},{"type":"Feature","id":8238,"geometry":{"type":"LineString","coordinates":[[-80.424968583746875,37.229589144691744],[-80.424929406569518,37.229556612789096],[-80.424891805481082,37.229583978680495],[-80.42480873807682,37.229585188089061],[-80.424540383982205,37.229749029063548]]},"properties":{"objectid":8238,"type":"Normal","st_length(shape)":153.7320858988991,"slopelessthan5":null,"slopebtwn5and833":null}},{"type":"Feature","id":6647,"geometry":{"type":"LineString","coordinates":[[-80.42770227492727,37.229490317498993],[-80.427857596396038,37.229554246887723],[-80.428019369304451,37.229756174169182],[-80.428044124630276,37.22980298620638],[-80.428049105100001,37.229828386809281],[-80.428062180300927,37.229860610392294],[-80.428104542712688,37.229913684450352],[-80.428126381925608,37.229931805819447],[-80.428132593732215,37.229948797172206],[-80.428119015842327,37.230000672332892]]},"properties":{"objectid":6647,"type":"Normal","st_length(shape)":236.20166859696897,"slopelessthan5":null,"slopebtwn5and833":null}},{"type":"Feature","id":5813,"geometry":{"type":"LineString","coordinates":[[-80.423500941659313,37.229557420005797],[-80.423490419308678,37.229547669259084],[-80.423403953412915,37.229474607994987],[-80.423159118361852,37.229259722730767],[-80.423129339185877,37.229274718719587],[-80.423097644275416,37.229285068195601],[-80.423064753817897,37.229290535992902],[-80.423031415166577,37.229290997869498],[-80.422998385858733,37.229286443330395],[-80.422922229035549,37.229339805037348]]},"properties":{"objectid":5813,"type":"Normal","st_length(shape)":226.12278266074367,"slopelessthan5":null,"slopebtwn5and833":null}},{"type":"Feature","id":7511,"geometry":{"type":"LineString","coordinates":[[-80.423298089987824,37.225182798127612],[-80.42326295580564,37.225149933947932],[-80.423215676770113,37.225072940800153]]},"properties":{"objectid":7511,"type":"Normal","st_length(shape)":46.972440227634237,"slopelessthan5":null,"slopebtwn5and833":null}},{"type":"Feature","id":5840,"geometry":{"type":"LineString","coordinates":[[-80.423745695564634,37.225035105001602],[-80.423718160662332,37.224986259949553]]},"properties":{"objectid":5840,"type":"Normal","st_length(shape)":19.507655466522372,"slopelessthan5":null,"slopebtwn5and833":null}},{"type":"Feature","id":7512,"geometry":{"type":"LineString","coordinates":[[-80.423779011514057,37.225997751972201],[-80.423788388548772,37.226011890770444],[-80.423912625223764,37.226093136220591]]},"properties":{"objectid":7512,"type":"Normal","st_length(shape)":52.55407533426439,"slopelessthan5":null,"slopebtwn5and833":null}},{"type":"Feature","id":5848,"geometry":{"type":"LineString","coordinates":[[-80.422922229035549,37.229339805037348],[-80.422988357621307,37.229404867409315],[-80.423056946899067,37.229357964951163]]},"properties":{"objectid":5848,"type":"Normal","st_length(shape)":56.800817508560698,"slopelessthan5":null,"slopebtwn5and833":null}},{"type":"Feature","id":5871,"geometry":{"type":"LineString","coordinates":[[-80.423288015583921,37.225823660917754],[-80.423466395739808,37.22588099506121],[-80.423473504085507,37.225864933752462]]},"properties":{"objectid":5871,"type":"Normal","st_length(shape)":62.177143315073316,"slopelessthan5":null,"slopebtwn5and833":null}},{"type":"Feature","id":5869,"geometry":{"type":"LineString","coordinates":[[-80.423187517573737,37.221883532148773],[-80.42346731598434,37.22249151391091]]},"properties":{"objectid":5869,"type":"Normal","st_length(shape)":235.87782508439844,"slopelessthan5":null,"slopebtwn5and833":null}},{"type":"Feature","id":5873,"geometry":{"type":"LineString","coordinates":[[-80.42383041034978,37.229658672507576],[-80.423620558844391,37.22947064040838]]},"properties":{"objectid":5873,"type":"Normal","st_length(shape)":91.758560589818643,"slopelessthan5":null,"slopebtwn5and833":null}},{"type":"Feature","id":5880,"geometry":{"type":"LineString","coordinates":[[-80.423779011514057,37.225997751972201],[-80.42374615531574,37.225909020004217],[-80.423726458341065,37.225862008403183],[-80.423722362329173,37.225850968975713],[-80.423719880510319,37.225839458682607],[-80.423719063494786,37.225827712246641],[-80.423719927943523,37.225815969206124],[-80.42372018846558,37.225803035213147],[-80.423718509406385,37.225790208023035],[-80.423714928623767,37.225777776850855],[-80.423692086422562,37.22572383787859],[-80.423677085951169,37.225696589644969]]},"properties":{"objectid":5880,"type":"Normal","st_length(shape)":114.37337988438523,"slopelessthan5":null,"slopebtwn5and833":null}},{"type":"Feature","id":5850,"geometry":{"type":"LineString","coordinates":[[-80.423620558844391,37.22947064040838],[-80.4236745166085,37.229432544499844]]},"properties":{"objectid":5850,"type":"Normal","st_length(shape)":20.956326802302979,"slopelessthan5":null,"slopebtwn5and833":null}},{"type":"Feature","id":5878,"geometry":{"type":"LineString","coordinates":[[-80.423620558844391,37.22947064040838],[-80.423210365961836,37.229119288339049],[-80.423836841844306,37.22865328652469],[-80.423859177246911,37.228636672399162]]},"properties":{"objectid":5878,"type":"Normal","st_length(shape)":432.99306208309588,"slopelessthan5":null,"slopebtwn5and833":null}},{"type":"Feature","id":5894,"geometry":{"type":"LineString","coordinates":[[-80.423338291638629,37.23013704524611],[-80.423246327310608,37.230061740033918]]},"properties":{"objectid":5894,"type":"Normal","st_length(shape)":38.322407377730819,"slopelessthan5":null,"slopebtwn5and833":null}},{"type":"Feature","id":5903,"geometry":{"type":"LineString","coordinates":[[-80.423541789601543,37.229999309632881],[-80.423452570565715,37.229919433610391]]},"properties":{"objectid":5903,"type":"Normal","st_length(shape)":38.993314152592816,"slopelessthan5":null,"slopebtwn5and833":null}},{"type":"Feature","id":5913,"geometry":{"type":"LineString","coordinates":[[-80.423788790170718,37.223182677379768],[-80.423801520712175,37.223209896803759],[-80.423994094615281,37.223608047480042],[-80.424058798856223,37.223765423733582],[-80.423677878993075,37.223882868629694],[-80.423482182291465,37.223849439654835],[-80.423398189593414,37.223874020875002]]},"properties":{"objectid":5913,"type":"Normal","st_length(shape)":429.50021986470824,"slopelessthan5":null,"slopebtwn5and833":null}},{"type":"Feature","id":5914,"geometry":{"type":"LineString","coordinates":[[-80.423435868376814,37.223960279649354],[-80.423398189593414,37.223874020875002]]},"properties":{"objectid":5914,"type":"Normal","st_length(shape)":33.267229223992921,"slopelessthan5":null,"slopebtwn5and833":null}},{"type":"Feature","id":5915,"geometry":{"type":"LineString","coordinates":[[-80.423117342360356,37.22374315144846],[-80.423095870543207,37.223760167786999],[-80.423021004731922,37.223779840367982]]},"properties":{"objectid":5915,"type":"Normal","st_length(shape)":31.746173684124191,"slopelessthan5":null,"slopebtwn5and833":null}},{"type":"Feature","id":5921,"geometry":{"type":"LineString","coordinates":[[-80.422822442350167,37.221200239003963],[-80.422833411544616,37.221212112938659],[-80.422843205366732,37.221224973521863],[-80.422885150970231,37.221288655239732],[-80.423064560004434,37.221656128594788],[-80.42314324741406,37.221787335000307],[-80.423187517573737,37.221883532148773]]},"properties":{"objectid":5921,"type":"Normal","st_length(shape)":270.99762439169172,"slopelessthan5":null,"slopebtwn5and833":null}},{"type":"Feature","id":5932,"geometry":{"type":"LineString","coordinates":[[-80.423663949382885,37.222939333497408],[-80.423751024120008,37.223123331513229],[-80.423788790170718,37.223182677379768]]},"properties":{"objectid":5932,"type":"Normal","st_length(shape)":95.873929723722625,"slopelessthan5":null,"slopebtwn5and833":null}},{"type":"Feature","id":5930,"geometry":{"type":"LineString","coordinates":[[-80.422822442350167,37.221200239003963],[-80.422800346485943,37.221219232969929],[-80.422635355395656,37.221271717404804],[-80.422625684672028,37.221266591617855]]},"properties":{"objectid":5930,"type":"Normal","st_length(shape)":64.525019939651486,"slopelessthan5":null,"slopebtwn5and833":null}},{"type":"Feature","id":5978,"geometry":{"type":"LineString","coordinates":[[-80.423297116552675,37.2229000607595],[-80.423268779815714,37.222830939011821]]},"properties":{"objectid":5978,"type":"Normal","st_length(shape)":26.484735982891447,"slopelessthan5":null,"slopebtwn5and833":null}},{"type":"Feature","id":5964,"geometry":{"type":"LineString","coordinates":[[-80.423863485952481,37.233071120245839],[-80.423827787817714,37.233059312106974],[-80.423288207659155,37.232880827149735],[-80.422635362309933,37.23265604082745],[-80.422592967902176,37.232617724758086]]},"properties":{"objectid":5964,"type":"Normal","st_length(shape)":406.80166002362756,"slopelessthan5":null,"slopebtwn5and833":null}},{"type":"Feature","id":5972,"geometry":{"type":"LineString","coordinates":[[-80.423273582350717,37.228092026074478],[-80.423253852518869,37.228070983559896]]},"properties":{"objectid":5972,"type":"Normal","st_length(shape)":9.5756866868792621,"slopelessthan5":null,"slopebtwn5and833":null}},{"type":"Feature","id":6056,"geometry":{"type":"LineString","coordinates":[[-80.423614697472004,37.221312761280082],[-80.423567739045069,37.221222441191394],[-80.423525238225864,37.221212665433505],[-80.423444155498615,37.221191310534536],[-80.423119040088451,37.221105647206748]]},"properties":{"objectid":6056,"type":"Normal","st_length(shape)":173.01643132972876,"slopelessthan5":null,"slopebtwn5and833":null}},{"type":"Feature","id":6062,"geometry":{"type":"LineString","coordinates":[[-80.423187517573737,37.221883532148773],[-80.42310503409827,37.222040791580049],[-80.422972836589096,37.222307701511582],[-80.422898382589267,37.222458026182203],[-80.422735962874754,37.222765846149535],[-80.422712403452778,37.22281049548473]]},"properties":{"objectid":6062,"type":"Normal","st_length(shape)":364.7735962757223,"slopelessthan5":null,"slopebtwn5and833":null}},{"type":"Feature","id":6069,"geometry":{"type":"LineString","coordinates":[[-80.423210365961836,37.229119288339049],[-80.423014213774479,37.228951537953762],[-80.423207592341868,37.228802224911881],[-80.423200444682863,37.228750271638823],[-80.423399087870422,37.22860262277981],[-80.423468342563481,37.228612829730544],[-80.423666786128678,37.228468040719164],[-80.423859177246911,37.228636672399162]]},"properties":{"objectid":6069,"type":"Normal","st_length(shape)":441.69221061182537,"slopelessthan5":null,"slopebtwn5and833":null}},{"type":"Feature","id":6064,"geometry":{"type":"LineString","coordinates":[[-80.422846068793561,37.229393169452543],[-80.422811436797772,37.229363097227676],[-80.423066309420051,37.22917249728566],[-80.423166655453571,37.229151520990904],[-80.423210365961836,37.229119288339049]]},"properties":{"objectid":6064,"type":"Normal","st_length(shape)":163.98889867295827,"slopelessthan5":null,"slopebtwn5and833":null}},{"type":"Feature","id":6051,"geometry":{"type":"LineString","coordinates":[[-80.42291199169955,37.225619655168643],[-80.422841054655819,37.225621739979445],[-80.422757509527443,37.225657914708442]]},"properties":{"objectid":6051,"type":"Normal","st_length(shape)":48.328757920597546,"slopelessthan5":null,"slopebtwn5and833":null}},{"type":"Feature","id":6077,"geometry":{"type":"LineString","coordinates":[[-80.42337638650865,37.228204680374951],[-80.423388582259122,37.228215618791033],[-80.423544912897682,37.228209450968642],[-80.423635479241085,37.228222727289456],[-80.42414454851162,37.228259465525127]]},"properties":{"objectid":6077,"type":"Normal","st_length(shape)":226.5264419617385,"slopelessthan5":null,"slopebtwn5and833":null}},{"type":"Feature","id":6118,"geometry":{"type":"LineString","coordinates":[[-80.423297116552675,37.2229000607595],[-80.42276594817767,37.223059120614714]]},"properties":{"objectid":6118,"type":"Normal","st_length(shape)":165.14373553970637,"slopelessthan5":null,"slopebtwn5and833":null}},{"type":"Feature","id":6116,"geometry":{"type":"LineString","coordinates":[[-80.424114848601363,37.231318950035686],[-80.424005637791623,37.231399957200416]]},"properties":{"objectid":6116,"type":"Normal","st_length(shape)":43.368251485622523,"slopelessthan5":null,"slopebtwn5and833":null}},{"type":"Feature","id":6102,"geometry":{"type":"LineString","coordinates":[[-80.42291199169955,37.225619655168643],[-80.422914302423052,37.225685671554338]]},"properties":{"objectid":6102,"type":"Normal","st_length(shape)":24.045596327926411,"slopelessthan5":null,"slopebtwn5and833":null}},{"type":"Feature","id":6123,"geometry":{"type":"LineString","coordinates":[[-80.422986641343584,37.220815400481712],[-80.422986533076823,37.220789030728859],[-80.42296104309996,37.220783128029275],[-80.422561585643479,37.22069063493052],[-80.422480701614205,37.220681739074351]]},"properties":{"objectid":6123,"type":"Normal","st_length(shape)":162.18835251418551,"slopelessthan5":null,"slopebtwn5and833":null}},{"type":"Feature","id":6165,"geometry":{"type":"LineString","coordinates":[[-80.42267000529074,37.218468490607236],[-80.422648647498548,37.218370549176328]]},"properties":{"objectid":6165,"type":"Normal","st_length(shape)":36.19809545536053,"slopelessthan5":null,"slopebtwn5and833":null}},{"type":"Feature","id":6166,"geometry":{"type":"LineString","coordinates":[[-80.422648647498548,37.218370549176328],[-80.422808100766218,37.218353226422458]]},"properties":{"objectid":6166,"type":"Normal","st_length(shape)":46.856071710137321,"slopelessthan5":null,"slopebtwn5and833":null}},{"type":"Feature","id":6172,"geometry":{"type":"LineString","coordinates":[[-80.423905752714802,37.219385469379674],[-80.423888514690674,37.219392381101208],[-80.423862819950998,37.219392799929999],[-80.423862600143067,37.219416676684112],[-80.42373574973486,37.219417418498729]]},"properties":{"objectid":6172,"type":"Normal","st_length(shape)":58.728500664686116,"slopelessthan5":null,"slopebtwn5and833":null}},{"type":"Feature","id":6175,"geometry":{"type":"LineString","coordinates":[[-80.422756552846593,37.222838679511369],[-80.422712403452778,37.22281049548473]]},"properties":{"objectid":6175,"type":"Normal","st_length(shape)":16.44821523725934,"slopelessthan5":null,"slopebtwn5and833":null}},{"type":"Feature","id":6251,"geometry":{"type":"LineString","coordinates":[[-80.422414551984673,37.224127348268446],[-80.422439829391351,37.2241800004401],[-80.422543307728603,37.224172782979366],[-80.422669786994547,37.224146715395122],[-80.422718565697537,37.224154933650134],[-80.423139366971427,37.224031784128293],[-80.423106756430869,37.22395931071383]]},"properties":{"objectid":6251,"type":"Normal","st_length(shape)":261.83039994418556,"slopelessthan5":null,"slopebtwn5and833":null}},{"type":"Feature","id":6286,"geometry":{"type":"LineString","coordinates":[[-80.422926589908911,37.220477530988795],[-80.422918020364676,37.220477670602577],[-80.422939221856993,37.220503255078953],[-80.422940154175507,37.220529678101954],[-80.422940831096554,37.220548862581978],[-80.42296399227375,37.22054935497507],[-80.422969759113997,37.220759051576863],[-80.42296104309996,37.220783128029275]]},"properties":{"objectid":6286,"type":"Normal","st_length(shape)":122.52285263591028,"slopelessthan5":null,"slopebtwn5and833":null}},{"type":"Feature","id":6307,"geometry":{"type":"LineString","coordinates":[[-80.423546824507483,37.222299827770669],[-80.423574222231267,37.222288978675039],[-80.423633433020655,37.222234850673743],[-80.423913534713193,37.221966103340513]]},"properties":{"objectid":6307,"type":"Normal","st_length(shape)":162.46674563156489,"slopelessthan5":null,"slopebtwn5and833":null}},{"type":"Feature","id":6310,"geometry":{"type":"LineString","coordinates":[[-80.423913534713193,37.221966103340513],[-80.423874836566597,37.221867999544074]]},"properties":{"objectid":6310,"type":"Normal","st_length(shape)":37.45405616371054,"slopelessthan5":null,"slopebtwn5and833":null}},{"type":"Feature","id":6374,"geometry":{"type":"LineString","coordinates":[[-80.423119040088451,37.221105647206748],[-80.423037539664563,37.220972110838105],[-80.423037618589532,37.220971625563678]]},"properties":{"objectid":6374,"type":"Normal","st_length(shape)":54.280106893180708,"slopelessthan5":null,"slopebtwn5and833":null}},{"type":"Feature","id":6379,"geometry":{"type":"LineString","coordinates":[[-80.422986641343584,37.220815400481712],[-80.422968398470076,37.220817744511116],[-80.422925154096788,37.220820311693814],[-80.422882058112179,37.220815906883104],[-80.422840227277604,37.220804644222383],[-80.422799559488027,37.220800234802631],[-80.422758661384648,37.220801045501425],[-80.42271820028347,37.220807063090952],[-80.42267883637011,37.220818189384914],[-80.422641211927882,37.220834242840567],[-80.422605940857892,37.220854961520885],[-80.422551133243019,37.220919383846891]]},"properties":{"objectid":6379,"type":"Normal","st_length(shape)":145.07801094596527,"slopelessthan5":null,"slopebtwn5and833":null}},{"type":"Feature","id":6382,"geometry":{"type":"LineString","coordinates":[[-80.423346929394015,37.222594953725292],[-80.42346731598434,37.22249151391091]]},"properties":{"objectid":6382,"type":"Normal","st_length(shape)":51.449718267288574,"slopelessthan5":null,"slopebtwn5and833":null}},{"type":"Feature","id":6383,"geometry":{"type":"LineString","coordinates":[[-80.422735962874754,37.222765846149535],[-80.423346929394015,37.222594953725292],[-80.423521203352692,37.22260860726491]]},"properties":{"objectid":6383,"type":"Normal","st_length(shape)":239.44403479643043,"slopelessthan5":null,"slopebtwn5and833":null}},{"type":"Feature","id":6371,"geometry":{"type":"LineString","coordinates":[[-80.423566116193683,37.221648165767633],[-80.423277028048872,37.221718192617708],[-80.423016740499861,37.221147686903791],[-80.423010433824956,37.221131719794421]]},"properties":{"objectid":6371,"type":"Normal","st_length(shape)":315.15817596438791,"slopelessthan5":null,"slopebtwn5and833":null}},{"type":"Feature","id":6436,"geometry":{"type":"LineString","coordinates":[[-80.422769203258838,37.223257388357908],[-80.423021004731922,37.223779840367982]]},"properties":{"objectid":6436,"type":"Normal","st_length(shape)":203.86104176678944,"slopelessthan5":null,"slopebtwn5and833":null}},{"type":"Feature","id":6444,"geometry":{"type":"LineString","coordinates":[[-80.422673879717138,37.221666074922162],[-80.422715915023119,37.221688851453351],[-80.422860979380374,37.221859230709903]]},"properties":{"objectid":6444,"type":"Normal","st_length(shape)":89.832618680190905,"slopelessthan5":null,"slopebtwn5and833":null}},{"type":"Feature","id":6463,"geometry":{"type":"LineString","coordinates":[[-80.423532362493745,37.22575953769767],[-80.423577124582621,37.225679491852858]]},"properties":{"objectid":6463,"type":"Normal","st_length(shape)":31.925441123679668,"slopelessthan5":null,"slopebtwn5and833":null}},{"type":"Feature","id":6552,"geometry":{"type":"LineString","coordinates":[[-80.423253852518869,37.228070983559896],[-80.423186614798425,37.228110940497324],[-80.423158639291813,37.228124424583605],[-80.423128824518187,37.228133115315828],[-80.42310749562165,37.228140108244858],[-80.423087550151806,37.22815040392922],[-80.423069495711744,37.228163740348457],[-80.4229997785161,37.22821415187623],[-80.42297583234209,37.228202025346249],[-80.422950230689395,37.228193961391959],[-80.42292365742523,37.228190175416408],[-80.422896822370319,37.228190768549965],[-80.422870442338322,37.228195724948932],[-80.422845221988368,37.228204912218786],[-80.422821835002367,37.228218084950662],[-80.422800906089705,37.228234891276685],[-80.422782994300121,37.228254882268978],[-80.422768578090427,37.228277523931403],[-80.422758042544089,37.228302211463536],[-80.422751669084917,37.228328285416005],[-80.422749627959718,37.22835504930562],[-80.422751973690694,37.228381788219686],[-80.422758643619062,37.228407787912658],[-80.422730467117958,37.228424261736087],[-80.422709048089303,37.22843765396059],[-80.422675452578346,37.228476392062191],[-80.422564247444825,37.228571704940336],[-80.422478614283449,37.228638566885905]]},"properties":{"objectid":6552,"type":"Normal","st_length(shape)":338.96738229186104,"slopelessthan5":null,"slopebtwn5and833":null}},{"type":"Feature","id":6564,"geometry":{"type":"LineString","coordinates":[[-80.423253852518869,37.228070983559896],[-80.423409769840148,37.227978326665145],[-80.423427521051394,37.227996914759323]]},"properties":{"objectid":6564,"type":"Normal","st_length(shape)":65.072901441122184,"slopelessthan5":null,"slopebtwn5and833":null}},{"type":"Feature","id":6548,"geometry":{"type":"LineString","coordinates":[[-80.423979059089561,37.232732689345397],[-80.423863485952481,37.233071120245839]]},"properties":{"objectid":6548,"type":"Normal","st_length(shape)":127.73189785131274,"slopelessthan5":null,"slopebtwn5and833":null}},{"type":"Feature","id":6625,"geometry":{"type":"LineString","coordinates":[[-80.423144947109151,37.230263046233901],[-80.423338291638629,37.23013704524611],[-80.423436403359801,37.230073106824271],[-80.423541789601543,37.229999309632881],[-80.423728033063583,37.229868891149231]]},"properties":{"objectid":6625,"type":"Normal","st_length(shape)":222.32384493017531,"slopelessthan5":null,"slopebtwn5and833":null}},{"type":"Feature","id":7527,"geometry":{"type":"LineString","coordinates":[[-80.423939753266794,37.223134447885933],[-80.423920696720728,37.223139954395627],[-80.423797346551268,37.223176260492643],[-80.423788790170718,37.223182677379768]]},"properties":{"objectid":7527,"type":"Normal","st_length(shape)":47.585343163148565,"slopelessthan5":null,"slopebtwn5and833":null}},{"type":"Feature","id":6758,"geometry":{"type":"LineString","coordinates":[[-80.422573727076866,37.221153135559312],[-80.42261023045603,37.221142697068039],[-80.422647908796222,37.221138027863532],[-80.422685855982522,37.221139240234073],[-80.422723159434611,37.22114630502373],[-80.42275892205312,37.221159052333533],[-80.422792283793754,37.221177175607302],[-80.422822442350167,37.221200239003963]]},"properties":{"objectid":6758,"type":"Normal","st_length(shape)":79.984935328787046,"slopelessthan5":null,"slopebtwn5and833":null}},{"type":"Feature","id":7532,"geometry":{"type":"LineString","coordinates":[[-80.422900668249113,37.22344904035576],[-80.422830718402466,37.223468473207937],[-80.422764193731268,37.223463575998579],[-80.422753750766631,37.223465576616093]]},"properties":{"objectid":7532,"type":"Normal","st_length(shape)":44.138508385434889,"slopelessthan5":null,"slopebtwn5and833":null}},{"type":"Feature","id":6759,"geometry":{"type":"LineString","coordinates":[[-80.422822442350167,37.221200239003963],[-80.422854714454232,37.221180289728373],[-80.42290826883314,37.221153696465166],[-80.422978806797346,37.221141065834878]]},"properties":{"objectid":6759,"type":"Normal","st_length(shape)":51.278618316171588,"slopelessthan5":null,"slopebtwn5and833":null}},{"type":"Feature","id":6760,"geometry":{"type":"LineString","coordinates":[[-80.423612420685231,37.222805576717008],[-80.423297116552675,37.2229000607595]]},"properties":{"objectid":6760,"type":"Normal","st_length(shape)":98.038614307717211,"slopelessthan5":null,"slopebtwn5and833":null}},{"type":"Feature","id":6744,"geometry":{"type":"LineString","coordinates":[[-80.423957068755954,37.220642697034997],[-80.423871138441754,37.220668535990455],[-80.42354426397975,37.220709876082772],[-80.423418568077466,37.220729562586357]]},"properties":{"objectid":6744,"type":"Normal","st_length(shape)":160.38427244976108,"slopelessthan5":null,"slopebtwn5and833":null}},{"type":"Feature","id":6756,"geometry":{"type":"LineString","coordinates":[[-80.423037618589532,37.220971625563678],[-80.423042225682522,37.220943087108942],[-80.423038611795775,37.220933415746728],[-80.42300632713598,37.220889073217421],[-80.422990457451604,37.220843583590735]]},"properties":{"objectid":6756,"type":"Normal","st_length(shape)":50.029201194746335,"slopelessthan5":null,"slopebtwn5and833":null}},{"type":"Feature","id":6745,"geometry":{"type":"LineString","coordinates":[[-80.422990457451604,37.220843583590735],[-80.422986641343584,37.220815400481712]]},"properties":{"objectid":6745,"type":"Normal","st_length(shape)":10.321284343063326,"slopelessthan5":null,"slopebtwn5and833":null}},{"type":"Feature","id":6789,"geometry":{"type":"LineString","coordinates":[[-80.423531064248166,37.222306068222728],[-80.423546824507483,37.222299827770669]]},"properties":{"objectid":6789,"type":"Normal","st_length(shape)":5.1205384452994238,"slopelessthan5":null,"slopebtwn5and833":null}},{"type":"Feature","id":6788,"geometry":{"type":"LineString","coordinates":[[-80.423546824507483,37.222299827770669],[-80.423277028048872,37.221718192617708]]},"properties":{"objectid":6788,"type":"Normal","st_length(shape)":225.87046685978586,"slopelessthan5":null,"slopebtwn5and833":null}},{"type":"Feature","id":6885,"geometry":{"type":"LineString","coordinates":[[-80.423525166730712,37.229579868235383],[-80.423500941659313,37.229557420005797]]},"properties":{"objectid":6885,"type":"Normal","st_length(shape)":10.795583205028313,"slopelessthan5":null,"slopebtwn5and833":null}},{"type":"Feature","id":6891,"geometry":{"type":"LineString","coordinates":[[-80.423045829005417,37.231732503506073],[-80.423171562931827,37.231791573742747]]},"properties":{"objectid":6891,"type":"Normal","st_length(shape)":42.455439067875908,"slopelessthan5":null,"slopebtwn5and833":null}},{"type":"Feature","id":6890,"geometry":{"type":"LineString","coordinates":[[-80.422980196778099,37.231572467795829],[-80.423169275718024,37.231444893615951],[-80.423231040922673,37.231380397507465],[-80.423394356664133,37.231398743696637]]},"properties":{"objectid":6890,"type":"Normal","st_length(shape)":149.61486975413774,"slopelessthan5":null,"slopebtwn5and833":null}},{"type":"Feature","id":6906,"geometry":{"type":"LineString","coordinates":[[-80.42379087732543,37.222821827693295],[-80.423961380153969,37.223179862473344],[-80.423968473300704,37.223194966805259],[-80.423996493114501,37.223254630999612]]},"properties":{"objectid":6906,"type":"Normal","st_length(shape)":168.57051687916149,"slopelessthan5":null,"slopebtwn5and833":null}},{"type":"Feature","id":6909,"geometry":{"type":"LineString","coordinates":[[-80.423521203352692,37.22260860726491],[-80.423576906723881,37.222729643851515],[-80.423612420685231,37.222805576717008]]},"properties":{"objectid":6909,"type":"Normal","st_length(shape)":76.475661804069631,"slopelessthan5":null,"slopebtwn5and833":null}},{"type":"Feature","id":6911,"geometry":{"type":"LineString","coordinates":[[-80.423106756430869,37.22395931071383],[-80.423398189593414,37.223874020875002]]},"properties":{"objectid":6911,"type":"Normal","st_length(shape)":90.357130477730436,"slopelessthan5":null,"slopebtwn5and833":null}},{"type":"Feature","id":6912,"geometry":{"type":"LineString","coordinates":[[-80.423061951762136,37.223864517434649],[-80.423106756430869,37.22395931071383]]},"properties":{"objectid":6912,"type":"Normal","st_length(shape)":36.896788331071356,"slopelessthan5":null,"slopebtwn5and833":null}},{"type":"Feature","id":7535,"geometry":{"type":"LineString","coordinates":[[-80.42276594817767,37.223059120614714],[-80.422650430309659,37.223092806775597]]},"properties":{"objectid":7535,"type":"Normal","st_length(shape)":35.800878931135031,"slopelessthan5":null,"slopebtwn5and833":null}},{"type":"Feature","id":6136,"geometry":{"type":"LineString","coordinates":[[-80.423171562931827,37.231791573742747],[-80.423373114048616,37.231888065411177]]},"properties":{"objectid":6136,"type":"Normal","st_length(shape)":68.39064704869763,"slopelessthan5":null,"slopebtwn5and833":null}},{"type":"Feature","id":7008,"geometry":{"type":"LineString","coordinates":[[-80.423116106162482,37.23280614152381],[-80.423109935645471,37.232819444909452]]},"properties":{"objectid":7008,"type":"Normal","st_length(shape)":5.1660763216104506,"slopelessthan5":null,"slopebtwn5and833":null}},{"type":"Feature","id":7011,"geometry":{"type":"LineString","coordinates":[[-80.42315310510061,37.232884623465331],[-80.423174871065783,37.232841803221881]]},"properties":{"objectid":7011,"type":"Normal","st_length(shape)":16.829136752887067,"slopelessthan5":null,"slopebtwn5and833":null}},{"type":"Feature","id":7399,"geometry":{"type":"LineString","coordinates":[[-80.423521369923549,37.231519300640763],[-80.423558282100615,37.231542155008334]]},"properties":{"objectid":7399,"type":"Normal","st_length(shape)":13.591277222788293,"slopelessthan5":null,"slopebtwn5and833":null}},{"type":"Feature","id":6479,"geometry":{"type":"LineString","coordinates":[[-80.422980196778099,37.231572467795829],[-80.422842661781644,37.231430303117072],[-80.422866499206606,37.231405842518598],[-80.422661538082309,37.231263243744124],[-80.422660886808657,37.231237677801317]]},"properties":{"objectid":6479,"type":"Normal","st_length(shape)":165.13761230854635,"slopelessthan5":null,"slopebtwn5and833":null}},{"type":"Feature","id":7452,"geometry":{"type":"LineString","coordinates":[[-80.422478614283449,37.228638566885905],[-80.42253303710028,37.228682405704326],[-80.422603576904493,37.228738994694496]]},"properties":{"objectid":7452,"type":"Normal","st_length(shape)":51.581414525174935,"slopelessthan5":null,"slopebtwn5and833":null}},{"type":"Feature","id":7506,"geometry":{"type":"LineString","coordinates":[[-80.422735353416883,37.225949049779231],[-80.422718743896539,37.225925965423038],[-80.422591116906574,37.225867664709803],[-80.422524799506689,37.225968470759668],[-80.42251135106477,37.226029179305904]]},"properties":{"objectid":7506,"type":"Normal","st_length(shape)":116.41077216681335,"slopelessthan5":null,"slopebtwn5and833":null}},{"type":"Feature","id":7453,"geometry":{"type":"LineString","coordinates":[[-80.423462962593007,37.228142980250745],[-80.423437322832854,37.228126124081903],[-80.423368331040891,37.228079331625175],[-80.423316722242262,37.2280336222424]]},"properties":{"objectid":7453,"type":"Normal","st_length(shape)":58.424259989443961,"slopelessthan5":null,"slopebtwn5and833":null}},{"type":"Feature","id":7476,"geometry":{"type":"LineString","coordinates":[[-80.422727694746655,37.226098594393939],[-80.422737982010105,37.226120642512988],[-80.422836831935498,37.226091132226379],[-80.422798604512238,37.226035116606155],[-80.422745008666524,37.225961641131242],[-80.422735353416883,37.225949049779231]]},"properties":{"objectid":7476,"type":"Normal","st_length(shape)":98.870951926157773,"slopelessthan5":null,"slopebtwn5and833":null}},{"type":"Feature","id":7575,"geometry":{"type":"LineString","coordinates":[[-80.423277028048872,37.221718192617708],[-80.42325152916375,37.22172628523024],[-80.423207817766624,37.221888319760765]]},"properties":{"objectid":7575,"type":"Normal","st_length(shape)":68.34078166616375,"slopelessthan5":null,"slopebtwn5and833":null}},{"type":"Feature","id":7576,"geometry":{"type":"LineString","coordinates":[[-80.422520268818971,37.221487596033889],[-80.4225523021275,37.221506406762948]]},"properties":{"objectid":7576,"type":"Normal","st_length(shape)":11.571581043028553,"slopelessthan5":null,"slopebtwn5and833":null}},{"type":"Feature","id":7577,"geometry":{"type":"LineString","coordinates":[[-80.422468121616816,37.221008610964013],[-80.422499837195701,37.221032655217321],[-80.422542437509691,37.221078251176095],[-80.422573038584062,37.221122475243895],[-80.422573727076866,37.221153135559312]]},"properties":{"objectid":7577,"type":"Normal","st_length(shape)":63.015658851425343,"slopelessthan5":null,"slopebtwn5and833":null}},{"type":"Feature","id":7597,"geometry":{"type":"LineString","coordinates":[[-80.423957068755954,37.220642697034997],[-80.423947654983039,37.220610068140239],[-80.423954849363042,37.220471165094253]]},"properties":{"objectid":7597,"type":"Normal","st_length(shape)":62.809222059521439,"slopelessthan5":null,"slopebtwn5and833":null}},{"type":"Feature","id":8068,"geometry":{"type":"LineString","coordinates":[[-80.423129232131075,37.232388502159971],[-80.423092453701244,37.232390327955621],[-80.423068915582036,37.232399913483668],[-80.423053813126941,37.232409360685764]]},"properties":{"objectid":8068,"type":"Normal","st_length(shape)":24.000238680212867,"slopelessthan5":null,"slopebtwn5and833":null}},{"type":"Feature","id":8035,"geometry":{"type":"LineString","coordinates":[[-80.42272211765416,37.232522927273919],[-80.42294296404306,37.232364545852079]]},"properties":{"objectid":8035,"type":null,"st_length(shape)":86.365956020938469,"slopelessthan5":null,"slopebtwn5and833":null}},{"type":"Feature","id":8046,"geometry":{"type":"LineString","coordinates":[[-80.424114769560774,37.232657425004234],[-80.424065865848505,37.232672955332134],[-80.424021667464444,37.232690715327813],[-80.423979059089561,37.232732689345397]]},"properties":{"objectid":8046,"type":"Normal","st_length(shape)":49.402638735096744,"slopelessthan5":null,"slopebtwn5and833":null}},{"type":"Feature","id":8049,"geometry":{"type":"LineString","coordinates":[[-80.423875084891591,37.232553540950619],[-80.423883780480026,37.23253635961666],[-80.423931355681162,37.232412249353409],[-80.423965597132593,37.232362194734741]]},"properties":{"objectid":8049,"type":"Normal","st_length(shape)":74.7840754217317,"slopelessthan5":null,"slopebtwn5and833":null}},{"type":"Feature","id":8048,"geometry":{"type":"LineString","coordinates":[[-80.423817367690603,37.232598298248554],[-80.423863531148854,37.232617831054355],[-80.423905389236111,37.232627697470683],[-80.423979059089561,37.232732689345397]]},"properties":{"objectid":8048,"type":"Normal","st_length(shape)":71.741878306387264,"slopelessthan5":null,"slopebtwn5and833":null}},{"type":"Feature","id":8052,"geometry":{"type":"LineString","coordinates":[[-80.423922675895327,37.232589278934164],[-80.423905389236111,37.232627697470683]]},"properties":{"objectid":8052,"type":"Normal","st_length(shape)":14.865747351089421,"slopelessthan5":null,"slopebtwn5and833":null}},{"type":"Feature","id":8055,"geometry":{"type":"LineString","coordinates":[[-80.423965597132593,37.232362194734741],[-80.42394462934891,37.232296001196616],[-80.423943719613632,37.232260313576639],[-80.423927553462121,37.232223252297921]]},"properties":{"objectid":8055,"type":"Normal","st_length(shape)":52.149116792119671,"slopelessthan5":null,"slopebtwn5and833":null}},{"type":"Feature","id":8056,"geometry":{"type":"LineString","coordinates":[[-80.423927553462121,37.232223252297921],[-80.423852927087225,37.232161989014884],[-80.423761221983611,37.232107495937235],[-80.423675154112004,37.232050220603604]]},"properties":{"objectid":8056,"type":"Normal","st_length(shape)":96.999832230949934,"slopelessthan5":null,"slopebtwn5and833":null}},{"type":"Feature","id":8059,"geometry":{"type":"LineString","coordinates":[[-80.424163690280224,37.232290807542114],[-80.424069851605637,37.232311811037391],[-80.424008512522391,37.232333907974905],[-80.423965597132593,37.232362194734741]]},"properties":{"objectid":8059,"type":"Normal","st_length(shape)":64.146708815283958,"slopelessthan5":null,"slopebtwn5and833":null}},{"type":"Feature","id":8060,"geometry":{"type":"LineString","coordinates":[[-80.424163690280224,37.232290807542114],[-80.424242086699905,37.232300889416884]]},"properties":{"objectid":8060,"type":"Normal","st_length(shape)":23.11658297971913,"slopelessthan5":null,"slopebtwn5and833":null}},{"type":"Feature","id":8058,"geometry":{"type":"LineString","coordinates":[[-80.423447711996232,37.232136256932868],[-80.423374261906389,37.232160984332609],[-80.423299023162855,37.232175193136513],[-80.423198518092349,37.232173585060337]]},"properties":{"objectid":8058,"type":"Normal","st_length(shape)":74.973598775010572,"slopelessthan5":null,"slopebtwn5and833":null}},{"type":"Feature","id":8064,"geometry":{"type":"LineString","coordinates":[[-80.42294296404306,37.232364545852079],[-80.422978974528291,37.232392790329293],[-80.423053813126941,37.232409360685764]]},"properties":{"objectid":8064,"type":"Normal","st_length(shape)":37.292714919463947,"slopelessthan5":null,"slopebtwn5and833":null}},{"type":"Feature","id":8066,"geometry":{"type":"LineString","coordinates":[[-80.423112452189955,37.23245257178727],[-80.423101324559397,37.232467475488662]]},"properties":{"objectid":8066,"type":"Normal","st_length(shape)":6.3198073987590142,"slopelessthan5":null,"slopebtwn5and833":null}},{"type":"Feature","id":8105,"geometry":{"type":"LineString","coordinates":[[-80.423813195717841,37.231058703245154],[-80.424114848601363,37.231318950035686]]},"properties":{"objectid":8105,"type":"Normal","st_length(shape)":129.19298999191187,"slopelessthan5":null,"slopebtwn5and833":null}},{"type":"Feature","id":8213,"geometry":{"type":"LineString","coordinates":[[-80.423728033063583,37.229868891149231],[-80.42364172625193,37.229788916435083]]},"properties":{"objectid":8213,"type":"Normal","st_length(shape)":38.460957700590427,"slopelessthan5":null,"slopebtwn5and833":null}},{"type":"Feature","id":8215,"geometry":{"type":"LineString","coordinates":[[-80.422691926780956,37.230708896312777],[-80.422622730340592,37.230766312845844],[-80.422595283369617,37.230784602533127],[-80.422544680652877,37.230812250604835]]},"properties":{"objectid":8215,"type":"Normal","st_length(shape)":57.276590724843089,"slopelessthan5":null,"slopebtwn5and833":null}},{"type":"Feature","id":6704,"geometry":{"type":"LineString","coordinates":[[-80.424170834411655,37.229422664473589],[-80.424152199657954,37.229436509981298],[-80.42383041034978,37.229658672507576],[-80.423704224900277,37.22974579188493],[-80.423697664249161,37.229750319584973],[-80.42364172625193,37.229788916435083],[-80.423452570565715,37.229919433610391],[-80.423246327310608,37.230061740033918],[-80.423104328325721,37.230159718154724],[-80.422975659842834,37.230256593883887],[-80.422723049130383,37.230428044132807],[-80.422525910587865,37.230564688711375]]},"properties":{"objectid":6704,"type":"Normal","st_length(shape)":634.27340150179555,"slopelessthan5":null,"slopebtwn5and833":null}},{"type":"Feature","id":8262,"geometry":{"type":"LineString","coordinates":[[-80.422539834714613,37.229590233909526],[-80.422553692679301,37.229625095082369],[-80.422602345741524,37.229671783062301]]},"properties":{"objectid":8262,"type":"Normal","st_length(shape)":35.445430216225752,"slopelessthan5":null,"slopebtwn5and833":null}},{"type":"Feature","id":8263,"geometry":{"type":"LineString","coordinates":[[-80.422602345741524,37.229671783062301],[-80.422769756093388,37.229832427931278]]},"properties":{"objectid":8263,"type":"Normal","st_length(shape)":76.135279863624092,"slopelessthan5":null,"slopebtwn5and833":null}},{"type":"Feature","id":8264,"geometry":{"type":"LineString","coordinates":[[-80.42309591441618,37.230166053338337],[-80.422860182448005,37.229919200320971]]},"properties":{"objectid":8264,"type":"Normal","st_length(shape)":113.08438842278031,"slopelessthan5":null,"slopebtwn5and833":null}},{"type":"Feature","id":8270,"geometry":{"type":"LineString","coordinates":[[-80.42252460542008,37.229980809651821],[-80.422671776949599,37.229884102609638],[-80.422791297107665,37.229853098538705]]},"properties":{"objectid":8270,"type":"Normal","st_length(shape)":92.040248190183746,"slopelessthan5":null,"slopebtwn5and833":null}},{"type":"Feature","id":8274,"geometry":{"type":"LineString","coordinates":[[-80.422791297107665,37.229853098538705],[-80.422860182448005,37.229919200320971]]},"properties":{"objectid":8274,"type":"Normal","st_length(shape)":31.327894319664946,"slopelessthan5":null,"slopebtwn5and833":null}},{"type":"Feature","id":9499,"geometry":{"type":"LineString","coordinates":[[-80.424120002972671,37.22886027234199],[-80.424042169244842,37.228912226386583]]},"properties":{"objectid":9499,"type":"Normal","st_length(shape)":29.518117274379023,"slopelessthan5":null,"slopebtwn5and833":null}},{"type":"Feature","id":9500,"geometry":{"type":"LineString","coordinates":[[-80.423859177246911,37.228636672399162],[-80.424041841166826,37.228744381577634]]},"properties":{"objectid":9500,"type":"Normal","st_length(shape)":66.076631658006121,"slopelessthan5":null,"slopebtwn5and833":null}},{"type":"Feature","id":5814,"geometry":{"type":"LineString","coordinates":[[-80.438519603182698,37.22448472850153],[-80.438457729159438,37.224452857648899],[-80.438393159688914,37.224426878244017],[-80.438326454266488,37.224407015398803],[-80.438258190895553,37.224393441225082],[-80.438188961079206,37.224386273343264],[-80.438119364694757,37.224385573863131],[-80.438050004795841,37.2243913488457],[-80.437981482386945,37.22440354825067],[-80.437914391215713,37.22442206637001],[-80.43784931262806,37.224446742743979],[-80.437786810530881,37.224477363551436],[-80.437638291014522,37.224609716467278],[-80.437511299308071,37.2247829549949],[-80.437564707843791,37.22492078239641]]},"properties":{"objectid":5814,"type":"Normal","st_length(shape)":418.57959198316536,"slopelessthan5":null,"slopebtwn5and833":null}},{"type":"Feature","id":5824,"geometry":{"type":"LineString","coordinates":[[-80.439482926080416,37.224983451849958],[-80.439462501482481,37.225067313872927],[-80.439436053141904,37.225149475228669],[-80.439403720144028,37.225229503850713],[-80.439365672520196,37.225306978888092],[-80.43932211035353,37.225381492918537],[-80.439273262726843,37.225452654090979],[-80.439219386517834,37.225520088186215],[-80.439160765048328,37.225583440584828]]},"properties":{"objectid":5824,"type":"Normal","st_length(shape)":240.23467495658088,"slopelessthan5":null,"slopebtwn5and833":null}},{"type":"Feature","id":5879,"geometry":{"type":"LineString","coordinates":[[-80.436897852701108,37.224632797909052],[-80.436910226781066,37.224455398723066],[-80.436911841644587,37.224432243461244],[-80.437089887895112,37.224438282238431]]},"properties":{"objectid":5879,"type":"Normal","st_length(shape)":125.02019212004676,"slopelessthan5":null,"slopebtwn5and833":null}},{"type":"Feature","id":5901,"geometry":{"type":"LineString","coordinates":[[-80.437173047991664,37.22532615719274],[-80.437318437929775,37.225277646891811]]},"properties":{"objectid":5901,"type":"Normal","st_length(shape)":45.867778835163016,"slopelessthan5":null,"slopebtwn5and833":null}},{"type":"Feature","id":5902,"geometry":{"type":"LineString","coordinates":[[-80.435962386574204,37.224266287591298],[-80.435971817419812,37.224116865803587]]},"properties":{"objectid":5902,"type":"Normal","st_length(shape)":54.472846016928521,"slopelessthan5":null,"slopebtwn5and833":null}},{"type":"Feature","id":6007,"geometry":{"type":"LineString","coordinates":[[-80.436696082781268,37.224769052616246],[-80.436278837811756,37.224759228633729],[-80.43609148848924,37.224758171198971],[-80.436089379747614,37.224805626860771],[-80.436085718327931,37.224878584592837],[-80.436084754047741,37.224914327318231]]},"properties":{"objectid":6007,"type":"Normal","st_length(shape)":232.97584901114379,"slopelessthan5":null,"slopebtwn5and833":null}},{"type":"Feature","id":6035,"geometry":{"type":"LineString","coordinates":[[-80.43799184651418,37.224008247607713],[-80.437877475096315,37.223807368772434],[-80.437700720960095,37.223873956246123]]},"properties":{"objectid":6035,"type":"Normal","st_length(shape)":137.25115546501192,"slopelessthan5":null,"slopebtwn5and833":null}},{"type":"Feature","id":6036,"geometry":{"type":"LineString","coordinates":[[-80.437877475096315,37.223807368772434],[-80.437817848068718,37.223688696748013]]},"properties":{"objectid":6036,"type":"Normal","st_length(shape)":46.565181227330406,"slopelessthan5":null,"slopebtwn5and833":null}},{"type":"Feature","id":6037,"geometry":{"type":"LineString","coordinates":[[-80.438682861447816,37.224764497215745],[-80.438519603182698,37.22448472850153],[-80.438082077554583,37.223734953016638],[-80.438048234106063,37.223676955840119]]},"properties":{"objectid":6037,"type":"Normal","st_length(shape)":436.95835273192927,"slopelessthan5":null,"slopebtwn5and833":null}},{"type":"Feature","id":6038,"geometry":{"type":"LineString","coordinates":[[-80.438082077554583,37.223734953016638],[-80.437877475096315,37.223807368772434]]},"properties":{"objectid":6038,"type":"Normal","st_length(shape)":65.145901899993675,"slopelessthan5":null,"slopebtwn5and833":null}},{"type":"Feature","id":6040,"geometry":{"type":"LineString","coordinates":[[-80.438646696095674,37.224922651110305],[-80.438773933901345,37.224920561269407]]},"properties":{"objectid":6040,"type":"Normal","st_length(shape)":37.053731666666692,"slopelessthan5":null,"slopebtwn5and833":null}},{"type":"Feature","id":6054,"geometry":{"type":"LineString","coordinates":[[-80.43723578372844,37.224838722373683],[-80.437304437492372,37.224980713266199],[-80.437244346541604,37.225048825375708],[-80.437162934666034,37.225132617310599],[-80.43708916740448,37.22520854169754],[-80.437046374033969,37.225238076957034]]},"properties":{"objectid":6054,"type":"Normal","st_length(shape)":175.87661640535461,"slopelessthan5":null,"slopebtwn5and833":null}},{"type":"Feature","id":7515,"geometry":{"type":"LineString","coordinates":[[-80.436826420371744,37.224779592378958],[-80.436835065564679,37.224839789712284],[-80.436838417987431,37.224858415282569],[-80.436844690859743,37.224876270300904],[-80.436853724399654,37.224892899966065],[-80.437082687891589,37.225303142297143],[-80.437087081460959,37.22530691499837],[-80.437092061125966,37.225309871290413],[-80.43709747691311,37.225311922138054],[-80.437103165714049,37.225313005775533],[-80.437108956198088,37.225313089566711],[-80.43711467397209,37.22531217098804],[-80.437120146832754,37.225310277704537],[-80.43715433484833,37.225297161743519]]},"properties":{"objectid":7515,"type":"Normal","st_length(shape)":229.14672701107594,"slopelessthan5":null,"slopebtwn5and833":null}},{"type":"Feature","id":6204,"geometry":{"type":"LineString","coordinates":[[-80.435962386574204,37.224266287591298],[-80.435948843997963,37.224569109606975],[-80.43586810950886,37.22456939725793]]},"properties":{"objectid":6204,"type":"Normal","st_length(shape)":133.83279395895426,"slopelessthan5":null,"slopebtwn5and833":null}},{"type":"Feature","id":6207,"geometry":{"type":"LineString","coordinates":[[-80.438466491598845,37.224391391252396],[-80.438634044615483,37.224333215844567]]},"properties":{"objectid":6207,"type":"Normal","st_length(shape)":53.184132045666203,"slopelessthan5":null,"slopebtwn5and833":null}},{"type":"Feature","id":6208,"geometry":{"type":"LineString","coordinates":[[-80.438738523735537,37.224859881654858],[-80.438888922461985,37.224788280018323]]},"properties":{"objectid":6208,"type":"Normal","st_length(shape)":50.962162920906763,"slopelessthan5":null,"slopebtwn5and833":null}},{"type":"Feature","id":6211,"geometry":{"type":"LineString","coordinates":[[-80.437638291014522,37.224609716467278],[-80.437594091859623,37.224464778200577]]},"properties":{"objectid":6211,"type":"Normal","st_length(shape)":54.317626825619222,"slopelessthan5":null,"slopebtwn5and833":null}},{"type":"Feature","id":6220,"geometry":{"type":"LineString","coordinates":[[-80.438123165350689,37.225215764232516],[-80.438029349289565,37.225350593801053]]},"properties":{"objectid":6220,"type":"Normal","st_length(shape)":56.178249241775099,"slopelessthan5":null,"slopebtwn5and833":null}},{"type":"Feature","id":6222,"geometry":{"type":"LineString","coordinates":[[-80.437209789498084,37.22458886678838],[-80.437209024671205,37.224605572031649],[-80.437204981269645,37.22461267735877],[-80.43719988878432,37.224619072776122],[-80.437193869474086,37.224624604744484],[-80.437187067848669,37.22462914045407],[-80.4371796471994,37.224632571012961],[-80.437171785678956,37.224634814061346],[-80.437163672024298,37.224635815748819],[-80.437155501025543,37.224635552027181],[-80.436897852701108,37.224632797909052]]},"properties":{"objectid":6222,"type":"Normal","st_length(shape)":101.64382804558346,"slopelessthan5":null,"slopebtwn5and833":null}},{"type":"Feature","id":6223,"geometry":{"type":"LineString","coordinates":[[-80.436385510919592,37.224221108146786],[-80.4363864661088,37.224065078340281],[-80.436387084767702,37.223964115321046],[-80.436392801783967,37.223954230072955],[-80.436399910658125,37.223945293277488],[-80.43640825674062,37.22393749934961],[-80.436417658467136,37.223931017841821],[-80.436427911308414,37.223925989755664],[-80.43643879221969,37.223922524474318],[-80.436473878667044,37.223917254963432]]},"properties":{"objectid":6223,"type":"Normal","st_length(shape)":126.04224066864035,"slopelessthan5":null,"slopebtwn5and833":null}},{"type":"Feature","id":7516,"geometry":{"type":"LineString","coordinates":[[-80.431426209796115,37.223231519946914],[-80.431432748557683,37.223224855211662],[-80.431485795558345,37.223258564915419],[-80.431792280460826,37.223238644724162],[-80.431944746592023,37.223073098972669],[-80.432059169134021,37.223058110596476],[-80.432181051880477,37.222944334654365]]},"properties":{"objectid":7516,"type":"Normal","st_length(shape)":275.50763209948104,"slopelessthan5":null,"slopebtwn5and833":null}},{"type":"Feature","id":6245,"geometry":{"type":"LineString","coordinates":[[-80.438693752941845,37.223968910111971],[-80.438571711560257,37.223940508802009],[-80.438388605013131,37.22401049673681],[-80.438385483304643,37.224012076061548],[-80.438382651726428,37.224014130689348],[-80.43838018201771,37.224016608565336],[-80.438378136749606,37.224019446911498],[-80.438376567739837,37.224022573817145],[-80.438375514739917,37.224025910060803],[-80.438375004428053,37.224029371117339],[-80.438375049733196,37.224032869299435],[-80.438375649507535,37.224036315979191],[-80.43837678855553,37.224039623833512],[-80.438428817208674,37.224128285915519],[-80.43852930419321,37.224095043791309]]},"properties":{"objectid":6245,"type":"Normal","st_length(shape)":175.4609992572868,"slopelessthan5":null,"slopebtwn5and833":null}},{"type":"Feature","id":6246,"geometry":{"type":"LineString","coordinates":[[-80.438654495354967,37.223983569881632],[-80.438693752941845,37.223968910111971],[-80.438806849177965,37.223926719078328]]},"properties":{"objectid":6246,"type":"Normal","st_length(shape)":48.950829234212456,"slopelessthan5":null,"slopebtwn5and833":null}},{"type":"Feature","id":6319,"geometry":{"type":"LineString","coordinates":[[-80.435894097352744,37.225002514900858],[-80.435826757659868,37.225000429661762],[-80.435825919998848,37.225020547445347],[-80.435760261612515,37.225018056054893],[-80.435759043169227,37.225033786321887],[-80.435668204113881,37.225032057529816]]},"properties":{"objectid":6319,"type":"Normal","st_length(shape)":78.282001863575815,"slopelessthan5":null,"slopebtwn5and833":null}},{"type":"Feature","id":6320,"geometry":{"type":"LineString","coordinates":[[-80.435894097352744,37.225002514900858],[-80.435888818153572,37.225102445750196],[-80.435930961680882,37.225103939270788],[-80.435929116217594,37.225138505848584],[-80.435849246859149,37.225135898783215]]},"properties":{"objectid":6320,"type":"Normal","st_length(shape)":84.569615173311803,"slopelessthan5":null,"slopebtwn5and833":null}},{"type":"Feature","id":6661,"geometry":{"type":"LineString","coordinates":[[-80.438889596097425,37.225527854246998],[-80.438969481593702,37.225660147567524],[-80.439160765048328,37.225583440584828]]},"properties":{"objectid":6661,"type":"Normal","st_length(shape)":115.79190469961547,"slopelessthan5":null,"slopebtwn5and833":null}},{"type":"Feature","id":6663,"geometry":{"type":"LineString","coordinates":[[-80.437173047991664,37.22532615719274],[-80.437194968701718,37.225363711770306],[-80.437280177706697,37.225511246961581]]},"properties":{"objectid":6663,"type":"Normal","st_length(shape)":74.258526044349537,"slopelessthan5":null,"slopebtwn5and833":null}},{"type":"Feature","id":6672,"geometry":{"type":"LineString","coordinates":[[-80.438961445275723,37.223935448390336],[-80.438952156508734,37.223942836492363],[-80.438943440411109,37.223950538112426],[-80.43893373492017,37.223956948163533],[-80.438923229937672,37.223961941223919],[-80.438909383581077,37.223967144638301],[-80.438894875379162,37.223970027204693],[-80.438880091539943,37.223970512189247],[-80.438865425608924,37.223968586681671],[-80.438851267992888,37.223964301938949],[-80.438837995567269,37.223957772020839],[-80.438825961643786,37.22394917075362],[-80.438815486565233,37.223938727102862],[-80.438806849177965,37.223926719078328],[-80.438803568464465,37.223918696604251],[-80.438801554293988,37.223910266521884],[-80.438800854130434,37.223901627485915],[-80.438801484473132,37.223892983075032],[-80.438803430468056,37.223884536994575],[-80.438806646257916,37.223876488276225],[-80.438811056062661,37.223869026587842],[-80.438816555965374,37.223862327763946],[-80.438818718869044,37.223855661483178]]},"properties":{"objectid":6672,"type":"Normal","st_length(shape)":82.612136050712166,"slopelessthan5":null,"slopebtwn5and833":null}},{"type":"Feature","id":6673,"geometry":{"type":"LineString","coordinates":[[-80.438993812347178,37.224076997053281],[-80.438923229937672,37.223961941223919]]},"properties":{"objectid":6673,"type":"Normal","st_length(shape)":46.660457750136764,"slopelessthan5":null,"slopebtwn5and833":null}},{"type":"Feature","id":6674,"geometry":{"type":"LineString","coordinates":[[-80.439482926080416,37.224983451849958],[-80.439465417449483,37.224981758512513],[-80.439450192467802,37.224978931815322],[-80.439435689174829,37.224973505511102],[-80.439422347815452,37.224965644314352],[-80.439410573364242,37.224955586850299],[-80.439245683443772,37.225009443894876]]},"properties":{"objectid":6674,"type":"Normal","st_length(shape)":76.057610042711502,"slopelessthan5":null,"slopebtwn5and833":null}},{"type":"Feature","id":6675,"geometry":{"type":"LineString","coordinates":[[-80.439410573364242,37.224955586850299],[-80.439404611655931,37.224947147695801],[-80.439400111061246,37.224937846838728],[-80.439397192878289,37.224927934951779],[-80.439395935756664,37.224917679175853],[-80.43939637357775,37.224907355920195],[-80.439398494541607,37.224897243412741],[-80.439402241484913,37.224887614201435],[-80.439407513421685,37.224878727808616],[-80.43941416826496,37.224870823736509],[-80.439422026656246,37.224864115012267],[-80.439430876799591,37.224858782446525],[-80.43944048016975,37.224854969760294],[-80.439450577940832,37.224852779711455],[-80.439465259195515,37.224849940330934],[-80.439480197188971,37.224849263815919],[-80.439493960393506,37.224849197196221]]},"properties":{"objectid":6675,"type":"Normal","st_length(shape)":58.358978257554135,"slopelessthan5":null,"slopebtwn5and833":null}},{"type":"Feature","id":6676,"geometry":{"type":"LineString","coordinates":[[-80.439450577940832,37.224852779711455],[-80.439370713503024,37.224729728132992]]},"properties":{"objectid":6676,"type":"Normal","st_length(shape)":50.47724229812215,"slopelessthan5":null,"slopebtwn5and833":null}},{"type":"Feature","id":6677,"geometry":{"type":"LineString","coordinates":[[-80.437619639267638,37.224255577142806],[-80.437521827289345,37.224303965724808],[-80.437534261521321,37.224342140121443],[-80.437594091859623,37.224464778200577],[-80.437657768674384,37.22447575375071],[-80.437722247114976,37.224479964467776],[-80.437786810530881,37.224477363551436]]},"properties":{"objectid":6677,"type":"Normal","st_length(shape)":152.40379771291055,"slopelessthan5":null,"slopebtwn5and833":null}},{"type":"Feature","id":6678,"geometry":{"type":"LineString","coordinates":[[-80.436897852701108,37.224632797909052],[-80.436896413958834,37.224653417670616],[-80.43685779210017,37.224654051424743],[-80.436853292175044,37.224654389938131],[-80.436848904889672,37.224655446178936],[-80.436844743959853,37.224657192770046],[-80.436840917234349,37.224659584440879],[-80.436837523899555,37.22466255920078],[-80.436834651908654,37.224666039945774],[-80.436832375701897,37.224669936457076],[-80.436830754277182,37.224674147739471],[-80.436829829660866,37.224678564639078],[-80.436825559546534,37.224775034288093],[-80.436826420371744,37.224779592378958],[-80.43723578372844,37.224838722373683],[-80.437277449548787,37.224814922994689],[-80.437321807092246,37.224796623831772],[-80.437368133951239,37.224784122905362],[-80.437415675645866,37.224777623805728],[-80.437463657911437,37.224777232377299],[-80.437511299308071,37.2247829549949]]},"properties":{"objectid":6678,"type":"Normal","st_length(shape)":275.62826916842977,"slopelessthan5":null,"slopebtwn5and833":null}},{"type":"Feature","id":6679,"geometry":{"type":"LineString","coordinates":[[-80.436650257825306,37.224028147429657],[-80.436639370730688,37.224227546880165],[-80.436385510919592,37.224221108146786]]},"properties":{"objectid":6679,"type":"Normal","st_length(shape)":146.6197303776035,"slopelessthan5":null,"slopebtwn5and833":null}},{"type":"Feature","id":6727,"geometry":{"type":"LineString","coordinates":[[-80.438646696095674,37.224922651110305],[-80.438682861447816,37.224764497215745]]},"properties":{"objectid":6727,"type":"Normal","st_length(shape)":58.537737091692946,"slopelessthan5":null,"slopebtwn5and833":null}},{"type":"Feature","id":6730,"geometry":{"type":"LineString","coordinates":[[-80.437564707843791,37.22492078239641],[-80.437593847953011,37.224939408472316],[-80.437624962349204,37.224954507181472],[-80.437659985085176,37.224975624187685],[-80.437691496548055,37.225001692323275],[-80.437718802594858,37.225032137352329],[-80.43775700420764,37.225069210997532],[-80.437798321371389,37.225102777504162],[-80.437842433228013,37.225132576203677],[-80.437888997216604,37.225158375687307],[-80.437937651733591,37.225179975603133],[-80.438021972452077,37.225335708531048],[-80.438029349289565,37.225350593801053]]},"properties":{"objectid":6730,"type":"Normal","st_length(shape)":212.81709321195413,"slopelessthan5":null,"slopebtwn5and833":null}},{"type":"Feature","id":6732,"geometry":{"type":"LineString","coordinates":[[-80.437937651733591,37.225179975603133],[-80.437998148879529,37.225198265352581],[-80.438060206065686,37.225210237204948],[-80.438123165350689,37.225215764232516],[-80.438181000895952,37.225217471005799],[-80.438238683538557,37.225212934915724],[-80.43829554137713,37.225202208799779],[-80.438350912117841,37.225185417598354],[-80.438404150788884,37.225162756899422],[-80.438454637253372,37.225134490660281],[-80.438501783432741,37.225100948132919],[-80.43854504015691,37.225062520028814],[-80.438583903561081,37.225019653967799],[-80.43861792095494,37.224972849264127],[-80.438646696095674,37.224922651110305]]},"properties":{"objectid":6732,"type":"Normal","st_length(shape)":255.49418063697306,"slopelessthan5":null,"slopebtwn5and833":null}},{"type":"Feature","id":6733,"geometry":{"type":"LineString","coordinates":[[-80.436155105437535,37.224011765543999],[-80.43618471947569,37.224012843502805],[-80.436264005364308,37.224015729377669],[-80.436290821284004,37.224018387380099],[-80.436316990252266,37.224024817281006],[-80.436341984471767,37.22403488939684],[-80.436365299838457,37.224048400584863],[-80.4363864661088,37.224065078340281]]},"properties":{"objectid":6733,"type":"Normal","st_length(shape)":72.761902437284931,"slopelessthan5":null,"slopebtwn5and833":null}},{"type":"Feature","id":6734,"geometry":{"type":"LineString","coordinates":[[-80.438048234106063,37.223676955840119],[-80.438270762288127,37.22369255961587],[-80.438442797898361,37.223719064967838],[-80.438611300399145,37.223766812800839],[-80.438772060538298,37.223830982800102],[-80.438818718869044,37.223855661483178],[-80.438940592183911,37.223920124807861],[-80.438961445275723,37.223935448390336],[-80.439033041830044,37.223981288557056],[-80.439100800564077,37.224032631925041],[-80.43916429945844,37.224089158714165],[-80.439223143025174,37.224150516860561],[-80.439276964770883,37.224216324209415],[-80.439325429479467,37.22428617089507],[-80.439368235299838,37.224359621893818],[-80.439405115625988,37.224436219733327],[-80.439435840757426,37.224515487341925],[-80.439460219329902,37.224596931019875],[-80.439478099507184,37.224680043514333],[-80.439489369926775,37.22476430717861],[-80.439493960393506,37.224849197196221],[-80.43949431821504,37.224894219576143],[-80.439490630170155,37.224939092073903],[-80.439482926080416,37.224983451849958]]},"properties":{"objectid":6734,"type":"Normal","st_length(shape)":716.37952598223001,"slopelessthan5":null,"slopebtwn5and833":null}},{"type":"Feature","id":6795,"geometry":{"type":"LineString","coordinates":[[-80.438029349289565,37.225350593801053],[-80.438101518252225,37.22549623262001]]},"properties":{"objectid":6795,"type":"Normal","st_length(shape)":57.037670895743638,"slopelessthan5":null,"slopebtwn5and833":null}},{"type":"Feature","id":6791,"geometry":{"type":"LineString","coordinates":[[-80.438889596097425,37.225527854246998],[-80.439085129751717,37.225453832794813]]},"properties":{"objectid":6791,"type":"Normal","st_length(shape)":62.987206298813959,"slopelessthan5":null,"slopebtwn5and833":null}},{"type":"Feature","id":6796,"geometry":{"type":"LineString","coordinates":[[-80.439185253783364,37.225625404967502],[-80.439160765048328,37.225583440584828],[-80.439085129751717,37.225453832794813],[-80.438773933901345,37.224920561269407],[-80.438738523735537,37.224859881654858]]},"properties":{"objectid":6796,"type":"Normal","st_length(shape)":307.57719490772922,"slopelessthan5":null,"slopebtwn5and833":null}},{"type":"Feature","id":6797,"geometry":{"type":"LineString","coordinates":[[-80.438738523735537,37.224859881654858],[-80.438682861447816,37.224764497215745]]},"properties":{"objectid":6797,"type":"Normal","st_length(shape)":38.324199167025498,"slopelessthan5":null,"slopebtwn5and833":null}},{"type":"Feature","id":6798,"geometry":{"type":"LineString","coordinates":[[-80.437700720960095,37.223873956246123],[-80.437616523862516,37.223728832794649],[-80.437799530751988,37.223692147459396],[-80.437817848068718,37.223688696748013],[-80.437856377115068,37.223681437949644],[-80.438007142149658,37.223674074066288],[-80.438048234106063,37.223676955840119]]},"properties":{"objectid":6798,"type":"Normal","st_length(shape)":186.17458401842114,"slopelessthan5":null,"slopebtwn5and833":null}},{"type":"Feature","id":6799,"geometry":{"type":"LineString","coordinates":[[-80.438048234106063,37.223676955840119],[-80.438017378088702,37.223624077570491]]},"properties":{"objectid":6799,"type":"Normal","st_length(shape)":21.245658735370004,"slopelessthan5":null,"slopebtwn5and833":null}},{"type":"Feature","id":6800,"geometry":{"type":"LineString","coordinates":[[-80.437633577799872,37.223907414593889],[-80.437700720960095,37.223873956246123]]},"properties":{"objectid":6800,"type":"Normal","st_length(shape)":23.034260726848451,"slopelessthan5":null,"slopebtwn5and833":null}},{"type":"Feature","id":6897,"geometry":{"type":"LineString","coordinates":[[-80.436385510919592,37.224221108146786],[-80.436150016175844,37.224215135519088],[-80.436148301009396,37.224243484711913],[-80.436147439998166,37.224248146774343],[-80.436145842170802,37.224252610305925],[-80.436143548923823,37.224256759665487],[-80.436140619670681,37.224260487351422],[-80.436137130302427,37.224263696786842],[-80.436133171221655,37.224266304821697],[-80.436128845000184,37.224268243887025],[-80.436124263721794,37.224269463745522],[-80.436119546078231,37.224269932793092],[-80.4361148142942,37.224269638877651],[-80.436110190960747,37.224268589613963],[-80.435962386574204,37.224266287591298]]},"properties":{"objectid":6897,"type":"Normal","st_length(shape)":138.64243549351249,"slopelessthan5":null,"slopebtwn5and833":null}},{"type":"Feature","id":6318,"geometry":{"type":"LineString","coordinates":[[-80.430748299486652,37.224307344672567],[-80.43075786540652,37.22430388994551],[-80.430766855731093,37.224299134314535],[-80.430775094580412,37.22429317081523],[-80.430792470238501,37.224280428151033],[-80.431462899368228,37.223523972824758],[-80.431493453737062,37.223486001852578],[-80.431529068297763,37.223452730735232],[-80.431569027956982,37.223424827512858],[-80.431612530377492,37.223402852445311],[-80.4316587020881,37.223387246762954],[-80.431706616021842,37.223378323807289],[-80.431755310130129,37.223376262739478],[-80.431803806699577,37.223381104943059],[-80.431841561723147,37.223381680319143],[-80.431958352320976,37.223402301763677],[-80.432108707745783,37.223460267243958],[-80.433494188811594,37.22447248470565],[-80.43361855558949,37.224561481614394],[-80.433747703663499,37.224641195253547],[-80.433898333706907,37.224704008324338],[-80.434074395727833,37.224758661565303],[-80.434253910142644,37.224800732830559],[-80.434508910313994,37.224856571282203],[-80.434632553070642,37.224865710831907],[-80.434852022845249,37.224880042730604],[-80.434845176405076,37.224878963459709],[-80.435212228082207,37.22488185899806],[-80.435431975152255,37.224890426970347],[-80.435610478041141,37.224898722730153],[-80.435776449178562,37.22490311117997],[-80.435919807142184,37.224908040621195],[-80.43595729122913,37.224911027369103],[-80.43595370258285,37.225004361035772],[-80.435894097352744,37.225002514900858]]},"properties":{"objectid":6318,"type":"Normal","st_length(shape)":1924.5742339448429,"slopelessthan5":null,"slopebtwn5and833":null}},{"type":"Feature","id":9504,"geometry":{"type":"LineString","coordinates":[[-80.437521827289345,37.224303965724808],[-80.437477265922396,37.22425906333708],[-80.43730131531342,37.224172490718594],[-80.437161453305251,37.224107427773987],[-80.43708297105394,37.224075036576394]]},"properties":{"objectid":9504,"type":"Normal","st_length(shape)":153.84678076220868,"slopelessthan5":null,"slopebtwn5and833":null}},{"type":"Feature","id":9505,"geometry":{"type":"LineString","coordinates":[[-80.437616523862516,37.223728832794649],[-80.437402210279274,37.223796154446788],[-80.437305858148378,37.223836676820802]]},"properties":{"objectid":9505,"type":"Normal","st_length(shape)":98.737945853984016,"slopelessthan5":null,"slopebtwn5and833":null}},{"type":"Feature","id":5810,"geometry":{"type":"LineString","coordinates":[[-80.426271482126182,37.221412444230204],[-80.426164621269876,37.221557156831892],[-80.426149564684593,37.221576693596191],[-80.4263032469118,37.221668320937262]]},"properties":{"objectid":5810,"type":"Normal","st_length(shape)":125.36052292313897,"slopelessthan5":null,"slopebtwn5and833":null}},{"type":"Feature","id":5812,"geometry":{"type":"LineString","coordinates":[[-80.426271482126182,37.221412444230204],[-80.4263032469118,37.221668320937262]]},"properties":{"objectid":5812,"type":"Normal","st_length(shape)":93.621147037457533,"slopelessthan5":null,"slopebtwn5and833":null}},{"type":"Feature","id":5817,"geometry":{"type":"LineString","coordinates":[[-80.426117587346539,37.221024491170873],[-80.426214093643324,37.221168265235363],[-80.426235410962846,37.221230268085485]]},"properties":{"objectid":5817,"type":"Normal","st_length(shape)":82.824997489747318,"slopelessthan5":null,"slopebtwn5and833":null}},{"type":"Feature","id":5852,"geometry":{"type":"LineString","coordinates":[[-80.423996493114501,37.223254630999612],[-80.424052964234079,37.223374876149698],[-80.424078641194939,37.22341252946535],[-80.424108852782609,37.223446651869558],[-80.424143118565539,37.223476700740058],[-80.424180893641434,37.223502198232865],[-80.424221577302418,37.22352273888103],[-80.424264522587649,37.223537996042481]]},"properties":{"objectid":5852,"type":"Normal","st_length(shape)":134.48062875138771,"slopelessthan5":null,"slopebtwn5and833":null}},{"type":"Feature","id":5863,"geometry":{"type":"LineString","coordinates":[[-80.424444461762192,37.223558213669342],[-80.424459087414419,37.22365139761245],[-80.424467892785188,37.223727067198205],[-80.42446368925701,37.223779067610437],[-80.424493619583231,37.22378204324378],[-80.424725121037582,37.223802796905829]]},"properties":{"objectid":5863,"type":"Normal","st_length(shape)":157.44397822982205,"slopelessthan5":null,"slopebtwn5and833":null}},{"type":"Feature","id":5872,"geometry":{"type":"LineString","coordinates":[[-80.42538920729298,37.223300167940238],[-80.425359246572867,37.223230689208606],[-80.425314889453972,37.223102988123081]]},"properties":{"objectid":5872,"type":"Normal","st_length(shape)":75.014267867503946,"slopelessthan5":null,"slopebtwn5and833":null}},{"type":"Feature","id":5874,"geometry":{"type":"LineString","coordinates":[[-80.423037618589532,37.220971625563678],[-80.423060253577333,37.220959367313633],[-80.423084546992172,37.220950856299424],[-80.423109883177091,37.220946308211815],[-80.423239395275161,37.220918692569384],[-80.423505058588063,37.220864839773519],[-80.424129226570443,37.220755618902636],[-80.424672058761132,37.220672239533016],[-80.424940492209885,37.220628930175501]]},"properties":{"objectid":5874,"type":"Normal","st_length(shape)":568.80527723573778,"slopelessthan5":null,"slopebtwn5and833":null}},{"type":"Feature","id":5883,"geometry":{"type":"LineString","coordinates":[[-80.425083878154268,37.220472647137072],[-80.425191415504344,37.220456295059293],[-80.425753853080934,37.22036350233487],[-80.426097413067168,37.220303237150688],[-80.426157422043147,37.220292180616823],[-80.426297484433448,37.220262856324254]]},"properties":{"objectid":5883,"type":"Normal","st_length(shape)":361.58879484428252,"slopelessthan5":null,"slopebtwn5and833":null}},{"type":"Feature","id":5889,"geometry":{"type":"LineString","coordinates":[[-80.427946009629622,37.217968138091059],[-80.427997192979518,37.217858928069241]]},"properties":{"objectid":5889,"type":"Normal","st_length(shape)":42.464001116619123,"slopelessthan5":null,"slopebtwn5and833":null}},{"type":"Feature","id":5905,"geometry":{"type":"LineString","coordinates":[[-80.426033228955518,37.221120009457188],[-80.425798588629746,37.221028529261304],[-80.42614170388336,37.221006368481476]]},"properties":{"objectid":5905,"type":"Normal","st_length(shape)":176.23693446880708,"slopelessthan5":null,"slopebtwn5and833":null}},{"type":"Feature","id":5843,"geometry":{"type":"LineString","coordinates":[[-80.424101430048864,37.22492862545618],[-80.424062770642635,37.224847630132672]]},"properties":{"objectid":5843,"type":"Normal","st_length(shape)":31.565020632459593,"slopelessthan5":null,"slopebtwn5and833":null}},{"type":"Feature","id":5908,"geometry":{"type":"LineString","coordinates":[[-80.426673983207621,37.217737494100589],[-80.426753392931772,37.217757122862906],[-80.426780284939241,37.217692809904541],[-80.426820280562453,37.217706664919625],[-80.427374287321825,37.217870220355849],[-80.427723915806595,37.217972265993232],[-80.427763408709566,37.21795868846489],[-80.427804503397283,37.217951254401306],[-80.427846250097545,37.217950135617066],[-80.427887683968919,37.217955357969302],[-80.427946009629622,37.217968138091059]]},"properties":{"objectid":5908,"type":"Normal","st_length(shape)":408.71600154606352,"slopelessthan5":null,"slopebtwn5and833":null}},{"type":"Feature","id":5952,"geometry":{"type":"LineString","coordinates":[[-80.429160487122857,37.224555284269016],[-80.429207756222297,37.22451595121025],[-80.429288743638821,37.224435963523966]]},"properties":{"objectid":5952,"type":"Normal","st_length(shape)":57.33430574213665,"slopelessthan5":null,"slopebtwn5and833":null}},{"type":"Feature","id":5910,"geometry":{"type":"LineString","coordinates":[[-80.425621959276242,37.221014666103343],[-80.42527391667835,37.221485285714756]]},"properties":{"objectid":5910,"type":"Normal","st_length(shape)":199.07383029074336,"slopelessthan5":null,"slopebtwn5and833":null}},{"type":"Feature","id":5899,"geometry":{"type":"LineString","coordinates":[[-80.425716063744545,37.222763155709018],[-80.426536306000713,37.222668251358535],[-80.426989731557939,37.222614573306949],[-80.427092791290136,37.222602799059345]]},"properties":{"objectid":5899,"type":"Normal","st_length(shape)":405.0831398140561,"slopelessthan5":null,"slopebtwn5and833":null}},{"type":"Feature","id":5939,"geometry":{"type":"LineString","coordinates":[[-80.426235410962846,37.221230268085485],[-80.426220174584174,37.221209833626943],[-80.426202070865926,37.221191890112337],[-80.426181501788093,37.221176835964471],[-80.426158924072212,37.221165005449834],[-80.426134839040174,37.221156661256472],[-80.426033228955518,37.221120009457188]]},"properties":{"objectid":5939,"type":"Normal","st_length(shape)":73.044661957182797,"slopelessthan5":null,"slopebtwn5and833":null}},{"type":"Feature","id":5944,"geometry":{"type":"LineString","coordinates":[[-80.428835947936548,37.224858773875283],[-80.428982476948732,37.224747944202136],[-80.429160487122857,37.224555284269016]]},"properties":{"objectid":5944,"type":"Normal","st_length(shape)":145.93986373668957,"slopelessthan5":null,"slopebtwn5and833":null}},{"type":"Feature","id":5948,"geometry":{"type":"LineString","coordinates":[[-80.427946009629622,37.217968138091059],[-80.428001628947925,37.217980324284966],[-80.428025508217559,37.217987440813317],[-80.428047938454853,37.217998292032121],[-80.428068339900989,37.218012597467769],[-80.428086185235784,37.218029987364844],[-80.428101013207325,37.218050012243225],[-80.428112440554088,37.218072154515916],[-80.428120171911189,37.218095841867218],[-80.428124007444708,37.218120462045462],[-80.428123848016838,37.218145378688028],[-80.428119697748357,37.218169947769532],[-80.428111663912077,37.218193534248044],[-80.42816559572843,37.218207946165528],[-80.428117240390989,37.218327100783554]]},"properties":{"objectid":5948,"type":"Normal","st_length(shape)":171.86676768167743,"slopelessthan5":null,"slopebtwn5and833":null}},{"type":"Feature","id":5950,"geometry":{"type":"LineString","coordinates":[[-80.42925814483651,37.224267994934898],[-80.429322843688851,37.224168164922901]]},"properties":{"objectid":5950,"type":"Normal","st_length(shape)":40.938933042188161,"slopelessthan5":null,"slopebtwn5and833":null}},{"type":"Feature","id":5955,"geometry":{"type":"LineString","coordinates":[[-80.428835947936548,37.224858773875283],[-80.428980411880559,37.225027938047205]]},"properties":{"objectid":5955,"type":"Normal","st_length(shape)":74.583481989046945,"slopelessthan5":null,"slopebtwn5and833":null}},{"type":"Feature","id":5969,"geometry":{"type":"LineString","coordinates":[[-80.429651895965421,37.22374500882993],[-80.429929801159659,37.223909653239517],[-80.429994065416579,37.22394988214122]]},"properties":{"objectid":5969,"type":"Normal","st_length(shape)":124.46331475461338,"slopelessthan5":null,"slopebtwn5and833":null}},{"type":"Feature","id":6006,"geometry":{"type":"LineString","coordinates":[[-80.425021746498189,37.220764097916856],[-80.424993843126501,37.220735416523894],[-80.424970656309313,37.220702803766223],[-80.42495273199151,37.220667027527107],[-80.424940492209885,37.220628930175501]]},"properties":{"objectid":6006,"type":"Normal","st_length(shape)":55.241545228167745,"slopelessthan5":null,"slopebtwn5and833":null}},{"type":"Feature","id":6011,"geometry":{"type":"LineString","coordinates":[[-80.425669331302643,37.221674746120591],[-80.425086018375154,37.221629757200901]]},"properties":{"objectid":6011,"type":"Normal","st_length(shape)":170.62986390117052,"slopelessthan5":null,"slopebtwn5and833":null}},{"type":"Feature","id":6012,"geometry":{"type":"LineString","coordinates":[[-80.425659097562985,37.221810313668797],[-80.425669331302643,37.221674746120591]]},"properties":{"objectid":6012,"type":"Normal","st_length(shape)":49.449191445579189,"slopelessthan5":null,"slopebtwn5and833":null}},{"type":"Feature","id":6014,"geometry":{"type":"LineString","coordinates":[[-80.425622709877715,37.222432064944854],[-80.425130061915368,37.222298873781256],[-80.425473010340426,37.22198743762273],[-80.425538674549571,37.221924935896929]]},"properties":{"objectid":6014,"type":"Normal","st_length(shape)":332.23127261209271,"slopelessthan5":null,"slopebtwn5and833":null}},{"type":"Feature","id":6024,"geometry":{"type":"LineString","coordinates":[[-80.42749061356227,37.220974853756083],[-80.427440706610071,37.220963350914154],[-80.42737087743393,37.220927126716873],[-80.427173414589305,37.220800187723789],[-80.427012015507245,37.22069232201013],[-80.426904241955924,37.220613593348901],[-80.426838558562594,37.220553606360035],[-80.426777351881043,37.220489058012845],[-80.426751111057285,37.220458345222859],[-80.426720587325875,37.220431884721705],[-80.426686462018139,37.220410267143862],[-80.426582292055869,37.220364295986791]]},"properties":{"objectid":6024,"type":"Normal","st_length(shape)":349.36808806515216,"slopelessthan5":null,"slopebtwn5and833":null}},{"type":"Feature","id":6021,"geometry":{"type":"LineString","coordinates":[[-80.425791615799113,37.221684177461547],[-80.425847727789488,37.221685233936185],[-80.426062039292347,37.221714103815238]]},"properties":{"objectid":6021,"type":"Normal","st_length(shape)":79.622156914626075,"slopelessthan5":null,"slopebtwn5and833":null}},{"type":"Feature","id":6015,"geometry":{"type":"LineString","coordinates":[[-80.425597254773479,37.221963142751171],[-80.425538674549571,37.221924935896929]]},"properties":{"objectid":6015,"type":"Normal","st_length(shape)":22.010003109765673,"slopelessthan5":null,"slopebtwn5and833":null}},{"type":"Feature","id":6010,"geometry":{"type":"LineString","coordinates":[[-80.426062039292347,37.221714103815238],[-80.42632055005933,37.221882953916669],[-80.425701525426462,37.222461707507748],[-80.425569867716064,37.222552449694298],[-80.425435771920192,37.222654502937921],[-80.425338139843674,37.222725182442467],[-80.425326901371022,37.222734120819617]]},"properties":{"objectid":6010,"type":"Normal","st_length(shape)":521.93980193410221,"slopelessthan5":null,"slopebtwn5and833":null}},{"type":"Feature","id":6013,"geometry":{"type":"LineString","coordinates":[[-80.425569867716064,37.222552449694298],[-80.425622709877715,37.222432064944854],[-80.425696481559797,37.222263997937532],[-80.425689248934702,37.22225271381194]]},"properties":{"objectid":6013,"type":"Normal","st_length(shape)":115.92269505931318,"slopelessthan5":null,"slopebtwn5and833":null}},{"type":"Feature","id":6029,"geometry":{"type":"LineString","coordinates":[[-80.427692649555439,37.217277687933361],[-80.427599758646551,37.217283140086501],[-80.42756460412636,37.217272624840007],[-80.427531941350679,37.217331227073061]]},"properties":{"objectid":6029,"type":"Normal","st_length(shape)":61.410595621052352,"slopelessthan5":null,"slopebtwn5and833":null}},{"type":"Feature","id":6032,"geometry":{"type":"LineString","coordinates":[[-80.424095390841188,37.218890325517826],[-80.424099345054486,37.21888048662526],[-80.42410490658591,37.218871458392989],[-80.424111915145602,37.21886350102529],[-80.424120168738611,37.218856843862831],[-80.424129429486726,37.218851678772879],[-80.42413943048426,37.21884815461938],[-80.424149883490742,37.218846372972592],[-80.42415979934627,37.21884467643347],[-80.424382695056366,37.218830081921325],[-80.42440082542015,37.218826621836108],[-80.424419276686038,37.218826139064795],[-80.42443756318319,37.218828646314805],[-80.424455203577807,37.21883407759077],[-80.424471733542674,37.218842289931644],[-80.424486717979079,37.218853067173704],[-80.424499762469466,37.218866125640361],[-80.424510523659151,37.218881121609066],[-80.424518718294081,37.218897660358685],[-80.424524130676588,37.21891530655931],[-80.424542344169552,37.218959505752821],[-80.424565827356247,37.219001145156952],[-80.424594227550145,37.219039599402734],[-80.424627118217799,37.219074290958112],[-80.424664005384741,37.219104698801644]]},"properties":{"objectid":6032,"type":"Normal","st_length(shape)":231.72406342609904,"slopelessthan5":null,"slopebtwn5and833":null}},{"type":"Feature","id":6061,"geometry":{"type":"LineString","coordinates":[[-80.426582292055869,37.220364295986791],[-80.426595104879098,37.220393040916598],[-80.426612138506485,37.220419504003466],[-80.426632997004603,37.220443070133499],[-80.426657195533892,37.220463191530307],[-80.426684171618305,37.220479400487648],[-80.426704504245549,37.220497432147567],[-80.426722419564243,37.22051786735851],[-80.426737635694991,37.220540384593129],[-80.4268572989115,37.220712582429655]]},"properties":{"objectid":6061,"type":"Normal","st_length(shape)":151.41363341763017,"slopelessthan5":null,"slopebtwn5and833":null}},{"type":"Feature","id":6066,"geometry":{"type":"LineString","coordinates":[[-80.423739541448256,37.222714171655277],[-80.42372348701403,37.222680525278399],[-80.423546824507483,37.222299827770669]]},"properties":{"objectid":6066,"type":"Normal","st_length(shape)":160.95817727708925,"slopelessthan5":null,"slopebtwn5and833":null}},{"type":"Feature","id":6068,"geometry":{"type":"LineString","coordinates":[[-80.425230103612932,37.220036832535733],[-80.424979159648174,37.220072879620403],[-80.425083878154268,37.220472647137072]]},"properties":{"objectid":6068,"type":"Normal","st_length(shape)":222.95001737688619,"slopelessthan5":null,"slopebtwn5and833":null}},{"type":"Feature","id":6098,"geometry":{"type":"LineString","coordinates":[[-80.425291749289798,37.223573718693906],[-80.425278287500191,37.223713336903245],[-80.425324430514721,37.223716182168921]]},"properties":{"objectid":6098,"type":"Normal","st_length(shape)":64.459912025051651,"slopelessthan5":null,"slopebtwn5and833":null}},{"type":"Feature","id":6080,"geometry":{"type":"LineString","coordinates":[[-80.423985833113164,37.223231931122385],[-80.424112158927855,37.223195767393484]]},"properties":{"objectid":6080,"type":"Normal","st_length(shape)":39.06696815276311,"slopelessthan5":null,"slopebtwn5and833":null}},{"type":"Feature","id":6076,"geometry":{"type":"LineString","coordinates":[[-80.423788790170718,37.223182677379768],[-80.423414371263831,37.223291669647494]]},"properties":{"objectid":6076,"type":"Normal","st_length(shape)":116.01439977685406,"slopelessthan5":null,"slopebtwn5and833":null}},{"type":"Feature","id":6109,"geometry":{"type":"LineString","coordinates":[[-80.423535758114667,37.220677178285023],[-80.423414230696864,37.220679158756724],[-80.423418568077466,37.220729562586357]]},"properties":{"objectid":6109,"type":"Normal","st_length(shape)":53.787780266942846,"slopelessthan5":null,"slopebtwn5and833":null}},{"type":"Feature","id":6120,"geometry":{"type":"LineString","coordinates":[[-80.424319064912481,37.218477165828638],[-80.424239325469529,37.218539261006669],[-80.424142020518346,37.218605718994567],[-80.424036211023591,37.218644489337699],[-80.423952608585608,37.218658458409919],[-80.423794796538473,37.218665994159956],[-80.423666673663689,37.218654829989582],[-80.423557193547239,37.218632002084171],[-80.423332729551859,37.218556142653476],[-80.423192004944298,37.218514891221893],[-80.423065959904875,37.218492331882068],[-80.422897418276563,37.218474252864674],[-80.422750510676579,37.218469072728489],[-80.42267000529074,37.218468490607236]]},"properties":{"objectid":6120,"type":"Normal","st_length(shape)":512.91330940410319,"slopelessthan5":null,"slopebtwn5and833":null}},{"type":"Feature","id":6121,"geometry":{"type":"LineString","coordinates":[[-80.424415025513952,37.218509262342273],[-80.424319064912481,37.218477165828638]]},"properties":{"objectid":6121,"type":"Normal","st_length(shape)":30.287113863029358,"slopelessthan5":null,"slopebtwn5and833":null}},{"type":"Feature","id":6125,"geometry":{"type":"LineString","coordinates":[[-80.424377064831944,37.218186379365243],[-80.424371444521029,37.217965909986404],[-80.424344506772499,37.217880104545067],[-80.4243002220053,37.217807306237155],[-80.424229573924933,37.217740593280929],[-80.424125892424584,37.21762634710295],[-80.424085719308778,37.217576103884419],[-80.42407648687383,37.217560701859114],[-80.424058815621891,37.217560989939443],[-80.424057336314519,37.217572324252643],[-80.424148755694091,37.217691011833722],[-80.424184698936159,37.217716123224761],[-80.424202891215089,37.217738661531911],[-80.424193383948847,37.217770883270866]]},"properties":{"objectid":6125,"type":"Normal","st_length(shape)":348.90391410360343,"slopelessthan5":null,"slopebtwn5and833":null}},{"type":"Feature","id":6130,"geometry":{"type":"LineString","coordinates":[[-80.424836361007351,37.224980472840784],[-80.425080322960653,37.225507674791444],[-80.425088593391862,37.225519165586938],[-80.425094903904252,37.225531839017684],[-80.425099089526924,37.225545363771886],[-80.425101040838356,37.225559386282256],[-80.42510070682691,37.225573539969055],[-80.425098096224389,37.22558745482327]]},"properties":{"objectid":6130,"type":"Normal","st_length(shape)":234.93637591231365,"slopelessthan5":null,"slopebtwn5and833":null}},{"type":"Feature","id":7579,"geometry":{"type":"LineString","coordinates":[[-80.424975446103858,37.222347539347133],[-80.425130061915368,37.222298873781256]]},"properties":{"objectid":7579,"type":"Normal","st_length(shape)":48.380178096815612,"slopelessthan5":null,"slopebtwn5and833":null}},{"type":"Feature","id":7580,"geometry":{"type":"LineString","coordinates":[[-80.425621959276242,37.221014666103343],[-80.425751364590653,37.221028306551268],[-80.425798588629746,37.221028529261304]]},"properties":{"objectid":7580,"type":"Normal","st_length(shape)":51.755304936541997,"slopelessthan5":null,"slopebtwn5and833":null}},{"type":"Feature","id":6163,"geometry":{"type":"LineString","coordinates":[[-80.42299344937895,37.222349352812429],[-80.422972836589096,37.222307701511582]]},"properties":{"objectid":6163,"type":"Normal","st_length(shape)":16.309433011496871,"slopelessthan5":null,"slopebtwn5and833":null}},{"type":"Feature","id":6168,"geometry":{"type":"LineString","coordinates":[[-80.423752798146026,37.219231086175036],[-80.423789835147019,37.219229531643762],[-80.423862300400032,37.219242276191636],[-80.423917613309897,37.219265247744843],[-80.423953051110615,37.219289205698267],[-80.424043319769993,37.219253194355666]]},"properties":{"objectid":6168,"type":"Normal","st_length(shape)":93.436151178635811,"slopelessthan5":null,"slopebtwn5and833":null}},{"type":"Feature","id":6198,"geometry":{"type":"LineString","coordinates":[[-80.424570759629972,37.22246408515327],[-80.424401463126301,37.222514414255663],[-80.424484006260414,37.222700225119489]]},"properties":{"objectid":6198,"type":"Normal","st_length(shape)":124.38374456163801,"slopelessthan5":null,"slopebtwn5and833":null}},{"type":"Feature","id":6252,"geometry":{"type":"LineString","coordinates":[[-80.424785668453509,37.223246780153914],[-80.424777973128897,37.223184995661789],[-80.424763607479008,37.223171589014441],[-80.424692057296497,37.223020780636944]]},"properties":{"objectid":6252,"type":"Normal","st_length(shape)":87.762559355642509,"slopelessthan5":null,"slopebtwn5and833":null}},{"type":"Feature","id":6249,"geometry":{"type":"LineString","coordinates":[[-80.424264522587649,37.223537996042481],[-80.424108672334413,37.223582568890677],[-80.424006784363499,37.223608103807543],[-80.423995508803486,37.223611486252828]]},"properties":{"objectid":6249,"type":"Normal","st_length(shape)":82.786915420460659,"slopelessthan5":null,"slopebtwn5and833":null}},{"type":"Feature","id":6260,"geometry":{"type":"LineString","coordinates":[[-80.42614170388336,37.221006368481476],[-80.426117587346539,37.221024491170873],[-80.426102657857911,37.221035710623127],[-80.426059933464899,37.221076103919344],[-80.426037366228954,37.221105478159224],[-80.426033228955518,37.221120009457188],[-80.426029399393485,37.221144568813195]]},"properties":{"objectid":6260,"type":"Normal","st_length(shape)":61.853136853723484,"slopelessthan5":null,"slopebtwn5and833":null}},{"type":"Feature","id":6270,"geometry":{"type":"LineString","coordinates":[[-80.423010433824956,37.221131719794421],[-80.422978806797346,37.221141065834878]]},"properties":{"objectid":6270,"type":"Normal","st_length(shape)":9.8174237052406177,"slopelessthan5":null,"slopebtwn5and833":null}},{"type":"Feature","id":7517,"geometry":{"type":"LineString","coordinates":[[-80.429279251875982,37.223990393651277],[-80.429380517447498,37.22401172024243],[-80.429445194671558,37.223999903504975]]},"properties":{"objectid":7517,"type":"Normal","st_length(shape)":49.806217847769929,"slopelessthan5":null,"slopebtwn5and833":null}},{"type":"Feature","id":7581,"geometry":{"type":"LineString","coordinates":[[-80.425301342393595,37.220682319198836],[-80.425308428597674,37.22073773588432],[-80.425308471857122,37.220793603777125],[-80.425301471481646,37.220849031370079],[-80.425287539179124,37.220903134182066],[-80.425234250451169,37.221058528308205],[-80.425040315083791,37.221404889968312],[-80.424932329725266,37.221592749728231]]},"properties":{"objectid":7581,"type":"Normal","st_length(shape)":353.1375828526443,"slopelessthan5":null,"slopebtwn5and833":null}},{"type":"Feature","id":6312,"geometry":{"type":"LineString","coordinates":[[-80.424028018152583,37.221620040214098],[-80.424035358206666,37.221637275655695],[-80.424154134313412,37.221892233719792]]},"properties":{"objectid":6312,"type":"Normal","st_length(shape)":105.69087087740472,"slopelessthan5":null,"slopebtwn5and833":null}},{"type":"Feature","id":6367,"geometry":{"type":"LineString","coordinates":[[-80.426673983207621,37.217737494100589],[-80.426804533660217,37.217457961412514],[-80.426652918989561,37.217406232410795]]},"properties":{"objectid":6367,"type":"Normal","st_length(shape)":156.64109386811589,"slopelessthan5":null,"slopebtwn5and833":null}},{"type":"Feature","id":6368,"geometry":{"type":"LineString","coordinates":[[-80.426673983207621,37.217737494100589],[-80.426526571833435,37.217695002064197]]},"properties":{"objectid":6368,"type":"Normal","st_length(shape)":45.626683542154929,"slopelessthan5":null,"slopebtwn5and833":null}},{"type":"Feature","id":7519,"geometry":{"type":"LineString","coordinates":[[-80.425548215417848,37.223761114410472],[-80.425514995101196,37.224001885035875],[-80.425508595773323,37.224020754126173]]},"properties":{"objectid":7519,"type":"Normal","st_length(shape)":95.313459223051623,"slopelessthan5":null,"slopebtwn5and833":null}},{"type":"Feature","id":6394,"geometry":{"type":"LineString","coordinates":[[-80.42538920729298,37.223300167940238],[-80.42548038011013,37.223300366979558],[-80.425491323547732,37.22330036060449],[-80.425476728122987,37.223210839084061]]},"properties":{"objectid":6394,"type":"Normal","st_length(shape)":62.602513053630723,"slopelessthan5":null,"slopebtwn5and833":null}},{"type":"Feature","id":6387,"geometry":{"type":"LineString","coordinates":[[-80.424264522587649,37.223537996042481],[-80.424308554202142,37.223549607279296],[-80.424353505512997,37.223556886259082],[-80.424398951324193,37.223559764129725],[-80.424444461762192,37.223558213669342],[-80.42448508717915,37.223553287023989],[-80.424525122208493,37.223544808064027],[-80.424564256851284,37.223532842443674],[-80.424597175753092,37.223521862243288],[-80.424627964552258,37.223505853847286],[-80.424655860825354,37.223485213671793],[-80.424680173776594,37.223460452829748],[-80.42470030134406,37.223432184474206],[-80.424715745108514,37.223401108614823],[-80.42472141951454,37.223271769508614],[-80.424785668453509,37.223246780153914]]},"properties":{"objectid":6387,"type":"Normal","st_length(shape)":225.11623496007795,"slopelessthan5":null,"slopebtwn5and833":null}},{"type":"Feature","id":7518,"geometry":{"type":"LineString","coordinates":[[-80.42945671721732,37.223641378508752],[-80.429491525342826,37.223559778749106],[-80.429516707401376,37.22349498213439],[-80.429603859098236,37.223334739612554],[-80.429678093438568,37.223229078107813],[-80.429739153579902,37.223167986789981],[-80.429757696264076,37.223162449260656],[-80.429776917905002,37.223160207857561],[-80.429796237204798,37.223161330364846],[-80.429911577787323,37.223202373567503]]},"properties":{"objectid":7518,"type":"Normal","st_length(shape)":246.15168564744539,"slopelessthan5":null,"slopebtwn5and833":null}},{"type":"Feature","id":6403,"geometry":{"type":"LineString","coordinates":[[-80.425326901371022,37.222734120819617],[-80.425336941159031,37.222739701775346],[-80.425345865469438,37.222746933724849],[-80.425353405779006,37.222755599066261],[-80.425359335207602,37.222765437068418],[-80.425363475344867,37.222776151716026],[-80.425365701618375,37.222787420616427],[-80.42536594704184,37.222798904700078],[-80.425364204230718,37.22281025842279],[-80.425360525624413,37.2228211401628],[-80.425355021908373,37.222831222499813],[-80.425347858683708,37.222840202066756],[-80.425339251484431,37.222847808677741],[-80.425329459292271,37.222853813457732],[-80.425318776744149,37.222858035729104],[-80.425307525266874,37.222860348448087],[-80.425296043405751,37.222860682027367],[-80.425191686449722,37.222893955215838],[-80.425139714399194,37.22287995427093]]},"properties":{"objectid":6403,"type":"Normal","st_length(shape)":108.8331472153601,"slopelessthan5":null,"slopebtwn5and833":null}},{"type":"Feature","id":6404,"geometry":{"type":"LineString","coordinates":[[-80.424570759629972,37.22246408515327],[-80.424783172084773,37.222401310804649],[-80.424975446103858,37.222347539347133],[-80.425001230465924,37.222409358383558],[-80.425032934366271,37.222468360835151],[-80.425070254123114,37.222523981535801],[-80.425112832262116,37.222575687712137],[-80.42516026094053,37.22262298408679],[-80.425212085853815,37.222665417622515],[-80.425267810587272,37.222702581861682],[-80.425326901371022,37.222734120819617]]},"properties":{"objectid":6404,"type":"Normal","st_length(shape)":303.32208770962558,"slopelessthan5":null,"slopebtwn5and833":null}},{"type":"Feature","id":6419,"geometry":{"type":"LineString","coordinates":[[-80.425467486111543,37.222926690224512],[-80.425457253300081,37.223015569478484],[-80.425459647378133,37.223069349602476],[-80.425461124588793,37.223127259938302],[-80.425476728122987,37.223210839084061],[-80.425629920757331,37.223245183490882],[-80.42567931363611,37.223254049248659],[-80.425729405850632,37.223257053941587],[-80.42577950435421,37.223254155998482],[-80.425898753277536,37.2232400574431],[-80.425950199613254,37.223234498893547],[-80.425971464547146,37.223230085277578],[-80.425993152124789,37.223228933585411],[-80.426014764902391,37.22323107023319],[-80.426035807151791,37.223236446213022],[-80.426055796230955,37.223244938217107],[-80.426074273654194,37.223256351465956],[-80.426090815608404,37.223270424176079],[-80.426262984585705,37.223406960069816],[-80.426277880092371,37.223416389598768],[-80.426291165351245,37.22342797812896],[-80.426302530271712,37.223441455173067],[-80.426311709585704,37.223456506164055],[-80.426318489039318,37.223472779797447],[-80.426322710393634,37.223489896231158],[-80.426324275118205,37.223507455951321],[-80.426327226154214,37.223535427762855]]},"properties":{"objectid":6419,"type":"Normal","st_length(shape)":413.48936075144462,"slopelessthan5":null,"slopebtwn5and833":null}},{"type":"Feature","id":6399,"geometry":{"type":"LineString","coordinates":[[-80.424692057296497,37.223020780636944],[-80.424596949382604,37.223046667880489]]},"properties":{"objectid":6399,"type":"Normal","st_length(shape)":29.251934162834459,"slopelessthan5":null,"slopebtwn5and833":null}},{"type":"Feature","id":6401,"geometry":{"type":"LineString","coordinates":[[-80.424692057296497,37.223020780636944],[-80.424740348842761,37.223001684645233],[-80.424789459555058,37.222984806603904],[-80.425139714399194,37.22287995427093],[-80.425158441420322,37.222874348387641],[-80.425326497115535,37.222734267112529],[-80.425326901371022,37.222734120819617]]},"properties":{"objectid":6401,"type":"Normal","st_length(shape)":216.7727135719318,"slopelessthan5":null,"slopebtwn5and833":null}},{"type":"Feature","id":6503,"geometry":{"type":"LineString","coordinates":[[-80.423913534713193,37.221966103340513],[-80.424154134313412,37.221892233719792],[-80.424337327614694,37.221839678436204]]},"properties":{"objectid":6503,"type":"Normal","st_length(shape)":131.70822992788649,"slopelessthan5":null,"slopebtwn5and833":null}},{"type":"Feature","id":6422,"geometry":{"type":"LineString","coordinates":[[-80.424043319769993,37.219253194355666],[-80.42410273816607,37.219217398362666]]},"properties":{"objectid":6422,"type":"Normal","st_length(shape)":21.660920999855659,"slopelessthan5":null,"slopebtwn5and833":null}},{"type":"Feature","id":7520,"geometry":{"type":"LineString","coordinates":[[-80.425508595773323,37.224020754126173],[-80.425564016952904,37.22403685542195],[-80.425621429985156,37.224043073181249],[-80.425640119164512,37.224046128718498],[-80.425658252318243,37.224051588614913],[-80.425675521509476,37.224059360150633],[-80.425700815299351,37.224068962544045],[-80.425718229968865,37.224074831214587],[-80.42573634854412,37.224077901921092],[-80.425754724429893,37.224078098975333],[-80.426025676485565,37.224073678059789],[-80.426024654673157,37.22403363272992],[-80.425889482545841,37.224035360627305]]},"properties":{"objectid":7520,"type":"Normal","st_length(shape)":208.26254252832098,"slopelessthan5":null,"slopebtwn5and833":null}},{"type":"Feature","id":6448,"geometry":{"type":"LineString","coordinates":[[-80.42538920729298,37.223300167940238],[-80.425406255447569,37.2233835621984]]},"properties":{"objectid":6448,"type":"Normal","st_length(shape)":30.766415286715663,"slopelessthan5":null,"slopebtwn5and833":null}},{"type":"Feature","id":6450,"geometry":{"type":"LineString","coordinates":[[-80.425314889453972,37.223102988123081],[-80.424894578121368,37.223226983870411],[-80.424785668453509,37.223246780153914]]},"properties":{"objectid":6450,"type":"Normal","st_length(shape)":162.95949589387592,"slopelessthan5":null,"slopebtwn5and833":null}},{"type":"Feature","id":6449,"geometry":{"type":"LineString","coordinates":[[-80.42379087732543,37.222821827693295],[-80.423940776437547,37.222778311205715]]},"properties":{"objectid":6449,"type":"Normal","st_length(shape)":46.431991116524124,"slopelessthan5":null,"slopebtwn5and833":null}},{"type":"Feature","id":6539,"geometry":{"type":"LineString","coordinates":[[-80.427621322357666,37.220915113640245],[-80.4275063170073,37.220741274053047],[-80.427478303105062,37.220712191982372]]},"properties":{"objectid":6539,"type":"Normal","st_length(shape)":84.97230617018576,"slopelessthan5":null,"slopebtwn5and833":null}},{"type":"Feature","id":6540,"geometry":{"type":"LineString","coordinates":[[-80.426582292055869,37.220364295986791],[-80.426840296196843,37.220246892196876],[-80.426951133248465,37.220198993807202],[-80.426990295174164,37.220181285041171],[-80.427386040089687,37.220002327611375],[-80.427630764299039,37.219891661492539],[-80.427657003757574,37.219892486634556],[-80.427795694057906,37.219831506449914]]},"properties":{"objectid":6540,"type":"Normal","st_length(shape)":404.18388513179576,"slopelessthan5":null,"slopebtwn5and833":null}},{"type":"Feature","id":6002,"geometry":{"type":"LineString","coordinates":[[-80.425021746498189,37.220764097916856],[-80.425055502449851,37.220804354384441],[-80.425086423225977,37.220846827353014],[-80.425114363735574,37.220891317524718],[-80.42510136463244,37.220894845362537]]},"properties":{"objectid":6002,"type":"Normal","st_length(shape)":57.655073747803613,"slopelessthan5":null,"slopebtwn5and833":null}},{"type":"Feature","id":6520,"geometry":{"type":"LineString","coordinates":[[-80.425131312321426,37.220711487565765],[-80.425105301144058,37.220602340187611]]},"properties":{"objectid":6520,"type":"Normal","st_length(shape)":40.455171375045644,"slopelessthan5":null,"slopebtwn5and833":null}},{"type":"Feature","id":6525,"geometry":{"type":"LineString","coordinates":[[-80.425105301144058,37.220602340187611],[-80.42512935385551,37.220598459012407],[-80.425152165657693,37.220593875176469],[-80.425175418942288,37.220593053819648],[-80.425198497311499,37.220596016714445],[-80.425220789004214,37.220602685320493],[-80.425241703112547,37.220612882866462],[-80.425260685245561,37.220626339035938],[-80.425277232225142,37.220642697132952],[-80.425290905424134,37.220661523537281],[-80.425301342393595,37.220682319198836],[-80.42526225345847,37.220692972764212],[-80.425179403673454,37.22070648515782],[-80.425131312321426,37.220711487565765]]},"properties":{"objectid":6525,"type":"Normal","st_length(shape)":123.50820197585801,"slopelessthan5":null,"slopebtwn5and833":null}},{"type":"Feature","id":6544,"geometry":{"type":"LineString","coordinates":[[-80.424319064912481,37.218477165828638],[-80.424366824795129,37.218418720363232],[-80.424378698114779,37.218337581670262],[-80.424377064831944,37.218186379365243]]},"properties":{"objectid":6544,"type":"Normal","st_length(shape)":110.21844922427003,"slopelessthan5":null,"slopebtwn5and833":null}},{"type":"Feature","id":6546,"geometry":{"type":"LineString","coordinates":[[-80.424377064831944,37.218186379365243],[-80.42432127471956,37.218187987486601],[-80.424314749154433,37.217985227751726],[-80.424274267376788,37.217887166662287]]},"properties":{"objectid":6546,"type":"Normal","st_length(shape)":127.7025513356532,"slopelessthan5":null,"slopebtwn5and833":null}},{"type":"Feature","id":6901,"geometry":{"type":"LineString","coordinates":[[-80.4263032469118,37.221668320937262],[-80.426280841495569,37.22173111214272],[-80.426214458749016,37.221781987758227],[-80.426196021162326,37.221801616656087]]},"properties":{"objectid":6901,"type":"Normal","st_length(shape)":59.484383253923696,"slopelessthan5":null,"slopebtwn5and833":null}},{"type":"Feature","id":7583,"geometry":{"type":"LineString","coordinates":[[-80.425365964287067,37.222362651864792],[-80.425465261707302,37.222267852075277]]},"properties":{"objectid":7583,"type":"Normal","st_length(shape)":45.025069413725298,"slopelessthan5":null,"slopebtwn5and833":null}},{"type":"Feature","id":6655,"geometry":{"type":"LineString","coordinates":[[-80.429322843688851,37.224168164922901],[-80.429393769564399,37.224062037665405],[-80.429445194671558,37.223999903504975]]},"properties":{"objectid":6655,"type":"Normal","st_length(shape)":70.941161450517782,"slopelessthan5":null,"slopebtwn5and833":null}},{"type":"Feature","id":7521,"geometry":{"type":"LineString","coordinates":[[-80.425458757295772,37.223049345738538],[-80.425442410987927,37.223049975608205],[-80.425314889453972,37.223102988123081]]},"properties":{"objectid":7521,"type":"Normal","st_length(shape)":46.61162666971623,"slopelessthan5":null,"slopebtwn5and833":null}},{"type":"Feature","id":6645,"geometry":{"type":"LineString","coordinates":[[-80.430645327533057,37.221842293758087],[-80.430650659253075,37.221845182089645],[-80.430655454530722,37.221848893559688],[-80.430659587473926,37.221853330729736],[-80.430662949579116,37.22185837710925],[-80.430665452579817,37.221863900213904],[-80.430667030763885,37.221869755043755],[-80.430667642698737,37.221875787889957],[-80.430667272318999,37.221881840370145],[-80.430665929348422,37.221887753586493],[-80.430663649044433,37.221893372297309],[-80.430660491272647,37.221898548992677],[-80.430652703167254,37.22191814320702],[-80.430628582627165,37.221962297765749],[-80.430590959431328,37.222036956302674],[-80.430572719458098,37.222084800561895],[-80.430549292864626,37.222130330381603],[-80.430520967886409,37.222172985573224],[-80.430488093027535,37.222212241316981],[-80.43047851254579,37.22222320872315],[-80.430470837809111,37.222235584830997],[-80.43046527206991,37.222249041880289],[-80.430461962727335,37.222263223483878],[-80.430452710429577,37.222308472964471],[-80.430437940293515,37.222352233261411],[-80.430417878492406,37.222393834278748],[-80.430392832230083,37.22243263898531],[-80.430363185036853,37.222468053169486],[-80.430336336570406,37.222511584422584],[-80.430221072907486,37.222698470451228],[-80.430150666989803,37.222801520891458],[-80.430129608969764,37.222836273669074],[-80.430112831866111,37.22287328345903],[-80.430100573643116,37.222912025319189],[-80.430084336158558,37.222961804058158],[-80.430063133723507,37.223009679265793],[-80.430037185000728,37.223055157200484],[-80.430006757601873,37.223097768843928],[-80.429972165327641,37.223137074738155],[-80.429933764931462,37.223172669517709],[-80.429913285752377,37.223199606833482],[-80.429896952562373,37.223229241992698],[-80.429885114381733,37.223260941728284],[-80.429879595439061,37.223285591031605],[-80.429865787574585,37.223319296760984],[-80.429738967592641,37.22354367712051],[-80.429726506621577,37.223558816474188],[-80.429712118559536,37.223572137866775],[-80.429706596287375,37.223577431190613],[-80.429701933068458,37.223583494948244],[-80.429698235017312,37.22359019115499],[-80.429695586285433,37.223597367434429],[-80.429694047146398,37.223604860485757],[-80.42969365262428,37.22361249979982],[-80.429694411696701,37.223620111539191],[-80.42969075776162,37.223653337000911],[-80.429682318308863,37.223685679823696],[-80.429669272208329,37.223716454517991],[-80.429651895965421,37.22374500882993]]},"properties":{"objectid":6645,"type":"Normal","st_length(shape)":762.91932633949773,"slopelessthan5":null,"slopebtwn5and833":null}},{"type":"Feature","id":6460,"geometry":{"type":"LineString","coordinates":[[-80.424444461762192,37.223558213669342],[-80.424518641832407,37.223572316090376],[-80.424691809812643,37.223587360428446],[-80.424725751079961,37.223574417945898],[-80.424749315388155,37.223567124463415],[-80.425291749289798,37.223573718693906],[-80.425334855359878,37.22357424311798],[-80.425344192042729,37.223575112627294],[-80.425353551046243,37.223574530608239],[-80.42536270806086,37.223572511010211],[-80.425371443618147,37.223569102237427],[-80.425379548350833,37.22356438598878],[-80.425386828010744,37.223558475299775],[-80.425393108124496,37.223551511833378],[-80.425398238175021,37.223543662484701],[-80.425416954559878,37.223507588886825],[-80.425421886025617,37.223473636449441],[-80.425406255447569,37.2233835621984]]},"properties":{"objectid":6460,"type":"Normal","st_length(shape)":344.84867053065,"slopelessthan5":null,"slopebtwn5and833":null}},{"type":"Feature","id":6648,"geometry":{"type":"LineString","coordinates":[[-80.429506251405783,37.22366462673611],[-80.42945671721732,37.223641378508752],[-80.429377667278132,37.223734821465669],[-80.429363565698637,37.223749305994666],[-80.429347845887065,37.223762015976924],[-80.429330729709719,37.223772772026273]]},"properties":{"objectid":6648,"type":"Normal","st_length(shape)":77.329224973719349,"slopelessthan5":null,"slopebtwn5and833":null}},{"type":"Feature","id":6650,"geometry":{"type":"LineString","coordinates":[[-80.429084432109022,37.223714624406298],[-80.429093718989691,37.223722429153661],[-80.429122223298322,37.223744874048116],[-80.429153807741159,37.223762725991122],[-80.429187738479527,37.223775570207401],[-80.42922322716052,37.223783108272123],[-80.429259449233697,37.223785165044511],[-80.429295563108866,37.223781692737155],[-80.429330729709719,37.223772772026273]]},"properties":{"objectid":6650,"type":"Normal","st_length(shape)":80.426644123328217,"slopelessthan5":null,"slopebtwn5and833":null}},{"type":"Feature","id":7522,"geometry":{"type":"LineString","coordinates":[[-80.425716063744545,37.222763155709018],[-80.425606895497467,37.222771854085686],[-80.425584628846394,37.222773977130245],[-80.425563006665172,37.22277970359049],[-80.425542608065612,37.222788880093319],[-80.425523979388103,37.222801260862362],[-80.425507619568762,37.222816514300639],[-80.425493966776386,37.222834231871822],[-80.425483386676859,37.222853939042132],[-80.425476162639384,37.222875107989928],[-80.425467486111543,37.222926690224512]]},"properties":{"objectid":7522,"type":"Normal","st_length(shape)":108.53588191278722,"slopelessthan5":null,"slopebtwn5and833":null}},{"type":"Feature","id":7523,"geometry":{"type":"LineString","coordinates":[[-80.425486250902367,37.222844407069474],[-80.425469593090895,37.22283852304934],[-80.425376899882352,37.222808432544177],[-80.425365468259002,37.222804319900874]]},"properties":{"objectid":7523,"type":"Normal","st_length(shape)":38.079746784672643,"slopelessthan5":null,"slopebtwn5and833":null}},{"type":"Feature","id":7524,"geometry":{"type":"LineString","coordinates":[[-80.424700437718485,37.223433778245536],[-80.424713009410638,37.223454797542331],[-80.424714285568314,37.22356327759254],[-80.424725751079961,37.223574417945898]]},"properties":{"objectid":7524,"type":"Normal","st_length(shape)":53.235257054936284,"slopelessthan5":null,"slopebtwn5and833":null}},{"type":"Feature","id":6762,"geometry":{"type":"LineString","coordinates":[[-80.424401520637005,37.222720862834457],[-80.424484006260414,37.222700225119489],[-80.424536532382277,37.222685221261898],[-80.424605435065487,37.222540822735141],[-80.424570759629972,37.22246408515327]]},"properties":{"objectid":6762,"type":"Normal","st_length(shape)":127.38513619002745,"slopelessthan5":null,"slopebtwn5and833":null}},{"type":"Feature","id":7525,"geometry":{"type":"LineString","coordinates":[[-80.424536532382277,37.222685221261898],[-80.424692057296497,37.223020780636944]]},"properties":{"objectid":7525,"type":"Normal","st_length(shape)":130.29709222414075,"slopelessthan5":null,"slopebtwn5and833":null}},{"type":"Feature","id":6668,"geometry":{"type":"LineString","coordinates":[[-80.428240743561801,37.222316557562529],[-80.428344600395832,37.222261935712304]]},"properties":{"objectid":6668,"type":"Normal","st_length(shape)":36.193077061547001,"slopelessthan5":null,"slopebtwn5and833":null}},{"type":"Feature","id":6706,"geometry":{"type":"LineString","coordinates":[[-80.429445194671558,37.223999903504975],[-80.429477779899699,37.224000738189368],[-80.429509911625914,37.22400621960908],[-80.429540930645047,37.224016235308909],[-80.429619635213783,37.22405071159897],[-80.429642354003647,37.224059064636457],[-80.429666097343343,37.224063773189165],[-80.429690284452505,37.224064722082275],[-80.429714323695876,37.22406188810514],[-80.429737627055076,37.224055340579014],[-80.429759624512016,37.224045239661415],[-80.429823456873208,37.224000951580138],[-80.429893649754618,37.223961272277151],[-80.429906349856083,37.223953009347582],[-80.429920170983166,37.223946800883311],[-80.429934783362583,37.223942795018843],[-80.429949838341699,37.223941087334453],[-80.429964976707424,37.223941718575624],[-80.429979837257051,37.223944673680904],[-80.429994065416579,37.22394988214122],[-80.429999480836372,37.223952611905929],[-80.430587914048445,37.224295659270524],[-80.430701381519441,37.224307582162126]]},"properties":{"objectid":6706,"type":"Normal","st_length(shape)":426.71291850564808,"slopelessthan5":null,"slopebtwn5and833":null}},{"type":"Feature","id":7526,"geometry":{"type":"LineString","coordinates":[[-80.424502147481107,37.222937092744914],[-80.424635977647768,37.222899784932572]]},"properties":{"objectid":7526,"type":"Normal","st_length(shape)":41.266080715908259,"slopelessthan5":null,"slopebtwn5and833":null}},{"type":"Feature","id":6693,"geometry":{"type":"LineString","coordinates":[[-80.427386040089687,37.220002327611375],[-80.427392925071501,37.220015354987609],[-80.427389112696446,37.220054616703358],[-80.427378587623821,37.220092633007404],[-80.42736166513815,37.220128265099767],[-80.427338852162109,37.220160445600868],[-80.427310832071342,37.220188210525521],[-80.427278444223603,37.220210728159628],[-80.427242658815274,37.220227323974676],[-80.427204547818562,37.220237500833591],[-80.427165252870054,37.220240953882787],[-80.427125951072242,37.220237579684209],[-80.427082840052819,37.220230524058962],[-80.427041368017967,37.220216797727758],[-80.427002560381922,37.220196740080155],[-80.426990295174164,37.220181285041171]]},"properties":{"objectid":6693,"type":"Normal","st_length(shape)":180.71751154387667,"slopelessthan5":null,"slopebtwn5and833":null}},{"type":"Feature","id":7528,"geometry":{"type":"LineString","coordinates":[[-80.424223319659887,37.223548151940577],[-80.424432591286333,37.223667387539862],[-80.42446128267548,37.223670264410998]]},"properties":{"objectid":7528,"type":"Normal","st_length(shape)":83.234552710118777,"slopelessthan5":null,"slopebtwn5and833":null}},{"type":"Feature","id":7529,"geometry":{"type":"LineString","coordinates":[[-80.424012245059188,37.223652192939113],[-80.423838506583621,37.223833344367819]]},"properties":{"objectid":7529,"type":"Normal","st_length(shape)":83.121115658409011,"slopelessthan5":null,"slopebtwn5and833":null}},{"type":"Feature","id":7530,"geometry":{"type":"LineString","coordinates":[[-80.423095870543207,37.223760167786999],[-80.42309470422785,37.22378278012328],[-80.423124601318364,37.223845986608119],[-80.423172551234103,37.223940055361105]]},"properties":{"objectid":7530,"type":"Normal","st_length(shape)":69.830439453505576,"slopelessthan5":null,"slopebtwn5and833":null}},{"type":"Feature","id":6708,"geometry":{"type":"LineString","coordinates":[[-80.429330729709719,37.223772772026273],[-80.429236791629762,37.223936789857767]]},"properties":{"objectid":6708,"type":"Normal","st_length(shape)":65.683360382591502,"slopelessthan5":null,"slopebtwn5and833":null}},{"type":"Feature","id":6710,"geometry":{"type":"LineString","coordinates":[[-80.428921561107671,37.223413365406302],[-80.428942042236969,37.223479411184037],[-80.428968852901136,37.223543150572965],[-80.42900173863444,37.223603978608928],[-80.429040387311346,37.223661317960051],[-80.429084432109022,37.223714624406298],[-80.429105028820771,37.223765079682465],[-80.42913088553928,37.223813052482434],[-80.429161707734551,37.223857996355285],[-80.429197144315623,37.223899399352156],[-80.429236791629762,37.223936789857767],[-80.429279251875982,37.223990393651277]]},"properties":{"objectid":6710,"type":"Normal","st_length(shape)":236.58871276064551,"slopelessthan5":null,"slopebtwn5and833":null}},{"type":"Feature","id":6725,"geometry":{"type":"LineString","coordinates":[[-80.424361873890803,37.225479581105873],[-80.423677085951169,37.225696589644969],[-80.423577124582621,37.225679491852858],[-80.423414703169257,37.225623619284477],[-80.42335734754414,37.225591606621045],[-80.423297080171594,37.225546302404965]]},"properties":{"objectid":6725,"type":"Normal","st_length(shape)":340.1517261185129,"slopelessthan5":null,"slopebtwn5and833":null}},{"type":"Feature","id":6729,"geometry":{"type":"LineString","coordinates":[[-80.423277709763667,37.225902138498697],[-80.423288015583921,37.225823660917754],[-80.423292669403423,37.225787969141138],[-80.423305181383981,37.225684564012269],[-80.42330003671141,37.225575592753458],[-80.423297080171594,37.225546302404965],[-80.423291144277201,37.225487489548591],[-80.423290768829759,37.225483768866169],[-80.423274562104979,37.225242723766179],[-80.423275838705862,37.225227687381761],[-80.423279615056643,37.225213077051819],[-80.423285784523358,37.22519930533273],[-80.423294172896874,37.225186761100751],[-80.423304543312113,37.225175798571208],[-80.423316602936481,37.225166727296418],[-80.423330011238647,37.225159803424745],[-80.423344389604296,37.225155222467684],[-80.423745695564634,37.225035105001602],[-80.424101430048864,37.22492862545618],[-80.424361873890803,37.225479581105873],[-80.424410950746747,37.225583400902117],[-80.424432416180295,37.225628809925979]]},"properties":{"objectid":6729,"type":"Normal","st_length(shape)":788.98724894464215,"slopelessthan5":null,"slopebtwn5and833":null}},{"type":"Feature","id":6746,"geometry":{"type":"LineString","coordinates":[[-80.423418568077466,37.220729562586357],[-80.423393896078395,37.220733426464186],[-80.423082187280059,37.220803124827597],[-80.422986641343584,37.220815400481712]]},"properties":{"objectid":6746,"type":"Normal","st_length(shape)":129.73864392229098,"slopelessthan5":null,"slopebtwn5and833":null}},{"type":"Feature","id":6757,"geometry":{"type":"LineString","coordinates":[[-80.423010433824956,37.221131719794421],[-80.423002669431284,37.22111206134938],[-80.422995395302252,37.221097711810515],[-80.422990476662605,37.221082394199641],[-80.42298803676222,37.221066492341102],[-80.422988136739448,37.221050404699149],[-80.422990774089058,37.221034534393361],[-80.422995882725104,37.221019279097341],[-80.423003334636846,37.221005021073978],[-80.423012943096381,37.220992117596765],[-80.423024467337669,37.220980891997371],[-80.423037618589532,37.220971625563678]]},"properties":{"objectid":6757,"type":"Normal","st_length(shape)":63.825934285559001,"slopelessthan5":null,"slopebtwn5and833":null}},{"type":"Feature","id":6735,"geometry":{"type":"LineString","coordinates":[[-80.424194381109288,37.219023752701055],[-80.42431647680003,37.219244834074878],[-80.424121585569893,37.219338666016448],[-80.424112416539373,37.219343136240745]]},"properties":{"objectid":6735,"type":"Normal","st_length(shape)":157.36050007226436,"slopelessthan5":null,"slopebtwn5and833":null}},{"type":"Feature","id":6765,"geometry":{"type":"LineString","coordinates":[[-80.42725529403539,37.225463672211134],[-80.427340630196483,37.225441671931364],[-80.427436288505092,37.225420880198506],[-80.427526725793797,37.225397426536325],[-80.427721668263445,37.225358988432276],[-80.427983188062299,37.225313051744571],[-80.428049938526456,37.225303720115306],[-80.428133684192716,37.225287243059014],[-80.42820341254675,37.225260006485669],[-80.428585175173509,37.225048450128057],[-80.428835947936548,37.224858773875283]]},"properties":{"objectid":6765,"type":"Normal","st_length(shape)":522.22987187134743,"slopelessthan5":null,"slopebtwn5and833":null}},{"type":"Feature","id":6764,"geometry":{"type":"LineString","coordinates":[[-80.424432416180295,37.225628809925979],[-80.424478604173444,37.225726515630704],[-80.424563233213476,37.225704633454939],[-80.424581297673569,37.225749882498242],[-80.424583652518024,37.225756349749773],[-80.424584913976062,37.225763115794294],[-80.424585047834825,37.225769997125312],[-80.424584050463849,37.225776807109597],[-80.424581948913499,37.22578336104894],[-80.424578800181337,37.225789481189508],[-80.424574689666287,37.225795001542828],[-80.42456972885239,37.225799772387646],[-80.424564052285248,37.225803664330655],[-80.424557813922902,37.225806571815824],[-80.424551182960187,37.225808415987274],[-80.424544339239958,37.225809146827991],[-80.424522017023151,37.22581660296462],[-80.424525261398173,37.225823081657538]]},"properties":{"objectid":6764,"type":"Normal","st_length(shape)":118.38236784545064,"slopelessthan5":null,"slopebtwn5and833":null}},{"type":"Feature","id":6781,"geometry":{"type":"LineString","coordinates":[[-80.429506251405783,37.22366462673611],[-80.429651895965421,37.22374500882993]]},"properties":{"objectid":6781,"type":"Normal","st_length(shape)":51.524655526802484,"slopelessthan5":null,"slopebtwn5and833":null}},{"type":"Feature","id":6763,"geometry":{"type":"LineString","coordinates":[[-80.423021004731922,37.223779840367982],[-80.423030054930791,37.223798375593603],[-80.423061951762136,37.223864517434649],[-80.423221850910679,37.223817221236565]]},"properties":{"objectid":6763,"type":"Normal","st_length(shape)":82.694100940388822,"slopelessthan5":null,"slopebtwn5and833":null}},{"type":"Feature","id":6782,"geometry":{"type":"LineString","coordinates":[[-80.429651895965421,37.22374500882993],[-80.429625139686536,37.223777180441083],[-80.429593903776038,37.223805023374098],[-80.429572389048033,37.223819539945829],[-80.429553545465325,37.223837387460115],[-80.429537882996513,37.223858082905188],[-80.429453060944837,37.223979687122231],[-80.429445194671558,37.223999903504975]]},"properties":{"objectid":6782,"type":"Normal","st_length(shape)":111.60040074554554,"slopelessthan5":null,"slopebtwn5and833":null}},{"type":"Feature","id":6785,"geometry":{"type":"LineString","coordinates":[[-80.425538674549571,37.221924935896929],[-80.425659097562985,37.221810313668797]]},"properties":{"objectid":6785,"type":"Normal","st_length(shape)":54.507723958959453,"slopelessthan5":null,"slopebtwn5and833":null}},{"type":"Feature","id":6786,"geometry":{"type":"LineString","coordinates":[[-80.425659097562985,37.221810313668797],[-80.425791615799113,37.221684177461547],[-80.425669331302643,37.221674746120591]]},"properties":{"objectid":6786,"type":"Normal","st_length(shape)":95.75334727143003,"slopelessthan5":null,"slopebtwn5and833":null}},{"type":"Feature","id":6787,"geometry":{"type":"LineString","coordinates":[[-80.426205378267966,37.220960811397894],[-80.42614170388336,37.221006368481476]]},"properties":{"objectid":6787,"type":"Normal","st_length(shape)":24.876999902086023,"slopelessthan5":null,"slopebtwn5and833":null}},{"type":"Feature","id":6784,"geometry":{"type":"LineString","coordinates":[[-80.428344600395832,37.222261935712304],[-80.428500049412435,37.22218491754311]]},"properties":{"objectid":6784,"type":"Normal","st_length(shape)":53.244129338778755,"slopelessthan5":null,"slopebtwn5and833":null}},{"type":"Feature","id":6780,"geometry":{"type":"LineString","coordinates":[[-80.429160487122857,37.224555284269016],[-80.42916690729902,37.224504279382835],[-80.429169861799224,37.224468754794309],[-80.429172815193127,37.224433231124813],[-80.429177975385258,37.22440846785603],[-80.429194676380348,37.224381972966199],[-80.42925814483651,37.224267994934898]]},"properties":{"objectid":6780,"type":"Normal","st_length(shape)":109.96036984056394,"slopelessthan5":null,"slopebtwn5and833":null}},{"type":"Feature","id":6861,"geometry":{"type":"LineString","coordinates":[[-80.42291199169955,37.225619655168643],[-80.422956310719712,37.225608287235836],[-80.423034697591461,37.225603852115881],[-80.423030673992898,37.225539531908133],[-80.423027706803666,37.225493318362219],[-80.423056165509479,37.225483498514173]]},"properties":{"objectid":6861,"type":"Normal","st_length(shape)":85.751180866245875,"slopelessthan5":null,"slopebtwn5and833":null}},{"type":"Feature","id":6900,"geometry":{"type":"LineString","coordinates":[[-80.425083878154268,37.220472647137072],[-80.425077349947372,37.22047363957391],[-80.424856512925018,37.220508869956454]]},"properties":{"objectid":6900,"type":"Normal","st_length(shape)":67.50336963550167,"slopelessthan5":null,"slopebtwn5and833":null}},{"type":"Feature","id":6902,"geometry":{"type":"LineString","coordinates":[[-80.426271482126182,37.221412444230204],[-80.426265186789593,37.221342318116257],[-80.426254481529469,37.221289021521734],[-80.426251375371962,37.221268479350471],[-80.426244961290251,37.221248718566812],[-80.426235410962846,37.221230268085485]]},"properties":{"objectid":6902,"type":"Normal","st_length(shape)":67.489153732908051,"slopelessthan5":null,"slopebtwn5and833":null}},{"type":"Feature","id":6903,"geometry":{"type":"LineString","coordinates":[[-80.424940492209885,37.220628930175501],[-80.425105301144058,37.220602340187611]]},"properties":{"objectid":6903,"type":"Normal","st_length(shape)":48.954506501220123,"slopelessthan5":null,"slopebtwn5and833":null}},{"type":"Feature","id":6904,"geometry":{"type":"LineString","coordinates":[[-80.425131312321426,37.220711487565765],[-80.425113137697238,37.220711422627851],[-80.425095158540856,37.220714081785147],[-80.425077780835267,37.220719404991883],[-80.425061396982215,37.220727272046005],[-80.425046376941495,37.220737505303482],[-80.425033059877023,37.220749873689606],[-80.425021746498189,37.220764097916856]]},"properties":{"objectid":6904,"type":"Normal","st_length(shape)":39.415930298831938,"slopelessthan5":null,"slopebtwn5and833":null}},{"type":"Feature","id":6905,"geometry":{"type":"LineString","coordinates":[[-80.423010433824956,37.221131719794421],[-80.423119060065972,37.22110567932738],[-80.423119040088451,37.221105647206748]]},"properties":{"objectid":6905,"type":"Normal","st_length(shape)":33.032222717577902,"slopelessthan5":null,"slopebtwn5and833":null}},{"type":"Feature","id":6907,"geometry":{"type":"LineString","coordinates":[[-80.42379087732543,37.222821827693295],[-80.423739541448256,37.222714171655277]]},"properties":{"objectid":6907,"type":"Normal","st_length(shape)":41.95015266887841,"slopelessthan5":null,"slopebtwn5and833":null}},{"type":"Feature","id":6910,"geometry":{"type":"LineString","coordinates":[[-80.42346731598434,37.22249151391091],[-80.423521203352692,37.22260860726491]]},"properties":{"objectid":6910,"type":"Normal","st_length(shape)":45.428519341455328,"slopelessthan5":null,"slopebtwn5and833":null}},{"type":"Feature","id":6908,"geometry":{"type":"LineString","coordinates":[[-80.423612420685231,37.222805576717008],[-80.423627284091324,37.222836447642941],[-80.423663949382885,37.222939333497408]]},"properties":{"objectid":6908,"type":"Normal","st_length(shape)":50.995900851696433,"slopelessthan5":null,"slopebtwn5and833":null}},{"type":"Feature","id":6396,"geometry":{"type":"LineString","coordinates":[[-80.427092791290136,37.222602799059345],[-80.427661946862813,37.222542684591815],[-80.427706882461663,37.222533623761265],[-80.427789843797768,37.222517002880593],[-80.427834709624776,37.222505167188942],[-80.42789898560315,37.222484919120546],[-80.427955778917493,37.222459365713128],[-80.428066451602973,37.222403828839802],[-80.428163686906004,37.222360086549557],[-80.428240743561801,37.222316557562529]]},"properties":{"objectid":6396,"type":"Normal","st_length(shape)":356.39175905812732,"slopelessthan5":null,"slopebtwn5and833":null}},{"type":"Feature","id":7574,"geometry":{"type":"LineString","coordinates":[[-80.42333897628572,37.221851922156674],[-80.423309011034277,37.221858336369415],[-80.423207817766624,37.221888319760765],[-80.423191523882011,37.221892236345582]]},"properties":{"objectid":7574,"type":"Normal","st_length(shape)":45.407433476579321,"slopelessthan5":null,"slopebtwn5and833":null}},{"type":"Feature","id":6531,"geometry":{"type":"LineString","coordinates":[[-80.428003698883415,37.220367187097786],[-80.428044745551176,37.220363001590862],[-80.42815075487313,37.220316153412725]]},"properties":{"objectid":6531,"type":"Normal","st_length(shape)":47.31481855449276,"slopelessthan5":null,"slopebtwn5and833":null}},{"type":"Feature","id":7584,"geometry":{"type":"LineString","coordinates":[[-80.427723590379983,37.220868372031447],[-80.42760107512261,37.220697381569522]]},"properties":{"objectid":7584,"type":"Normal","st_length(shape)":71.752618033940422,"slopelessthan5":null,"slopebtwn5and833":null}},{"type":"Feature","id":6528,"geometry":{"type":"LineString","coordinates":[[-80.428220227054695,37.220410588754227],[-80.4275063170073,37.220741274053047]]},"properties":{"objectid":6528,"type":"Normal","st_length(shape)":240.22155547761625,"slopelessthan5":null,"slopebtwn5and833":null}},{"type":"Feature","id":6534,"geometry":{"type":"LineString","coordinates":[[-80.42749061356227,37.220974853756083],[-80.427621322357666,37.220915113640245],[-80.428347289759387,37.220583305964944],[-80.428220227054695,37.220410588754227],[-80.42815075487313,37.220316153412725],[-80.427829857466378,37.219879949410689],[-80.427795694057906,37.219831506449914]]},"properties":{"objectid":6534,"type":"Normal","st_length(shape)":604.67283472332247,"slopelessthan5":null,"slopebtwn5and833":null}},{"type":"Feature","id":6545,"geometry":{"type":"LineString","coordinates":[[-80.427125951072242,37.220237579684209],[-80.427247267720873,37.220386194207983]]},"properties":{"objectid":6545,"type":"Normal","st_length(shape)":64.619240313772337,"slopelessthan5":null,"slopebtwn5and833":null}},{"type":"Feature","id":6518,"geometry":{"type":"LineString","coordinates":[[-80.425468100885013,37.220543675576216],[-80.425886636281476,37.220477866242611],[-80.426399295666258,37.220397254138668],[-80.426440429651109,37.22039931275544],[-80.426582292055869,37.220364295986791]]},"properties":{"objectid":6518,"type":"Normal","st_length(shape)":331.55904977645338,"slopelessthan5":null,"slopebtwn5and833":null}},{"type":"Feature","id":6642,"geometry":{"type":"LineString","coordinates":[[-80.426967914700711,37.220028245749198],[-80.426543400834916,37.220225966488549],[-80.426524749880869,37.22022670108182],[-80.426506204052046,37.220224591591894],[-80.426488194518427,37.220219687062077],[-80.426471139981672,37.220212101517241],[-80.42645543694087,37.220202011312892],[-80.426297484433448,37.220262856324254]]},"properties":{"objectid":6642,"type":"Normal","st_length(shape)":222.06289426400863,"slopelessthan5":null,"slopebtwn5and833":null}},{"type":"Feature","id":7586,"geometry":{"type":"LineString","coordinates":[[-80.426582292055869,37.220364295986791],[-80.426480136902398,37.220240632810594],[-80.426476478597451,37.220214929349034]]},"properties":{"objectid":7586,"type":"Normal","st_length(shape)":63.381897899372497,"slopelessthan5":null,"slopebtwn5and833":null}},{"type":"Feature","id":5920,"geometry":{"type":"LineString","coordinates":[[-80.425886636281476,37.220477866242611],[-80.425928229685653,37.220493999184377],[-80.426304674074615,37.220681325393706],[-80.426319024685313,37.220755581309774],[-80.42630144319736,37.220782425448711]]},"properties":{"objectid":5920,"type":"Normal","st_length(shape)":180.94806732311562,"slopelessthan5":null,"slopebtwn5and833":null}},{"type":"Feature","id":7589,"geometry":{"type":"LineString","coordinates":[[-80.425468100885013,37.220543675576216],[-80.425226123438151,37.220582925148179],[-80.42520759493344,37.220599694707019]]},"properties":{"objectid":7589,"type":"Normal","st_length(shape)":80.03935907887498,"slopelessthan5":null,"slopebtwn5and833":null}},{"type":"Feature","id":7590,"geometry":{"type":"LineString","coordinates":[[-80.425129536260812,37.220465704315544],[-80.425132638585893,37.220483633402189],[-80.425150074302991,37.220561888585763],[-80.425154012243723,37.220594950096952]]},"properties":{"objectid":7590,"type":"Normal","st_length(shape)":47.623058609675027,"slopelessthan5":null,"slopebtwn5and833":null}},{"type":"Feature","id":7591,"geometry":{"type":"LineString","coordinates":[[-80.425313333185372,37.220436180689312],[-80.425406155998289,37.220306660937069],[-80.425409686353788,37.220290336094784]]},"properties":{"objectid":7591,"type":"Normal","st_length(shape)":60.385478989334992,"slopelessthan5":null,"slopebtwn5and833":null}},{"type":"Feature","id":6547,"geometry":{"type":"LineString","coordinates":[[-80.423543570969656,37.219231464304684],[-80.423752798146026,37.219231086175036],[-80.423779143259068,37.219217982032539],[-80.423950460024301,37.219135676598462],[-80.423955888727306,37.219133069021005],[-80.424194381109288,37.219023752701055]]},"properties":{"objectid":6547,"type":"Normal","st_length(shape)":210.0336418719194,"slopelessthan5":null,"slopebtwn5and833":null}},{"type":"Feature","id":6737,"geometry":{"type":"LineString","coordinates":[[-80.424112416539373,37.219343136240745],[-80.424043319769993,37.219253194355666],[-80.423950460024301,37.219135676598462]]},"properties":{"objectid":6737,"type":"Normal","st_length(shape)":89.048815501851422,"slopelessthan5":null,"slopebtwn5and833":null}},{"type":"Feature","id":6731,"geometry":{"type":"LineString","coordinates":[[-80.424248330607114,37.219585707913055],[-80.424277155045999,37.219640108960512],[-80.424358322855113,37.219757340321358],[-80.424381932992176,37.219777928220417],[-80.424442932288827,37.21982304658934],[-80.424505915235343,37.219865351788243],[-80.424525961887426,37.219875269156979],[-80.424544160594152,37.219888270292955],[-80.424560041145511,37.21990401927868],[-80.424573193226976,37.219922109198954],[-80.424583277021028,37.219942072654575],[-80.424590031987108,37.219963393838775],[-80.424593283593467,37.219985521864416],[-80.424592947826554,37.22000788499755],[-80.424589033361769,37.220029905429605],[-80.424581641339302,37.220051014206604],[-80.424570962750863,37.220070665929477],[-80.424545721109965,37.220092209080775],[-80.424524328338507,37.220117578297028],[-80.424507356580293,37.220146095085525],[-80.424495259740283,37.220176996772629],[-80.424488361345155,37.220209456901216],[-80.424486845890584,37.220242607334107],[-80.42449075390698,37.220275561472114],[-80.42449998087551,37.220307437965879],[-80.424514280023473,37.220337384287383],[-80.424533268924066,37.220364599530491],[-80.424556439724384,37.220388355831041],[-80.424583172727779,37.220408017833314],[-80.42461275296742,37.220423059682489],[-80.424644389327952,37.220433079088437],[-80.424677235703641,37.220437808084917],[-80.42471041362721,37.22043712019623],[-80.424766349020928,37.220449630844563],[-80.42479210491706,37.220456369715095],[-80.424819425494675,37.220469267664477],[-80.424840736430468,37.220486168871133],[-80.424847200325743,37.220492775308422],[-80.424856512925018,37.220508869956454]]},"properties":{"objectid":6731,"type":"Normal","st_length(shape)":440.21769180620976,"slopelessthan5":null,"slopebtwn5and833":null}},{"type":"Feature","id":7592,"geometry":{"type":"LineString","coordinates":[[-80.424024254891393,37.219386118956528],[-80.424112416539373,37.219343136240745]]},"properties":{"objectid":7592,"type":"Normal","st_length(shape)":30.064825623383573,"slopelessthan5":null,"slopebtwn5and833":null}},{"type":"Feature","id":7593,"geometry":{"type":"LineString","coordinates":[[-80.423953051110615,37.219289205698267],[-80.423919615559555,37.219308565895858],[-80.423905752714802,37.219385469379674]]},"properties":{"objectid":7593,"type":"Normal","st_length(shape)":40.309130897188943,"slopelessthan5":null,"slopebtwn5and833":null}},{"type":"Feature","id":7594,"geometry":{"type":"LineString","coordinates":[[-80.423905752714802,37.219385469379674],[-80.42400409087,37.21939398958969],[-80.424024254891393,37.219386118956528]]},"properties":{"objectid":7594,"type":"Normal","st_length(shape)":35.334586543565756,"slopelessthan5":null,"slopebtwn5and833":null}},{"type":"Feature","id":7595,"geometry":{"type":"LineString","coordinates":[[-80.424859896870188,37.219427405381062],[-80.424876207945118,37.219440627967636],[-80.424860294339993,37.21947141123718],[-80.424859368260343,37.219528657791457],[-80.424843212616096,37.219549905829275],[-80.424979159648174,37.220072879620403]]},"properties":{"objectid":7595,"type":"Normal","st_length(shape)":243.27246087240565,"slopelessthan5":null,"slopebtwn5and833":null}},{"type":"Feature","id":7596,"geometry":{"type":"LineString","coordinates":[[-80.424415025513952,37.218509262342273],[-80.424590821058402,37.218585874593536]]},"properties":{"objectid":7596,"type":"Normal","st_length(shape)":58.294907454868806,"slopelessthan5":null,"slopebtwn5and833":null}},{"type":"Feature","id":6161,"geometry":{"type":"LineString","coordinates":[[-80.424856512925018,37.220508869956454],[-80.424080041987835,37.220624089009441],[-80.423957068755954,37.220642697034997]]},"properties":{"objectid":6161,"type":"Normal","st_length(shape)":266.38709149580455,"slopelessthan5":null,"slopebtwn5and833":null}},{"type":"Feature","id":7585,"geometry":{"type":"LineString","coordinates":[[-80.428466614601916,37.219340477594926],[-80.427397079743912,37.219832732241549],[-80.426967914700711,37.220028245749198],[-80.426946560797404,37.219997666848542]]},"properties":{"objectid":7585,"type":"Normal","st_length(shape)":515.88076357029308,"slopelessthan5":null,"slopebtwn5and833":null}},{"type":"Feature","id":7617,"geometry":{"type":"LineString","coordinates":[[-80.426804533660217,37.217457961412514],[-80.426812635895018,37.217444074655297]]},"properties":{"objectid":7617,"type":"Normal","st_length(shape)":5.5794247252042526,"slopelessthan5":null,"slopebtwn5and833":null}},{"type":"Feature","id":8280,"geometry":{"type":"LineString","coordinates":[[-80.424743674914836,37.218636842485338],[-80.424735627949033,37.218720144086113],[-80.424727581534086,37.218740969657055],[-80.424716182823119,37.218758056395629],[-80.424702771198838,37.218767668272903],[-80.424691372469326,37.218771406110442],[-80.424673266925694,37.218774076240244],[-80.424656503156754,37.218774076518372],[-80.424624316744854,37.218767668708729],[-80.424592801236543,37.218750047006061],[-80.424568660504335,37.218731357792706],[-80.424543850479267,37.218706794111931],[-80.424539826863807,37.218684900868574],[-80.424547202879808,37.218664609887831],[-80.424590788844029,37.218586113958771]]},"properties":{"objectid":8280,"type":"Normal","st_length(shape)":153.63728244624591,"slopelessthan5":null,"slopebtwn5and833":null}},{"type":"Feature","id":8282,"geometry":{"type":"LineString","coordinates":[[-80.424764394164711,37.219197011437508],[-80.424774117041167,37.21921249644295],[-80.424778810564973,37.219230117489026],[-80.424776799140673,37.219244535664387],[-80.424766740491975,37.219275506443012],[-80.424759364659934,37.219296865452925],[-80.424758694478797,37.219318758624681],[-80.424766070754004,37.219345991363127],[-80.424779481112594,37.219367883838238],[-80.424800268762525,37.219389777676348],[-80.424827090665019,37.219407398361547],[-80.424861289194297,37.21942769001177]]},"properties":{"objectid":8282,"type":"Normal","st_length(shape)":97.379075404388573,"slopelessthan5":null,"slopebtwn5and833":null}},{"type":"Feature","id":8284,"geometry":{"type":"LineString","coordinates":[[-80.424813365268179,37.219186902568296],[-80.424863639189894,37.219206009141885],[-80.424880860663421,37.219215739399395],[-80.424899334936597,37.219222807517376],[-80.424918653269401,37.219227057114949],[-80.424938388247071,37.219228394170521],[-80.424958103236719,37.219226789101967],[-80.424977362047628,37.219222277421139],[-80.425000204319403,37.219214961172781],[-80.425023951001606,37.219211585975771],[-80.425047927217349,37.219212247752672],[-80.425071451566481,37.219216927695875],[-80.425113222392085,37.219218885412893],[-80.425154907151764,37.219215566476578],[-80.425216660571124,37.219205020019729],[-80.42523216467049,37.219202056405031],[-80.425246922170345,37.219196454949213],[-80.425260487928369,37.219188384613496],[-80.425272452749695,37.219178088829892],[-80.4252824557298,37.219165878158407],[-80.425290195140761,37.219152120919325],[-80.425295437532512,37.219137232083305],[-80.425298024774577,37.219121660754276],[-80.42528893608754,37.219089483077283],[-80.425274950294266,37.219059111960817],[-80.425256408221983,37.219031287534783],[-80.425233761732315,37.219006687867413],[-80.425207562709616,37.218985912441099],[-80.42517844961182,37.218969467543246],[-80.425119351480276,37.218943819318881],[-80.425115659646522,37.218939004340776],[-80.425112846470256,37.218933628497588],[-80.425110994986483,37.218927850465178],[-80.425110159844465,37.218921840790607],[-80.425110365694621,37.218915776858189],[-80.425111606460973,37.21890983765374],[-80.425113845520514,37.218904198481553],[-80.425117016784128,37.218899025790009],[-80.425164171834922,37.218830532449523],[-80.425168930114268,37.21882122846808],[-80.42517215313876,37.218811287773633],[-80.425173759380144,37.218800961821785],[-80.425173708207623,37.218790511813445],[-80.425172000915609,37.218780202087601],[-80.425168680691073,37.218770293434716],[-80.42516383152099,37.218761036499885],[-80.425157576067917,37.218752665442615],[-80.425150072567149,37.218745392013631],[-80.425111071205635,37.218712642844338],[-80.425103548530856,37.218705788814397],[-80.425097058180782,37.218697950210057],[-80.425091727688439,37.218689281057067],[-80.425087661796084,37.218679951701162],[-80.425084940397042,37.218670145460834],[-80.425077612419898,37.218616658483668],[-80.425073342927149,37.218603718665101],[-80.425067128184125,37.218591592476827],[-80.425059117009042,37.218580570292538],[-80.425049501237481,37.218570916049423],[-80.42503851112869,37.218562860927968],[-80.425026409851782,37.218556597816104],[-80.425013487183932,37.218552276690282],[-80.425000052571292,37.218550001024177]]},"properties":{"objectid":8284,"type":"Normal","st_length(shape)":418.81464185356509,"slopelessthan5":null,"slopebtwn5and833":null}},{"type":"Feature","id":8285,"geometry":{"type":"LineString","coordinates":[[-80.424630089377558,37.219155594809813],[-80.424658799900115,37.219155760055308],[-80.424687180695145,37.219160101931159],[-80.424714627426752,37.219168527982191],[-80.424740555648853,37.219180858785506],[-80.424764413250259,37.219196831771043]]},"properties":{"objectid":8285,"type":"Normal","st_length(shape)":43.179756690867862,"slopelessthan5":null,"slopebtwn5and833":null}},{"type":"Feature","id":8286,"geometry":{"type":"LineString","coordinates":[[-80.424795407584412,37.218826188424849],[-80.424755684424071,37.218807911091979],[-80.424740964493154,37.218791936162219],[-80.424717013246664,37.218756812602543]]},"properties":{"objectid":8286,"type":"Normal","st_length(shape)":35.135617470121666,"slopelessthan5":null,"slopebtwn5and833":null}},{"type":"Feature","id":8287,"geometry":{"type":"LineString","coordinates":[[-80.4267840987672,37.218979377182684],[-80.426738090205021,37.218902918939349]]},"properties":{"objectid":8287,"type":"Normal","st_length(shape)":30.893756257758692,"slopelessthan5":null,"slopebtwn5and833":null}},{"type":"Feature","id":8294,"geometry":{"type":"LineString","coordinates":[[-80.4254222273685,37.218742703743068],[-80.425450880844707,37.218748230735812],[-80.425467702844912,37.218750687409965],[-80.425484703252678,37.218750720193853],[-80.425501534602731,37.218748328417412],[-80.425517852885093,37.218743560965322],[-80.425743961162468,37.218657005305722],[-80.425837054094643,37.218628736034539],[-80.425931676134795,37.218606106071356],[-80.426027486000166,37.218589197037922],[-80.426124138123782,37.218578069921719],[-80.426307259396879,37.218567927864605],[-80.4263210309296,37.218568733968901],[-80.426334750881097,37.218567295967269],[-80.426348055990445,37.218563651933437],[-80.426360593980476,37.218557898349893],[-80.426372032884885,37.218550187553319],[-80.426382069837658,37.218540723701224],[-80.42639043909206,37.218529757366454],[-80.426396919056728,37.218517578902855],[-80.426459623051642,37.21835737983492],[-80.426753392931772,37.217757122862906]]},"properties":{"objectid":8294,"type":"Normal","st_length(shape)":600.2741278670818,"slopelessthan5":null,"slopebtwn5and833":null}},{"type":"Feature","id":8295,"geometry":{"type":"LineString","coordinates":[[-80.425193796708371,37.218379231145178],[-80.424984585214872,37.218465737298949],[-80.42498994974622,37.218492435930457]]},"properties":{"objectid":8295,"type":"Normal","st_length(shape)":78.424288879279729,"slopelessthan5":null,"slopebtwn5and833":null}},{"type":"Feature","id":8296,"geometry":{"type":"LineString","coordinates":[[-80.425852610237314,37.219340891632235],[-80.425876392219877,37.219353545718924],[-80.425901866421569,37.219362307776521],[-80.425928400593449,37.219366960337886],[-80.425955336179015,37.219367387930241],[-80.425982004658977,37.219363579941096],[-80.425997596710218,37.219357359916678],[-80.426315898860665,37.219230379513334]]},"properties":{"objectid":8296,"type":"Normal","st_length(shape)":148.70741824323082,"slopelessthan5":null,"slopebtwn5and833":null}},{"type":"Feature","id":8692,"geometry":{"type":"LineString","coordinates":[[-80.424119922212228,37.219502657160504],[-80.424108311898166,37.219485454384476],[-80.424086405130979,37.219457893381119],[-80.424024254891393,37.219386118956528]]},"properties":{"objectid":8692,"type":"Normal","st_length(shape)":50.794932536607035,"slopelessthan5":null,"slopebtwn5and833":null}},{"type":"Feature","id":8693,"geometry":{"type":"LineString","coordinates":[[-80.424163281386612,37.219481812044066],[-80.424119922212228,37.219502657160504]]},"properties":{"objectid":8693,"type":"Normal","st_length(shape)":14.730785884715461,"slopelessthan5":null,"slopebtwn5and833":null}},{"type":"Feature","id":8694,"geometry":{"type":"LineString","coordinates":[[-80.424226671973841,37.219288071760907],[-80.424283741498897,37.219364340694163]]},"properties":{"objectid":8694,"type":"Normal","st_length(shape)":32.361323142349043,"slopelessthan5":null,"slopebtwn5and833":null}},{"type":"Feature","id":7587,"geometry":{"type":"LineString","coordinates":[[-80.426297484433448,37.220262856324254],[-80.426440429651109,37.22039931275544]]},"properties":{"objectid":7587,"type":"Normal","st_length(shape)":64.813315545710566,"slopelessthan5":null,"slopebtwn5and833":null}},{"type":"Feature","id":7582,"geometry":{"type":"LineString","coordinates":[[-80.424932329725266,37.221592749728231],[-80.424961191932695,37.221597758818454],[-80.425066280713423,37.221622502938772],[-80.425086018375154,37.221629757200901]]},"properties":{"objectid":7582,"type":"Normal","st_length(shape)":46.821418691594651,"slopelessthan5":null,"slopebtwn5and833":null}},{"type":"Feature","id":8288,"geometry":{"type":"LineString","coordinates":[[-80.426368156187081,37.21855338406445],[-80.426346109637606,37.218639694756511],[-80.426346574980073,37.218657930032379],[-80.426343794418628,37.218670961729217],[-80.426338899266554,37.218683355039133],[-80.426332024036441,37.218694769409687],[-80.426323357650872,37.218704891188466],[-80.426313138251146,37.218713442241821],[-80.426301646653386,37.218720187597654],[-80.426263605670968,37.218736797215364],[-80.426254850517566,37.218741909810056],[-80.426247035317587,37.218748368446484],[-80.426240364997085,37.218756003769656],[-80.426235014461753,37.218764615570109],[-80.426231124010542,37.218773978033717],[-80.426228795656812,37.218783845662827],[-80.426228090453435,37.218793959713629],[-80.426229026891917,37.218804054980758],[-80.426231580417436,37.21881386675139],[-80.426237592664805,37.21882969924944],[-80.426245949041842,37.218844429696659],[-80.42625645406801,37.218857713504022],[-80.426268861999446,37.218869239923677],[-80.426282882577681,37.218878739318335],[-80.426319685982094,37.218895624176923],[-80.426358778321656,37.218906177755173],[-80.426399078938786,37.218910108312969],[-80.426444724324753,37.21890917324707],[-80.426490192166597,37.218905043965378],[-80.426524470691774,37.218899972091862],[-80.426558304078924,37.218892485897726],[-80.42663505931931,37.218871559787573],[-80.426650990581265,37.218868458324458],[-80.426667213772447,37.218867976402684],[-80.426683301042743,37.218870126731829],[-80.426698828126618,37.218874852601822],[-80.42671338553221,37.218882029378477],[-80.426726589340745,37.218891467790471],[-80.426738091331515,37.218902918920953]]},"properties":{"objectid":8288,"type":"Normal","st_length(shape)":279.88071934697803,"slopelessthan5":null,"slopebtwn5and833":null}},{"type":"Feature","id":5816,"geometry":{"type":"LineString","coordinates":[[-80.418771887615264,37.215090759279427],[-80.418581459367729,37.215131945960792]]},"properties":{"objectid":5816,"type":"Normal","st_length(shape)":57.443231236662719,"slopelessthan5":null,"slopebtwn5and833":null}},{"type":"Feature","id":5830,"geometry":{"type":"LineString","coordinates":[[-80.418832300293289,37.231745034170217],[-80.419000578141635,37.231637641181159],[-80.419180117999801,37.231523061000011]]},"properties":{"objectid":5830,"type":"Normal","st_length(shape)":129.55809579577394,"slopelessthan5":null,"slopebtwn5and833":null}},{"type":"Feature","id":5833,"geometry":{"type":"LineString","coordinates":[[-80.419086691454652,37.228261106648013],[-80.419228276203526,37.228155643245394],[-80.419241715677984,37.228101378539669],[-80.419219641678822,37.228075468713804],[-80.419177493264471,37.228033890237853],[-80.419129416519766,37.227990060294886],[-80.419072419128312,37.227941679689678],[-80.419012667053181,37.227900388250376],[-80.418950100569688,37.22786383730498],[-80.418884719715962,37.227832028650994],[-80.418764375354698,37.22778634051808],[-80.418734464520455,37.227807815737755]]},"properties":{"objectid":5833,"type":"Normal","st_length(shape)":271.12866219880976,"slopelessthan5":null,"slopebtwn5and833":null}},{"type":"Feature","id":5837,"geometry":{"type":"LineString","coordinates":[[-80.418436961080758,37.227625716622221],[-80.418499592334655,37.227579960940382],[-80.418563124535694,37.227539012431393],[-80.418788744712955,37.227408554770143],[-80.418789469867463,37.227407950841162]]},"properties":{"objectid":5837,"type":"Normal","st_length(shape)":129.82367668008482,"slopelessthan5":null,"slopebtwn5and833":null}},{"type":"Feature","id":5839,"geometry":{"type":"LineString","coordinates":[[-80.41844144270803,37.229703528647875],[-80.41854200925259,37.229808083055048]]},"properties":{"objectid":5839,"type":"Normal","st_length(shape)":48.024811689722853,"slopelessthan5":null,"slopebtwn5and833":null}},{"type":"Feature","id":5849,"geometry":{"type":"LineString","coordinates":[[-80.41854200925259,37.229808083055048],[-80.419124655479436,37.229449753418237]]},"properties":{"objectid":5849,"type":"Normal","st_length(shape)":213.99902449459441,"slopelessthan5":null,"slopebtwn5and833":null}},{"type":"Feature","id":5912,"geometry":{"type":"LineString","coordinates":[[-80.41852325845538,37.219344582445359],[-80.418613539537787,37.219442646126915],[-80.418671632575823,37.219569868512004],[-80.418707211258521,37.219646163140396],[-80.418732701883044,37.219731706673016],[-80.418764405226597,37.21988950227562],[-80.418774076304629,37.220001998929028],[-80.418779258635752,37.220100930362484],[-80.418776088054528,37.220196994516783],[-80.418768312885376,37.220272765466248],[-80.418756718573604,37.220337329778992],[-80.418747186057772,37.220392648574894],[-80.418725192143555,37.220469199545157],[-80.418702221960899,37.220534390406499],[-80.418674538925387,37.220611254661058],[-80.418648528281167,37.220674328254177],[-80.418625361586649,37.220737246555871],[-80.418571054361678,37.220842813154896]]},"properties":{"objectid":5912,"type":"Normal","st_length(shape)":569.36772901370614,"slopelessthan5":null,"slopebtwn5and833":null}},{"type":"Feature","id":5896,"geometry":{"type":"LineString","coordinates":[[-80.418305987922892,37.224803706537038],[-80.418397733137553,37.224882104108843]]},"properties":{"objectid":5896,"type":"Normal","st_length(shape)":39.093502332163851,"slopelessthan5":null,"slopebtwn5and833":null}},{"type":"Feature","id":5897,"geometry":{"type":"LineString","coordinates":[[-80.418883200242874,37.224400199630132],[-80.418959995671685,37.224477022822377]]},"properties":{"objectid":5897,"type":"Normal","st_length(shape)":35.809462696369671,"slopelessthan5":null,"slopebtwn5and833":null}},{"type":"Feature","id":6027,"geometry":{"type":"LineString","coordinates":[[-80.418789469867463,37.227407950841162],[-80.418259618565557,37.227045765830603],[-80.418261856099832,37.227109813977883],[-80.418257810570793,37.227173773382383],[-80.418247520870565,37.227237029163135],[-80.418231085920368,37.227298973203538],[-80.41820866371944,37.227359009997549],[-80.418180469826154,37.227416562374657],[-80.418146775285692,37.227471077048577],[-80.418130214736209,37.227497643716234],[-80.418097909793403,37.227563645783299],[-80.418098402114154,37.227573949628741],[-80.418100565555832,37.227584035813891],[-80.4181043423783,37.227593635148388],[-80.418109631781874,37.227602491435448],[-80.418116292597588,37.227610368309485],[-80.418124147054826,37.227617055544499],[-80.418132985525872,37.227622374664755],[-80.41814873043603,37.227629329584474],[-80.418165427850042,37.227633509233897],[-80.418182592558409,37.227634792156735],[-80.41819972577251,37.227633141072602],[-80.418268709475115,37.227630799713978],[-80.418388939101334,37.227626497079847],[-80.418436961080758,37.227625716622221]]},"properties":{"objectid":6027,"type":"Normal","st_length(shape)":514.1499356000287,"slopelessthan5":null,"slopebtwn5and833":null}},{"type":"Feature","id":5997,"geometry":{"type":"LineString","coordinates":[[-80.418576194932456,37.230223453869627],[-80.418536199145052,37.230186112244333],[-80.418478155296654,37.230126145270702],[-80.418395575488105,37.230041551167666],[-80.418339112602069,37.229980361535119],[-80.41830394761871,37.229954491234857]]},"properties":{"objectid":5997,"type":"Normal","st_length(shape)":126.18103613869542,"slopelessthan5":null,"slopebtwn5and833":null}},{"type":"Feature","id":6030,"geometry":{"type":"LineString","coordinates":[[-80.418073139470124,37.218588826460504],[-80.418106186974128,37.218572289846129],[-80.418112263347197,37.217759217125518]]},"properties":{"objectid":6030,"type":"Normal","st_length(shape)":307.3912063427336,"slopelessthan5":null,"slopebtwn5and833":null}},{"type":"Feature","id":6039,"geometry":{"type":"LineString","coordinates":[[-80.419037768966291,37.227177577580591],[-80.418964840963255,37.227125306423886]]},"properties":{"objectid":6039,"type":"Normal","st_length(shape)":28.513705265332995,"slopelessthan5":null,"slopebtwn5and833":null}},{"type":"Feature","id":6041,"geometry":{"type":"LineString","coordinates":[[-80.418397977802769,37.225299442718011],[-80.41850756114124,37.225271741732335]]},"properties":{"objectid":6041,"type":"Normal","st_length(shape)":33.461749278095695,"slopelessthan5":null,"slopebtwn5and833":null}},{"type":"Feature","id":6087,"geometry":{"type":"LineString","coordinates":[[-80.418976839992226,37.227386286273365],[-80.418981316832301,37.227539762875892]]},"properties":{"objectid":6087,"type":"Normal","st_length(shape)":55.895151774389866,"slopelessthan5":null,"slopebtwn5and833":null}},{"type":"Feature","id":6088,"geometry":{"type":"LineString","coordinates":[[-80.418976839992226,37.227386286273365],[-80.418789469867463,37.227407950841162]]},"properties":{"objectid":6088,"type":"Normal","st_length(shape)":55.119281467862443,"slopelessthan5":null,"slopebtwn5and833":null}},{"type":"Feature","id":6089,"geometry":{"type":"LineString","coordinates":[[-80.419162618699175,37.227364805004562],[-80.419067880396142,37.22745622818853],[-80.418981316832301,37.227539762875892],[-80.418869295882843,37.227704327278104]]},"properties":{"objectid":6089,"type":"Normal","st_length(shape)":150.94742667775827,"slopelessthan5":null,"slopebtwn5and833":null}},{"type":"Feature","id":6117,"geometry":{"type":"LineString","coordinates":[[-80.418136225182096,37.218881460362454],[-80.418114619842683,37.218690655091429]]},"properties":{"objectid":6117,"type":"Normal","st_length(shape)":69.755294233563632,"slopelessthan5":null,"slopebtwn5and833":null}},{"type":"Feature","id":6079,"geometry":{"type":"LineString","coordinates":[[-80.418507785745135,37.227731853972685],[-80.418679366499134,37.227756811090003],[-80.418734464520455,37.227807815737755]]},"properties":{"objectid":6079,"type":"Normal","st_length(shape)":75.314027907278358,"slopelessthan5":null,"slopebtwn5and833":null}},{"type":"Feature","id":6135,"geometry":{"type":"LineString","coordinates":[[-80.418856735265919,37.225587733086435],[-80.418858854165919,37.225606309189018],[-80.418849062271249,37.225628330690213],[-80.418836088043307,37.225648640715448],[-80.418820223129032,37.22566678271675],[-80.418801824155011,37.225682348881051],[-80.418781304710791,37.225694989297374],[-80.418759126051853,37.225704419822478],[-80.418735786731091,37.225710428468098],[-80.418646612591274,37.225741434583867],[-80.418357989973103,37.225822668709696]]},"properties":{"objectid":6135,"type":"Normal","st_length(shape)":178.82196178394767,"slopelessthan5":null,"slopebtwn5and833":null}},{"type":"Feature","id":6155,"geometry":{"type":"LineString","coordinates":[[-80.419346218008783,37.225253755435446],[-80.419272285743503,37.225276593739778],[-80.419205552322708,37.225293857692854],[-80.419160076216414,37.225307206014683],[-80.419133412507634,37.225316582044343],[-80.419114826681792,37.225333278524218],[-80.419110578601448,37.225356545661271],[-80.419047632033923,37.225363081295065],[-80.418699027494227,37.225374581468749],[-80.418621427845807,37.225374334983144]]},"properties":{"objectid":6155,"type":"Normal","st_length(shape)":225.44007616534526,"slopelessthan5":null,"slopebtwn5and833":null}},{"type":"Feature","id":6183,"geometry":{"type":"LineString","coordinates":[[-80.41852325845538,37.219344582445359],[-80.418406117513314,37.219294515899854],[-80.417673616321409,37.219306419585557],[-80.417504002086261,37.219381977190714]]},"properties":{"objectid":6183,"type":"Normal","st_length(shape)":308.53820556340764,"slopelessthan5":null,"slopebtwn5and833":null}},{"type":"Feature","id":6184,"geometry":{"type":"LineString","coordinates":[[-80.418571054361678,37.220842813154896],[-80.417655682286707,37.220882255109714]]},"properties":{"objectid":6184,"type":"Normal","st_length(shape)":266.91604355588333,"slopelessthan5":null,"slopebtwn5and833":null}},{"type":"Feature","id":6228,"geometry":{"type":"LineString","coordinates":[[-80.419086691454652,37.228261106648013],[-80.418939739208469,37.228107231632606],[-80.418784068127394,37.228086362242486]]},"properties":{"objectid":6228,"type":"Normal","st_length(shape)":116.44812286346182,"slopelessthan5":null,"slopebtwn5and833":null}},{"type":"Feature","id":6241,"geometry":{"type":"LineString","coordinates":[[-80.418155451732702,37.224997885089934],[-80.418143965647985,37.224966301596503]]},"properties":{"objectid":6241,"type":"Normal","st_length(shape)":11.975778442764941,"slopelessthan5":null,"slopebtwn5and833":null}},{"type":"Feature","id":6257,"geometry":{"type":"LineString","coordinates":[[-80.41851202884709,37.22372923230737],[-80.418625904712272,37.223648841909281],[-80.4187934237587,37.223526839668075],[-80.418941534902203,37.223429322359166],[-80.418970459292524,37.223414911101628]]},"properties":{"objectid":6257,"type":"Normal","st_length(shape)":175.98033264947102,"slopelessthan5":null,"slopebtwn5and833":null}},{"type":"Feature","id":6268,"geometry":{"type":"LineString","coordinates":[[-80.41915668455006,37.226254392900636],[-80.419000554601467,37.226140495700683],[-80.418731271834787,37.22594121351829],[-80.418713573947315,37.225928116278091]]},"properties":{"objectid":6268,"type":"Normal","st_length(shape)":175.37608121906578,"slopelessthan5":null,"slopebtwn5and833":null}},{"type":"Feature","id":6271,"geometry":{"type":"LineString","coordinates":[[-80.418228152782135,37.225548641666947],[-80.418271313401959,37.225651100848907],[-80.418290922336752,37.225694873730461],[-80.418264534783688,37.225699825190851],[-80.418241504734354,37.22570779004193],[-80.418221582005259,37.225720099937689],[-80.4182035509874,37.225737972436313],[-80.418179579223249,37.225728573182892],[-80.418166779516213,37.225765538114594],[-80.418169018784511,37.225794667168557],[-80.418175864061922,37.225821031951142]]},"properties":{"objectid":6271,"type":"Normal","st_length(shape)":129.34997872912831,"slopelessthan5":null,"slopebtwn5and833":null}},{"type":"Feature","id":6273,"geometry":{"type":"LineString","coordinates":[[-80.418713573947315,37.225928116278091],[-80.418647270211494,37.225933833686312],[-80.418581962626533,37.225946631869256],[-80.418518405143942,37.225966363076701],[-80.418457331510979,37.225992799519283],[-80.4183895155779,37.226031990035665],[-80.418325080957985,37.226076521789622],[-80.418264447371797,37.226126104705841],[-80.418208009780372,37.226180415806247],[-80.41815613581241,37.226239101313858],[-80.418109163369692,37.226301778957229],[-80.418067398425919,37.226368040460578],[-80.417836076626813,37.226756247504518]]},"properties":{"objectid":6273,"type":"Normal","st_length(shape)":415.52797537468967,"slopelessthan5":null,"slopebtwn5and833":null}},{"type":"Feature","id":6275,"geometry":{"type":"LineString","coordinates":[[-80.418228152782135,37.225548641666947],[-80.418121787410058,37.225646311490614]]},"properties":{"objectid":6275,"type":"Normal","st_length(shape)":47.155440583155226,"slopelessthan5":null,"slopebtwn5and833":null}},{"type":"Feature","id":6278,"geometry":{"type":"LineString","coordinates":[[-80.418172545772038,37.225416636157867],[-80.418228152782135,37.225548641666947]]},"properties":{"objectid":6278,"type":"Normal","st_length(shape)":50.716057654862311,"slopelessthan5":null,"slopebtwn5and833":null}},{"type":"Feature","id":6279,"geometry":{"type":"LineString","coordinates":[[-80.418122157698519,37.225297020441857],[-80.418152673605803,37.225369462496417]]},"properties":{"objectid":6279,"type":"Normal","st_length(shape)":27.831977842590508,"slopelessthan5":null,"slopebtwn5and833":null}},{"type":"Feature","id":6288,"geometry":{"type":"LineString","coordinates":[[-80.418062176952219,37.225530975283526],[-80.418078563185773,37.225502488111808],[-80.418125451813609,37.225453835723464],[-80.418172545772038,37.225416636157867]]},"properties":{"objectid":6288,"type":"Normal","st_length(shape)":53.053921442476117,"slopelessthan5":null,"slopebtwn5and833":null}},{"type":"Feature","id":6298,"geometry":{"type":"LineString","coordinates":[[-80.418152673605803,37.225369462496417],[-80.418172545772038,37.225416636157867]]},"properties":{"objectid":6298,"type":"Normal","st_length(shape)":18.123993340880435,"slopelessthan5":null,"slopebtwn5and833":null}},{"type":"Feature","id":6306,"geometry":{"type":"LineString","coordinates":[[-80.418114619842683,37.218690655091429],[-80.418260593064488,37.218692151016796],[-80.4185737590321,37.21869238196178],[-80.419032985056305,37.21869858590582],[-80.419127040621049,37.218697056591949],[-80.419139726560701,37.218700287820866],[-80.419151670530283,37.218705646505015],[-80.41916251871524,37.218712973904843],[-80.419171949761321,37.218722052961795],[-80.419179684293937,37.218732614728239],[-80.419185493194107,37.218744346334432],[-80.419197035866389,37.218804727476062],[-80.419204650386007,37.218914906114605],[-80.419238677765009,37.21905415600726],[-80.419308740889903,37.219222320650324],[-80.419363212397172,37.21933162013611]]},"properties":{"objectid":6306,"type":"Normal","st_length(shape)":541.61786276059502,"slopelessthan5":null,"slopebtwn5and833":null}},{"type":"Feature","id":6352,"geometry":{"type":"LineString","coordinates":[[-80.418957109884985,37.223087975700636],[-80.418829114188213,37.222969951822392],[-80.418853174648433,37.222956048671122]]},"properties":{"objectid":6352,"type":"Normal","st_length(shape)":65.523956087943802,"slopelessthan5":null,"slopebtwn5and833":null}},{"type":"Feature","id":6364,"geometry":{"type":"LineString","coordinates":[[-80.418155451732702,37.224997885089934],[-80.41828507097317,37.224961240662211],[-80.418368741256472,37.22494124777797]]},"properties":{"objectid":6364,"type":"Normal","st_length(shape)":65.453571185969324,"slopelessthan5":null,"slopebtwn5and833":null}},{"type":"Feature","id":6362,"geometry":{"type":"LineString","coordinates":[[-80.418171145117682,37.225034478027048],[-80.418155451732702,37.224997885089934]]},"properties":{"objectid":6362,"type":"Normal","st_length(shape)":14.085000973222334,"slopelessthan5":null,"slopebtwn5and833":null}},{"type":"Feature","id":6376,"geometry":{"type":"LineString","coordinates":[[-80.418368741256472,37.22494124777797],[-80.418365803260102,37.224964728365073],[-80.418366665963674,37.224988376315004],[-80.418371307069208,37.225011580408029],[-80.41837960661978,37.225033740896599],[-80.418391350100009,37.225054285006841],[-80.418406233980534,37.225072681742802],[-80.418423873563242,37.225088455610916],[-80.418430220290617,37.225093474437976],[-80.418449280253228,37.225106084433527],[-80.418465985279738,37.225121680466728],[-80.418479872813748,37.225139830688796],[-80.418490558314247,37.225160032526375],[-80.418497745903423,37.225181726597548],[-80.418501236559393,37.225204312200994],[-80.418500933627143,37.225227163949164],[-80.41850756114124,37.225271741732335],[-80.418507971674998,37.225274501991848],[-80.418548803238721,37.22531906550541],[-80.418580669532361,37.225349461486566],[-80.418621427845807,37.225374334983144],[-80.418701038444439,37.225439369799545],[-80.418785727125623,37.225506240843195],[-80.418856735265919,37.225587733086435]]},"properties":{"objectid":6376,"type":"Normal","st_length(shape)":286.56997977067658,"slopelessthan5":null,"slopebtwn5and833":null}},{"type":"Feature","id":6378,"geometry":{"type":"LineString","coordinates":[[-80.418380405080072,37.224909178108049],[-80.418373617011284,37.224924865186189],[-80.418368741256472,37.22494124777797]]},"properties":{"objectid":6378,"type":"Normal","st_length(shape)":12.175251054605187,"slopelessthan5":null,"slopebtwn5and833":null}},{"type":"Feature","id":6380,"geometry":{"type":"LineString","coordinates":[[-80.418143965647985,37.224966301596503],[-80.418269503908178,37.224934365098548],[-80.418380405080072,37.224909178108049]]},"properties":{"objectid":6380,"type":"Normal","st_length(shape)":71.922490632154293,"slopelessthan5":null,"slopebtwn5and833":null}},{"type":"Feature","id":6385,"geometry":{"type":"LineString","coordinates":[[-80.418563358925923,37.224789165093462],[-80.4185855115702,37.224809436243326],[-80.418601120461105,37.224815118368653],[-80.418617095383553,37.224810902083384],[-80.418733133246775,37.224727891601674]]},"properties":{"objectid":6385,"type":"Normal","st_length(shape)":65.024052171893842,"slopelessthan5":null,"slopebtwn5and833":null}},{"type":"Feature","id":6386,"geometry":{"type":"LineString","coordinates":[[-80.418563358925923,37.224789165093462],[-80.418421981186114,37.224857018523615],[-80.418409232538195,37.22486895754701],[-80.418397733137553,37.224882104108843],[-80.418388382376591,37.224895201582115],[-80.418380405080072,37.224909178108049]]},"properties":{"objectid":6386,"type":"Normal","st_length(shape)":70.649318353284215,"slopelessthan5":null,"slopebtwn5and833":null}},{"type":"Feature","id":6388,"geometry":{"type":"LineString","coordinates":[[-80.418833984624968,37.22459974027084],[-80.418828853550465,37.224605166476543],[-80.418703205583085,37.224701880426238],[-80.418569573268641,37.224786182690544],[-80.418563358925923,37.224789165093462]]},"properties":{"objectid":6388,"type":"Normal","st_length(shape)":104.9212680393357,"slopelessthan5":null,"slopebtwn5and833":null}},{"type":"Feature","id":6389,"geometry":{"type":"LineString","coordinates":[[-80.418733133246775,37.224727891601674],[-80.418834001955943,37.224656506268275],[-80.418858294189548,37.224638797756768],[-80.418862346049508,37.224627849821402],[-80.418855836466562,37.22461509436534],[-80.418833984624968,37.22459974027084]]},"properties":{"objectid":6389,"type":"Normal","st_length(shape)":66.43087275370992,"slopelessthan5":null,"slopebtwn5and833":null}},{"type":"Feature","id":6390,"geometry":{"type":"LineString","coordinates":[[-80.418733133246775,37.224727891601674],[-80.418747087742972,37.224741515649661]]},"properties":{"objectid":6390,"type":"Normal","st_length(shape)":6.4119680358382842,"slopelessthan5":null,"slopebtwn5and833":null}},{"type":"Feature","id":6392,"geometry":{"type":"LineString","coordinates":[[-80.418747087742972,37.224741515649661],[-80.418660202252326,37.224803275955367],[-80.418641373619153,37.224816937189772],[-80.418636652948194,37.224825917676327],[-80.418638116183857,37.22483479764589],[-80.418642027185967,37.224842649122785],[-80.418800314825049,37.224985998895121]]},"properties":{"objectid":6392,"type":"Normal","st_length(shape)":120.76177038833984,"slopelessthan5":null,"slopebtwn5and833":null}},{"type":"Feature","id":6395,"geometry":{"type":"LineString","coordinates":[[-80.418747087742972,37.224741515649661],[-80.418848625207133,37.2246720968433],[-80.418862026638635,37.224663964835202],[-80.418873711951846,37.224661301756882],[-80.418881207141553,37.224664147828243],[-80.418886873099652,37.224668013242976],[-80.419046472142981,37.224814309289094]]},"properties":{"objectid":6395,"type":"Normal","st_length(shape)":122.6008700410204,"slopelessthan5":null,"slopebtwn5and833":null}},{"type":"Feature","id":6498,"geometry":{"type":"LineString","coordinates":[[-80.418957109884985,37.223087975700636],[-80.41874762813076,37.223235927764918],[-80.418689995451956,37.223266909726753],[-80.418557397304397,37.223278906174137],[-80.418550055103438,37.223283492264827]]},"properties":{"objectid":6498,"type":"Normal","st_length(shape)":143.1613140726808,"slopelessthan5":null,"slopebtwn5and833":null}},{"type":"Feature","id":6492,"geometry":{"type":"LineString","coordinates":[[-80.418789469867463,37.227407950841162],[-80.418668255620318,37.227645437489883]]},"properties":{"objectid":6492,"type":"Normal","st_length(shape)":93.392088815198335,"slopelessthan5":null,"slopebtwn5and833":null}},{"type":"Feature","id":6493,"geometry":{"type":"LineString","coordinates":[[-80.418789469867463,37.227407950841162],[-80.418848181309514,37.227696772591543]]},"properties":{"objectid":6493,"type":"Normal","st_length(shape)":106.53857010735959,"slopelessthan5":null,"slopebtwn5and833":null}},{"type":"Feature","id":6494,"geometry":{"type":"LineString","coordinates":[[-80.418981316832301,37.227539762875892],[-80.418789469867463,37.227407950841162]]},"properties":{"objectid":6494,"type":"Normal","st_length(shape)":73.641347934342733,"slopelessthan5":null,"slopebtwn5and833":null}},{"type":"Feature","id":6499,"geometry":{"type":"LineString","coordinates":[[-80.418731461751847,37.226384701848701],[-80.418942258809622,37.226191406825954]]},"properties":{"objectid":6499,"type":"Normal","st_length(shape)":93.379403608683432,"slopelessthan5":null,"slopebtwn5and833":null}},{"type":"Feature","id":6495,"geometry":{"type":"LineString","coordinates":[[-80.418449919906706,37.227729589491041],[-80.418129668249009,37.227928703495273]]},"properties":{"objectid":6495,"type":"Normal","st_length(shape)":118.10703027354029,"slopelessthan5":null,"slopebtwn5and833":null}},{"type":"Feature","id":6561,"geometry":{"type":"LineString","coordinates":[[-80.418525571214417,37.2309100886918],[-80.418569351673199,37.230861602089355],[-80.419242038690541,37.230404091786077]]},"properties":{"objectid":6561,"type":"Normal","st_length(shape)":278.87662207652147,"slopelessthan5":null,"slopebtwn5and833":null}},{"type":"Feature","id":6562,"geometry":{"type":"LineString","coordinates":[[-80.417854377692663,37.228094678774724],[-80.417857753133376,37.228098305663273],[-80.41802188191906,37.228274684559381]]},"properties":{"objectid":6562,"type":"Normal","st_length(shape)":81.692398590545508,"slopelessthan5":null,"slopebtwn5and833":null}},{"type":"Feature","id":6581,"geometry":{"type":"LineString","coordinates":[[-80.418636076137403,37.232227369300404],[-80.418288159191292,37.23247267922325],[-80.41814128714033,37.232538474446599]]},"properties":{"objectid":6581,"type":"Normal","st_length(shape)":184.05445050121375,"slopelessthan5":null,"slopebtwn5and833":null}},{"type":"Feature","id":6582,"geometry":{"type":"LineString","coordinates":[[-80.419180117999801,37.231523061000011],[-80.418880327463654,37.231244131321702],[-80.418525571214417,37.2309100886918]]},"properties":{"objectid":6582,"type":"Normal","st_length(shape)":293.46647959372137,"slopelessthan5":null,"slopebtwn5and833":null}},{"type":"Feature","id":6586,"geometry":{"type":"LineString","coordinates":[[-80.417854377692663,37.228094678774724],[-80.417904434132609,37.228049752316331],[-80.417962785790081,37.228012976524148]]},"properties":{"objectid":6586,"type":"Normal","st_length(shape)":43.538965856658649,"slopelessthan5":null,"slopebtwn5and833":null}},{"type":"Feature","id":6597,"geometry":{"type":"LineString","coordinates":[[-80.418935674797154,37.223721453431075],[-80.41893655100364,37.223616048784947]]},"properties":{"objectid":6597,"type":"Normal","st_length(shape)":38.37805803202405,"slopelessthan5":null,"slopebtwn5and833":null}},{"type":"Feature","id":6598,"geometry":{"type":"LineString","coordinates":[[-80.41851202884709,37.22372923230737],[-80.418317614183721,37.223864364885621],[-80.418047287986468,37.224052260532318]]},"properties":{"objectid":6598,"type":"Normal","st_length(shape)":179.28321832848442,"slopelessthan5":null,"slopebtwn5and833":null}},{"type":"Feature","id":6611,"geometry":{"type":"LineString","coordinates":[[-80.417982678976514,37.228001918143356],[-80.418035897318745,37.228063415715368],[-80.418315279553468,37.22837841752694],[-80.4184671681613,37.22854645150305],[-80.418556268904752,37.228643233026858]]},"properties":{"objectid":6611,"type":"Normal","st_length(shape)":287.08002238144405,"slopelessthan5":null,"slopebtwn5and833":null}},{"type":"Feature","id":6613,"geometry":{"type":"LineString","coordinates":[[-80.418975530484914,37.227236096520429],[-80.418928051410106,37.227241286453356],[-80.418775059677685,37.227219158594814]]},"properties":{"objectid":6613,"type":"Normal","st_length(shape)":59.217590247786639,"slopelessthan5":null,"slopebtwn5and833":null}},{"type":"Feature","id":6653,"geometry":{"type":"LineString","coordinates":[[-80.418869295882843,37.227704327278104],[-80.418940440566232,37.227730236189693],[-80.418999894126998,37.227759793336539],[-80.419143595129015,37.22784774829298],[-80.419247882801798,37.227931859138302]]},"properties":{"objectid":6653,"type":"Normal","st_length(shape)":138.95412379465878,"slopelessthan5":null,"slopebtwn5and833":null}},{"type":"Feature","id":6654,"geometry":{"type":"LineString","coordinates":[[-80.418942258809622,37.226191406825954],[-80.418916396097316,37.226173516849883]]},"properties":{"objectid":6654,"type":"Normal","st_length(shape)":9.9562708389864092,"slopelessthan5":null,"slopebtwn5and833":null}},{"type":"Feature","id":6649,"geometry":{"type":"LineString","coordinates":[[-80.417854377692663,37.228094678774724],[-80.417743435032321,37.228153867557992]]},"properties":{"objectid":6649,"type":"Normal","st_length(shape)":38.829294972152468,"slopelessthan5":null,"slopebtwn5and833":null}},{"type":"Feature","id":6713,"geometry":{"type":"LineString","coordinates":[[-80.418790451836472,37.223718642734447],[-80.418811895509364,37.223737591469614],[-80.418838408983532,37.223735360596919],[-80.418935674797154,37.223721453431075]]},"properties":{"objectid":6713,"type":"Normal","st_length(shape)":45.836061215938969,"slopelessthan5":null,"slopebtwn5and833":null}},{"type":"Feature","id":6826,"geometry":{"type":"LineString","coordinates":[[-80.418231318504439,37.23124347914176],[-80.418253816863228,37.231228586714224],[-80.418281319624498,37.231195947870155],[-80.418306694444567,37.231138303334049],[-80.418321621870348,37.231088297476276],[-80.418333644392575,37.231061453658462],[-80.418349567819789,37.231036723594556],[-80.418369029833841,37.231014669987026],[-80.418391587600269,37.230995794638851],[-80.418416727844615,37.230980527035577],[-80.418468877083512,37.230948473602261],[-80.418525571214417,37.2309100886918]]},"properties":{"objectid":6826,"type":"Normal","st_length(shape)":153.60319515127682,"slopelessthan5":null,"slopebtwn5and833":null}},{"type":"Feature","id":6830,"geometry":{"type":"LineString","coordinates":[[-80.418622555066634,37.228571760242595],[-80.418957571401862,37.228347872963958],[-80.419080475906298,37.228265736633062],[-80.419086691454652,37.228261106648013]]},"properties":{"objectid":6830,"type":"Normal","st_length(shape)":176.22266561104783,"slopelessthan5":null,"slopebtwn5and833":null}},{"type":"Feature","id":6831,"geometry":{"type":"LineString","coordinates":[[-80.417982678976514,37.228001918143356],[-80.417969931071795,37.228009004748522]]},"properties":{"objectid":6831,"type":"Normal","st_length(shape)":4.5202167359608687,"slopelessthan5":null,"slopebtwn5and833":null}},{"type":"Feature","id":6833,"geometry":{"type":"LineString","coordinates":[[-80.418972541825781,37.227238905729529],[-80.418976839992226,37.227386286273365]]},"properties":{"objectid":6833,"type":"Normal","st_length(shape)":53.675001181214377,"slopelessthan5":null,"slopebtwn5and833":null}},{"type":"Feature","id":6832,"geometry":{"type":"LineString","coordinates":[[-80.417842086811092,37.227839452905222],[-80.417982678976514,37.228001918143356]]},"properties":{"objectid":6832,"type":"Normal","st_length(shape)":71.934038796201378,"slopelessthan5":null,"slopebtwn5and833":null}},{"type":"Feature","id":6922,"geometry":{"type":"LineString","coordinates":[[-80.417750843645479,37.227561127412741],[-80.417808186512133,37.227582597571242],[-80.417866731672575,37.22760053179136],[-80.417926261316154,37.227614863350837],[-80.41803673327486,37.227452339404202]]},"properties":{"objectid":6922,"type":"Normal","st_length(shape)":122.13798648668067,"slopelessthan5":null,"slopebtwn5and833":null}},{"type":"Feature","id":6928,"geometry":{"type":"LineString","coordinates":[[-80.418789469867463,37.227407950841162],[-80.418837606661796,37.22736784457652],[-80.418882582048511,37.227323488772306],[-80.418972541825781,37.227238905729529]]},"properties":{"objectid":6928,"type":"Normal","st_length(shape)":81.458637382645023,"slopelessthan5":null,"slopebtwn5and833":null}},{"type":"Feature","id":6929,"geometry":{"type":"LineString","coordinates":[[-80.418972541825781,37.227238905729529],[-80.418975530484914,37.227236096520429]]},"properties":{"objectid":6929,"type":"Normal","st_length(shape)":1.342866925986945,"slopelessthan5":null,"slopebtwn5and833":null}},{"type":"Feature","id":6930,"geometry":{"type":"LineString","coordinates":[[-80.418975530484914,37.227236096520429],[-80.419037768966291,37.227177577580591]]},"properties":{"objectid":6930,"type":"Normal","st_length(shape)":27.969902207887511,"slopelessthan5":null,"slopebtwn5and833":null}},{"type":"Feature","id":6934,"geometry":{"type":"LineString","coordinates":[[-80.419037768966291,37.227177577580591],[-80.419265419692394,37.226963532726955]]},"properties":{"objectid":6934,"type":"Normal","st_length(shape)":102.30581795254044,"slopelessthan5":null,"slopebtwn5and833":null}},{"type":"Feature","id":6973,"geometry":{"type":"LineString","coordinates":[[-80.41830394761871,37.229954491234857],[-80.41854200925259,37.229808083055048]]},"properties":{"objectid":6973,"type":"Normal","st_length(shape)":87.436882943480299,"slopelessthan5":null,"slopebtwn5and833":null}},{"type":"Feature","id":6551,"geometry":{"type":"LineString","coordinates":[[-80.418425571400192,37.232148652289332],[-80.418428753243717,37.232127138399619],[-80.418632757994473,37.231998629684092],[-80.418618978726059,37.231984545816758]]},"properties":{"objectid":6551,"type":"Normal","st_length(shape)":90.006261507583375,"slopelessthan5":null,"slopebtwn5and833":null}},{"type":"Feature","id":6992,"geometry":{"type":"LineString","coordinates":[[-80.418872242716418,37.232034629555088],[-80.418947469040603,37.232020484170967],[-80.419021875285821,37.232016954729396],[-80.419119908717917,37.232026434156062],[-80.419215337779107,37.232038149559408]]},"properties":{"objectid":6992,"type":"Normal","st_length(shape)":101.05342791718442,"slopelessthan5":null,"slopebtwn5and833":null}},{"type":"Feature","id":6996,"geometry":{"type":"LineString","coordinates":[[-80.41913595847295,37.232191953801454],[-80.419150811487128,37.232177068331943],[-80.419204964905987,37.232107629349095],[-80.419235063241914,37.232051400339465]]},"properties":{"objectid":6996,"type":"Normal","st_length(shape)":58.997521778578658,"slopelessthan5":null,"slopebtwn5and833":null}},{"type":"Feature","id":6997,"geometry":{"type":"LineString","coordinates":[[-80.419603881341416,37.232431917507363],[-80.41961374147796,37.232417364626301],[-80.419666357414286,37.232346162291222],[-80.419678129907354,37.232325520801673]]},"properties":{"objectid":6997,"type":"Normal","st_length(shape)":44.397909657015347,"slopelessthan5":null,"slopebtwn5and833":null}},{"type":"Feature","id":7562,"geometry":{"type":"LineString","coordinates":[[-80.419164798752405,37.22327948210404],[-80.419175658972918,37.223287817222143],[-80.419263547025764,37.223365702720002],[-80.419276913437926,37.22337703709924]]},"properties":{"objectid":7562,"type":"Normal","st_length(shape)":48.251801690271456,"slopelessthan5":null,"slopebtwn5and833":null}},{"type":"Feature","id":6755,"geometry":{"type":"LineString","coordinates":[[-80.418047287986468,37.224052260532318],[-80.417968199830952,37.224108393115706],[-80.417908506847979,37.224149746746974]]},"properties":{"objectid":6755,"type":"Normal","st_length(shape)":53.783673318043398,"slopelessthan5":null,"slopebtwn5and833":null}},{"type":"Feature","id":7600,"geometry":{"type":"LineString","coordinates":[[-80.41889497044825,37.219223067552051],[-80.418980745005669,37.219188842013523],[-80.419030776741252,37.219164259050402]]},"properties":{"objectid":7600,"type":"Normal","st_length(shape)":45.009696598858511,"slopelessthan5":null,"slopebtwn5and833":null}},{"type":"Feature","id":7488,"geometry":{"type":"LineString","coordinates":[[-80.418647501690856,37.227836300129546],[-80.418665553613238,37.227852400103551]]},"properties":{"objectid":7488,"type":"Normal","st_length(shape)":7.8730165771467577,"slopelessthan5":null,"slopebtwn5and833":null}},{"type":"Feature","id":7492,"geometry":{"type":"LineString","coordinates":[[-80.418259618565557,37.227045765830603],[-80.418236340760544,37.227024706254674],[-80.418140572396311,37.226958402405216],[-80.418104889710349,37.226939999470154]]},"properties":{"objectid":7492,"type":"Normal","st_length(shape)":59.476944950319002,"slopelessthan5":null,"slopebtwn5and833":null}},{"type":"Feature","id":7500,"geometry":{"type":"LineString","coordinates":[[-80.418070684600693,37.225778217855506],[-80.418147134949507,37.225828666694568]]},"properties":{"objectid":7500,"type":"Normal","st_length(shape)":28.858883722972593,"slopelessthan5":null,"slopebtwn5and833":null}},{"type":"Feature","id":7602,"geometry":{"type":"LineString","coordinates":[[-80.419323639859854,37.220282740796719],[-80.419308460687859,37.220399682858229],[-80.419215631709093,37.22068925722072],[-80.419141595957186,37.220873106633988]]},"properties":{"objectid":7602,"type":"Normal","st_length(shape)":221.97249439225061,"slopelessthan5":null,"slopebtwn5and833":null}},{"type":"Feature","id":7609,"geometry":{"type":"LineString","coordinates":[[-80.418073139470124,37.218588826460504],[-80.41807318562212,37.218676155379065],[-80.418071746500814,37.218690216225369]]},"properties":{"objectid":7609,"type":"Normal","st_length(shape)":36.932516324645796,"slopelessthan5":null,"slopebtwn5and833":null}},{"type":"Feature","id":7611,"geometry":{"type":"LineString","coordinates":[[-80.419074868894185,37.217464880287039],[-80.41909768662768,37.21746174323669],[-80.419276860457501,37.217430017537637]]},"properties":{"objectid":7611,"type":"Normal","st_length(shape)":60.177555509276104,"slopelessthan5":null,"slopebtwn5and833":null}},{"type":"Feature","id":7612,"geometry":{"type":"LineString","coordinates":[[-80.418814849570452,37.217241817248642],[-80.418890036090147,37.217270531836569],[-80.41899008970033,37.217335674743723],[-80.419074868894185,37.217464880287039]]},"properties":{"objectid":7612,"type":"Normal","st_length(shape)":114.95595226815061,"slopelessthan5":null,"slopebtwn5and833":null}},{"type":"Feature","id":7613,"geometry":{"type":"LineString","coordinates":[[-80.41927873273282,37.217429944731137],[-80.419221428138172,37.217260571268554],[-80.419009892970763,37.217293621606245],[-80.418969955909375,37.217322566694023]]},"properties":{"objectid":7613,"type":"Normal","st_length(shape)":142.33955437207058,"slopelessthan5":null,"slopebtwn5and833":null}},{"type":"Feature","id":5819,"geometry":{"type":"LineString","coordinates":[[-80.418510653025862,37.215931860777083],[-80.418534996654458,37.215927190277803],[-80.418527010499091,37.215891599593562],[-80.418323567183236,37.215927677120199],[-80.418320465996104,37.215927840381582],[-80.418317436690003,37.215928523990044],[-80.418314565937393,37.215929708386653],[-80.418311935874243,37.215931359684262],[-80.41830962175014,37.215933430637079],[-80.418307689775204,37.215935861992421],[-80.418306195225782,37.215938584186013],[-80.418305180862902,37.215941519332326],[-80.418304675708796,37.215944583452959],[-80.418304694216616,37.215947688879403],[-80.41830523585682,37.215950746761322],[-80.41830628513236,37.215953669608695],[-80.418307812022078,37.215956373795024],[-80.418309772839677,37.215958781949979],[-80.418333273279657,37.215985942248544],[-80.418291329030083,37.216007370606697]]},"properties":{"objectid":5819,"type":"Normal","st_length(shape)":122.09709954842229,"slopelessthan5":null,"slopebtwn5and833":null}},{"type":"Feature","id":7618,"geometry":{"type":"LineString","coordinates":[[-80.419209241036995,37.21854488507789],[-80.419200790875223,37.218574579116243],[-80.419194663790407,37.218705930597302],[-80.41917162382488,37.218721263811986]]},"properties":{"objectid":7618,"type":"Normal","st_length(shape)":67.673190542490303,"slopelessthan5":null,"slopebtwn5and833":null}},{"type":"Feature","id":7610,"geometry":{"type":"LineString","coordinates":[[-80.418112263347197,37.217759217125518],[-80.41807616211706,37.217689974331876],[-80.41807335120663,37.21761718023788]]},"properties":{"objectid":7610,"type":"Normal","st_length(shape)":53.831190502732632,"slopelessthan5":null,"slopebtwn5and833":null}},{"type":"Feature","id":6398,"geometry":{"type":"LineString","coordinates":[[-80.418357989973103,37.225822668709696],[-80.418404355948098,37.22583043496666],[-80.418456684000986,37.225833271637633],[-80.41849988942576,37.22582488780256],[-80.418566580222631,37.225803217689695],[-80.418607332242203,37.225789036096337],[-80.418615905115459,37.225808868231979],[-80.41857722732918,37.225844216941127],[-80.418537602729529,37.225872514083555],[-80.418493964600103,37.22589411683915],[-80.418456622134116,37.225906399857983],[-80.418426412824459,37.225912114664126],[-80.418433010125824,37.225929827563206],[-80.418495482377779,37.225923589286431],[-80.418579580447215,37.225906551828551],[-80.418634536970103,37.225891832010994],[-80.418698070963657,37.225874999838304],[-80.418713573947315,37.225928116278091]]},"properties":{"objectid":6398,"type":"Normal","st_length(shape)":258.39051873296364,"slopelessthan5":null,"slopebtwn5and833":null}},{"type":"Feature","id":8277,"geometry":{"type":"LineString","coordinates":[[-80.418615790845507,37.215739270976989],[-80.418772173991925,37.215711569362057]]},"properties":{"objectid":8277,"type":"Normal","st_length(shape)":46.640867692931366,"slopelessthan5":null,"slopebtwn5and833":null}},{"type":"Feature","id":8299,"geometry":{"type":"LineString","coordinates":[[-80.418692042501888,37.215108028981085],[-80.418619909873286,37.214890378477151]]},"properties":{"objectid":8299,"type":"Normal","st_length(shape)":81.981637485290932,"slopelessthan5":null,"slopebtwn5and833":null}},{"type":"Feature","id":8300,"geometry":{"type":"LineString","coordinates":[[-80.418619909873286,37.214890378477151],[-80.418689162427356,37.214876017318481]]},"properties":{"objectid":8300,"type":"Normal","st_length(shape)":20.832767124563201,"slopelessthan5":null,"slopebtwn5and833":null}},{"type":"Feature","id":8301,"geometry":{"type":"LineString","coordinates":[[-80.418660899556116,37.214881878173429],[-80.418615231928214,37.214747376006272],[-80.419239093820437,37.214611894777633],[-80.419240069020731,37.214591609984701],[-80.419256158078241,37.214579425282807],[-80.419082248404123,37.214071938319968]]},"properties":{"objectid":8301,"type":"Normal","st_length(shape)":444.41813794363128,"slopelessthan5":null,"slopebtwn5and833":null}},{"type":"Feature","id":8687,"geometry":{"type":"LineString","coordinates":[[-80.418642764816624,37.228768913120177],[-80.418641716654335,37.228757209906007],[-80.418638817937051,37.228724851482852],[-80.418627201611187,37.228633325993215],[-80.418622555066634,37.228571760242595]]},"properties":{"objectid":8687,"type":"Normal","st_length(shape)":72.035306225335773,"slopelessthan5":null,"slopebtwn5and833":null}},{"type":"Feature","id":8690,"geometry":{"type":"LineString","coordinates":[[-80.418310125483046,37.228881593295533],[-80.417996674467375,37.229072690277064],[-80.418031995645919,37.229111824069875]]},"properties":{"objectid":8690,"type":"Normal","st_length(shape)":132.32800817416518,"slopelessthan5":null,"slopebtwn5and833":null}}]}