{"type":"FeatureCollection","features":[{"type":"Feature","id":5823,"geometry":{"type":"LineString","coordinates":[[-80.424362420850017,37.228269251957371],[-80.424246302848417,37.228172341002974],[-80.424214206087697,37.228145554487398]]},"properties":{"objectid":5823}},{"type":"Feature","id":5841,"geometry":{"type":"LineString","coordinates":[[-80.425470355510697,37.228122162697602],[-80.42546803768596,37.228103145604784],[-80.425561649962262,37.228037126460571]]},"properties":{"objectid":5841}},{"type":"Feature","id":5826,"geometry":{"type":"LineString","coordinates":[[-80.425163417989708,37.228356584863675],[-80.425118058127623,37.228309740564022]]},"properties":{"objectid":5826}},{"type":"Feature","id":5844,"geometry":{"type":"LineString","coordinates":[[-80.424424669839183,37.228909250227126],[-80.424376711730716,37.228861507969917],[-80.424396317227036,37.22885037748032],[-80.424441604427898,37.228888762906713],[-80.424472390750296,37.228864271585046]]},"properties":{"objectid":5844}},{"type":"Feature","id":5851,"geometry":{"type":"LineString","coordinates":[[-80.42413958815122,37.228701290600959],[-80.424405886548016,37.228923673217807],[-80.424424669839183,37.228909250227126]]},"properties":{"objectid":5851}},{"type":"Feature","id":5860,"geometry":{"type":"LineString","coordinates":[[-80.42549516428808,37.226880773937772],[-80.425742065909844,37.227087944471442]]},"properties":{"objectid":5860}},{"type":"Feature","id":5868,"geometry":{"type":"LineString","coordinates":[[-80.424308756339045,37.22746830699856],[-80.424361057936892,37.227459242134287],[-80.424414042464846,37.227456037653042],[-80.424467055323916,37.22745873314468],[-80.424519441565124,37.227467295307669],[-80.424570553981027,37.227481618360507],[-80.424827285507661,37.227690728696437],[-80.424975880660796,37.227816829229894]]},"properties":{"objectid":5868}},{"type":"Feature","id":5881,"geometry":{"type":"LineString","coordinates":[[-80.425988169845752,37.226957344131279],[-80.426051007592605,37.226861485925227],[-80.426145109471193,37.226746715145765],[-80.426148391931761,37.226728134827702]]},"properties":{"objectid":5881}},{"type":"Feature","id":5855,"geometry":{"type":"LineString","coordinates":[[-80.424525261398173,37.225823081657538],[-80.424569734733865,37.225880627123644],[-80.424601320896826,37.22589347722792],[-80.424691649624293,37.226008258044644],[-80.424673136497262,37.226016758873435],[-80.425062761300907,37.226504839483724],[-80.425105831865537,37.226549202050336],[-80.425113855791992,37.226559371938876]]},"properties":{"objectid":5855}},{"type":"Feature","id":5904,"geometry":{"type":"LineString","coordinates":[[-80.426510524875511,37.227843028868428],[-80.42647072190482,37.227878440020511],[-80.426238685069521,37.228050757429607],[-80.426147894305672,37.228118181242614]]},"properties":{"objectid":5904}},{"type":"Feature","id":5945,"geometry":{"type":"LineString","coordinates":[[-80.425988169845752,37.226957344131279],[-80.425954020358546,37.226911778214131],[-80.425925980576338,37.226878434930683],[-80.42587566833663,37.226800789292554],[-80.42584744503651,37.226760206282741],[-80.425820210301964,37.226699084945238],[-80.425792647145755,37.226647221521588],[-80.425753972467405,37.22655729617064]]},"properties":{"objectid":5945}},{"type":"Feature","id":6009,"geometry":{"type":"LineString","coordinates":[[-80.423912625223764,37.226093136220591],[-80.423960792498377,37.226122192570521],[-80.424051349356063,37.226183297912677],[-80.424137933919397,37.226252471321686],[-80.424228465700963,37.226351265841799],[-80.424294978284337,37.226431624987526],[-80.42436156021428,37.226514698528781],[-80.424428211475302,37.226600485564525],[-80.424484433020297,37.22668261396295],[-80.424531061046579,37.226775270701097],[-80.424553910195755,37.226888502031706],[-80.424571126289891,37.226953158688012],[-80.424638185208934,37.226990904248979]]},"properties":{"objectid":6009}},{"type":"Feature","id":6047,"geometry":{"type":"LineString","coordinates":[[-80.425870345423633,37.229154759572232],[-80.42556828858703,37.229384357835698],[-80.425547435697979,37.229386664589988]]},"properties":{"objectid":6047}},{"type":"Feature","id":6048,"geometry":{"type":"LineString","coordinates":[[-80.425870345423633,37.229154759572232],[-80.425858712316455,37.229142656782805],[-80.425547435697979,37.229386664589988]]},"properties":{"objectid":6048}},{"type":"Feature","id":6057,"geometry":{"type":"LineString","coordinates":[[-80.42414454851162,37.228259465525127],[-80.424246302848417,37.228172341002974]]},"properties":{"objectid":6057}},{"type":"Feature","id":6070,"geometry":{"type":"LineString","coordinates":[[-80.424832074315987,37.227922885679313],[-80.42467435112188,37.227793308846067]]},"properties":{"objectid":6070}},{"type":"Feature","id":6071,"geometry":{"type":"LineString","coordinates":[[-80.42459767073646,37.228095757530141],[-80.42437959647684,37.227912033783497]]},"properties":{"objectid":6071}},{"type":"Feature","id":6072,"geometry":{"type":"LineString","coordinates":[[-80.425858712316455,37.229142656782805],[-80.425616607251015,37.228952044947142]]},"properties":{"objectid":6072}},{"type":"Feature","id":6046,"geometry":{"type":"LineString","coordinates":[[-80.426143547559676,37.228867188611758],[-80.42620463108392,37.228912634030692],[-80.426077574361713,37.229008300868053],[-80.425878301152949,37.22916303693124]]},"properties":{"objectid":6046}},{"type":"Feature","id":6050,"geometry":{"type":"LineString","coordinates":[[-80.424933776311505,37.226842598394171],[-80.42487020533612,37.226791136294246]]},"properties":{"objectid":6050}},{"type":"Feature","id":6081,"geometry":{"type":"LineString","coordinates":[[-80.42489438379161,37.228850438519743],[-80.425093005429815,37.229009102114254],[-80.425056787433149,37.229040436384665],[-80.424758375870894,37.229298580677316]]},"properties":{"objectid":6081}},{"type":"Feature","id":6167,"geometry":{"type":"LineString","coordinates":[[-80.425470355510697,37.228122162697602],[-80.425353299861726,37.228211677519745],[-80.425163417989708,37.228356584863675]]},"properties":{"objectid":6167}},{"type":"Feature","id":6189,"geometry":{"type":"LineString","coordinates":[[-80.42489438379161,37.228850438519743],[-80.424772248248942,37.228949838804333],[-80.424701597389799,37.229034518868147]]},"properties":{"objectid":6189}},{"type":"Feature","id":6188,"geometry":{"type":"LineString","coordinates":[[-80.425880140373209,37.228382398607238],[-80.425896072860425,37.228401020520046],[-80.425924199964001,37.228529244839073],[-80.425595681515176,37.228780913840183],[-80.425524039431167,37.228725566719476],[-80.425464902405295,37.228770583303316],[-80.425569191772169,37.228857168088766],[-80.425597102102273,37.228893278702188],[-80.425610461184021,37.228944894394949],[-80.425616607251015,37.228952044947142]]},"properties":{"objectid":6188}},{"type":"Feature","id":6187,"geometry":{"type":"LineString","coordinates":[[-80.426050025356204,37.227274624418605],[-80.425995553990433,37.227209224816079],[-80.425919160073263,37.227119775256568]]},"properties":{"objectid":6187}},{"type":"Feature","id":6237,"geometry":{"type":"LineString","coordinates":[[-80.425464902405295,37.228770583303316],[-80.42545563441422,37.228772232408986],[-80.425341060725628,37.228713413418291],[-80.425218250075361,37.228611152589743]]},"properties":{"objectid":6237}},{"type":"Feature","id":6285,"geometry":{"type":"LineString","coordinates":[[-80.425218250075361,37.228611152589743],[-80.425284506539199,37.228620991888072],[-80.425384965498438,37.228610988553136],[-80.425409193042796,37.228608207332975],[-80.425432677661874,37.228601636050165],[-80.425454830313697,37.228591439525829],[-80.425475095364718,37.228577873509529],[-80.425640592584074,37.228450662664528]]},"properties":{"objectid":6285}},{"type":"Feature","id":6296,"geometry":{"type":"LineString","coordinates":[[-80.425353299861726,37.228211677519745],[-80.425500358047927,37.228334008088396]]},"properties":{"objectid":6296}},{"type":"Feature","id":6299,"geometry":{"type":"LineString","coordinates":[[-80.425640592584074,37.228450662664528],[-80.425682151294353,37.228415124022916],[-80.425811466544346,37.228302858792837],[-80.425811823786489,37.228302547430005]]},"properties":{"objectid":6299}},{"type":"Feature","id":6302,"geometry":{"type":"LineString","coordinates":[[-80.425024848623252,37.22846233259969],[-80.425218250075361,37.228611152589743]]},"properties":{"objectid":6302}},{"type":"Feature","id":6303,"geometry":{"type":"LineString","coordinates":[[-80.425218250075361,37.228611152589743],[-80.425178456172702,37.228630961951666],[-80.42509458427763,37.228700062928198],[-80.424901756595148,37.228844438331613],[-80.42489438379161,37.228850438519743]]},"properties":{"objectid":6303}},{"type":"Feature","id":6325,"geometry":{"type":"LineString","coordinates":[[-80.42668229350808,37.228596356854617],[-80.426692935294568,37.228588300546804]]},"properties":{"objectid":6325}},{"type":"Feature","id":6301,"geometry":{"type":"LineString","coordinates":[[-80.424920343475364,37.228515426997596],[-80.425024848623252,37.22846233259969]]},"properties":{"objectid":6301}},{"type":"Feature","id":6300,"geometry":{"type":"LineString","coordinates":[[-80.425811823786489,37.228302547430005],[-80.426003750604295,37.228207796242188]]},"properties":{"objectid":6300}},{"type":"Feature","id":6413,"geometry":{"type":"LineString","coordinates":[[-80.427109910762468,37.228851957857152],[-80.427197456023336,37.228969383375066],[-80.427274430117222,37.229046637335408]]},"properties":{"objectid":6413}},{"type":"Feature","id":6400,"geometry":{"type":"LineString","coordinates":[[-80.42756056055822,37.229218206587241],[-80.427557005249284,37.229269478196521]]},"properties":{"objectid":6400}},{"type":"Feature","id":6406,"geometry":{"type":"LineString","coordinates":[[-80.427531017880128,37.229289464875244],[-80.427557005249284,37.229269478196521]]},"properties":{"objectid":6406}},{"type":"Feature","id":6405,"geometry":{"type":"LineString","coordinates":[[-80.427040557553539,37.228539050040155],[-80.427479535556827,37.22908677168386],[-80.42754987646984,37.229180780461228],[-80.42756056055822,37.229218206587241]]},"properties":{"objectid":6405}},{"type":"Feature","id":6414,"geometry":{"type":"LineString","coordinates":[[-80.427274430117222,37.229046637335408],[-80.427352350106631,37.22910751843456],[-80.427434136225614,37.229159613748784],[-80.427504655627772,37.229197717615143],[-80.42756056055822,37.229218206587241]]},"properties":{"objectid":6414}},{"type":"Feature","id":6420,"geometry":{"type":"LineString","coordinates":[[-80.42487020533612,37.226791136294246],[-80.424865126835414,37.226795165822537],[-80.42478527455475,37.226855019718144],[-80.424697701874791,37.226931329767929],[-80.424638185208934,37.226990904248979],[-80.424601875311012,37.227030184698116],[-80.424550762521221,37.227091718490684],[-80.424472883154394,37.227206383892714]]},"properties":{"objectid":6420}},{"type":"Feature","id":6423,"geometry":{"type":"LineString","coordinates":[[-80.422619089916751,37.228753744754506],[-80.423070070801046,37.228423071984793],[-80.42337638650865,37.228204680374951],[-80.423435344441486,37.228162645599269],[-80.423564226848654,37.228070876956771],[-80.423861818001157,37.227861810262503],[-80.424027461930322,37.227734033290083],[-80.424154320475708,37.2276231050717],[-80.424299203908689,37.22747829029823],[-80.424308756339045,37.22746830699856],[-80.424392776535782,37.227338571612975],[-80.424472883154394,37.227206383892714]]},"properties":{"objectid":6423}},{"type":"Feature","id":6428,"geometry":{"type":"LineString","coordinates":[[-80.425644359951278,37.227323820377983],[-80.425687685401016,37.227364534699866],[-80.425642138349701,37.227400953180009],[-80.425683117754645,37.227432765058772],[-80.425671602059467,37.227445400828366],[-80.425662247722187,37.227459710625112],[-80.425655293945738,37.227475328528357],[-80.425650918547475,37.227491855167415],[-80.425649233412187,37.227508867934027],[-80.425650281631036,37.227525931788982]]},"properties":{"objectid":6428}},{"type":"Feature","id":6434,"geometry":{"type":"LineString","coordinates":[[-80.426510524875511,37.227843028868428],[-80.426420490054525,37.227735543174795],[-80.426050025356204,37.227274624418605]]},"properties":{"objectid":6434}},{"type":"Feature","id":6476,"geometry":{"type":"LineString","coordinates":[[-80.425470355510697,37.228122162697602],[-80.425605132770869,37.228130471306571],[-80.425760210716234,37.228259253693913]]},"properties":{"objectid":6476}},{"type":"Feature","id":6527,"geometry":{"type":"LineString","coordinates":[[-80.425847359732998,37.22717629444449],[-80.425796713237872,37.227210524054563],[-80.425644359951278,37.227323820377983]]},"properties":{"objectid":6527}},{"type":"Feature","id":6487,"geometry":{"type":"LineString","coordinates":[[-80.425650281631036,37.227525931788982],[-80.425654892404182,37.227544573748546],[-80.425662515033324,37.227562199792075],[-80.425672940684507,37.227578327026272],[-80.425685883730551,37.227592513620102],[-80.425713562211357,37.227616593169628],[-80.426238685069521,37.228050757429607]]},"properties":{"objectid":6487}},{"type":"Feature","id":6510,"geometry":{"type":"LineString","coordinates":[[-80.426904948311346,37.229049397585648],[-80.426997026201477,37.228970475268468]]},"properties":{"objectid":6510}},{"type":"Feature","id":6517,"geometry":{"type":"LineString","coordinates":[[-80.426997026201477,37.228970475268468],[-80.427177373198788,37.229090748024355],[-80.427274430117222,37.229046637335408]]},"properties":{"objectid":6517}},{"type":"Feature","id":6519,"geometry":{"type":"LineString","coordinates":[[-80.426904948311346,37.229049397585648],[-80.426980002351854,37.229104873853679]]},"properties":{"objectid":6519}},{"type":"Feature","id":6533,"geometry":{"type":"LineString","coordinates":[[-80.425173913226928,37.226798624636906],[-80.42529234706312,37.22671059170488]]},"properties":{"objectid":6533}},{"type":"Feature","id":6543,"geometry":{"type":"LineString","coordinates":[[-80.426510524875511,37.227843028868428],[-80.426675057021058,37.228068823898347],[-80.426921122690743,37.228379389962484],[-80.426928988365788,37.228386986693565],[-80.426935492412213,37.228395777401566],[-80.426940456448122,37.228405520989952],[-80.426943744328383,37.228415950228197],[-80.426945265878658,37.228426779080941],[-80.426944979368443,37.228437710552889],[-80.426942892655646,37.228448444834271],[-80.426939062971073,37.228458687523528],[-80.426933595348785,37.228468157701649],[-80.426926639745403,37.228476595636735],[-80.426918386927341,37.228483769907506],[-80.42690906323881,37.228489483750288],[-80.426732498352393,37.2286223829893],[-80.426558166700573,37.228753599762719],[-80.426565705211743,37.228762707657452]]},"properties":{"objectid":6543}},{"type":"Feature","id":6515,"geometry":{"type":"LineString","coordinates":[[-80.424447629378321,37.229217010557861],[-80.424656794522747,37.229396282936634],[-80.424671517462372,37.229386437926479]]},"properties":{"objectid":6515}},{"type":"Feature","id":6511,"geometry":{"type":"LineString","coordinates":[[-80.426997026201477,37.228970475268468],[-80.427109910762468,37.228851957857152],[-80.427211615471734,37.228752483988337]]},"properties":{"objectid":6511}},{"type":"Feature","id":6516,"geometry":{"type":"LineString","coordinates":[[-80.425444844829343,37.22747096554577],[-80.425293603665963,37.227342633016292],[-80.425333228899575,37.227315797254278]]},"properties":{"objectid":6516}},{"type":"Feature","id":6532,"geometry":{"type":"LineString","coordinates":[[-80.42549516428808,37.226880773937772],[-80.425258722460356,37.227063782918883],[-80.425134778752835,37.226964581433272],[-80.42512388804154,37.22697277415147]]},"properties":{"objectid":6532}},{"type":"Feature","id":6588,"geometry":{"type":"LineString","coordinates":[[-80.425379343711583,37.227709545172402],[-80.425595318000049,37.227542799138],[-80.425650281631036,37.227525931788982]]},"properties":{"objectid":6588}},{"type":"Feature","id":6603,"geometry":{"type":"LineString","coordinates":[[-80.425279882916797,37.228993437251539],[-80.425290971622104,37.229006781928952],[-80.4251522360601,37.229112417135795],[-80.425056787433149,37.229040436384665]]},"properties":{"objectid":6603}},{"type":"Feature","id":6616,"geometry":{"type":"LineString","coordinates":[[-80.427557005249284,37.229269478196521],[-80.427799385107946,37.229153456451414]]},"properties":{"objectid":6616}},{"type":"Feature","id":6589,"geometry":{"type":"LineString","coordinates":[[-80.425210041335561,37.227644134502874],[-80.425287044219857,37.227636000903011],[-80.425379343711583,37.227709545172402]]},"properties":{"objectid":6589}},{"type":"Feature","id":6617,"geometry":{"type":"LineString","coordinates":[[-80.424571126289891,37.226953158688012],[-80.424517934160221,37.227103592752869],[-80.424472883154394,37.227206383892714]]},"properties":{"objectid":6617}},{"type":"Feature","id":6641,"geometry":{"type":"LineString","coordinates":[[-80.426732498352393,37.2286223829893],[-80.426692935294568,37.228588300546804],[-80.426424636263945,37.22835726457631]]},"properties":{"objectid":6641}},{"type":"Feature","id":6656,"geometry":{"type":"LineString","coordinates":[[-80.425682151294353,37.228415124022916],[-80.425738663344418,37.228454989609411],[-80.425782586158277,37.228423272553954],[-80.425813257821318,37.228405493436021],[-80.425845955791956,37.228391793411774],[-80.425880140373209,37.228382398607238],[-80.425811823786489,37.228302547430005]]},"properties":{"objectid":6656}},{"type":"Feature","id":6638,"geometry":{"type":"LineString","coordinates":[[-80.427626532807025,37.229009148521541],[-80.427644038058261,37.229004153462512],[-80.427681971790577,37.229043746504466],[-80.427713756022399,37.229046140397259]]},"properties":{"objectid":6638}},{"type":"Feature","id":6640,"geometry":{"type":"LineString","coordinates":[[-80.425753972467405,37.22655729617064],[-80.425715768223895,37.226488412575563],[-80.425646801542541,37.226341610267383],[-80.42604153571591,37.226206418281429],[-80.426130053552313,37.226178626716461],[-80.426177780463703,37.226164328966362],[-80.426226896298701,37.226155967239158],[-80.426276665680675,37.226153666729054],[-80.426326343447926,37.226157461879964],[-80.426367236456755,37.226163756775591],[-80.426408608422946,37.226163283175865],[-80.426449346614802,37.22615605381862],[-80.426488355346535,37.22614226314311],[-80.426524585447538,37.226122282060452],[-80.42655706248064,37.226096647977606],[-80.426770954339119,37.225801228706779],[-80.426894326953573,37.225631868282875],[-80.426919437889879,37.22560240111892],[-80.426948134848203,37.22557641347845],[-80.426979939824989,37.225554338236073],[-80.427014323046592,37.225536543097796],[-80.427050711793711,37.2255233244762],[-80.427221179932488,37.225472466925879],[-80.42725529403539,37.225463672211134]]},"properties":{"objectid":6640}},{"type":"Feature","id":6643,"geometry":{"type":"LineString","coordinates":[[-80.426565705211743,37.228762707657452],[-80.426385130215252,37.228820147078437],[-80.426235256357074,37.228938738327486],[-80.42620463108392,37.228912634030692]]},"properties":{"objectid":6643}},{"type":"Feature","id":6669,"geometry":{"type":"LineString","coordinates":[[-80.425500358047927,37.228334008088396],[-80.425760210716234,37.228259253693913],[-80.425811466544346,37.228302858792837]]},"properties":{"objectid":6669}},{"type":"Feature","id":6682,"geometry":{"type":"LineString","coordinates":[[-80.425067864276315,37.228429505809501],[-80.425142053846827,37.228423283851917],[-80.425500358047927,37.228334008088396]]},"properties":{"objectid":6682}},{"type":"Feature","id":6766,"geometry":{"type":"LineString","coordinates":[[-80.425149113829804,37.226590405765883],[-80.424981589646777,37.226702754475831],[-80.42487020533612,37.226791136294246]]},"properties":{"objectid":6766}},{"type":"Feature","id":6768,"geometry":{"type":"LineString","coordinates":[[-80.424975880660796,37.227816829229894],[-80.42525533205513,37.227610732461095],[-80.425444844829343,37.22747096554577]]},"properties":{"objectid":6768}},{"type":"Feature","id":6770,"geometry":{"type":"LineString","coordinates":[[-80.42459767073646,37.228095757530141],[-80.424832074315987,37.227922885679313]]},"properties":{"objectid":6770}},{"type":"Feature","id":6771,"geometry":{"type":"LineString","coordinates":[[-80.424362420850017,37.228269251957371],[-80.42459767073646,37.228095757530141]]},"properties":{"objectid":6771}},{"type":"Feature","id":6774,"geometry":{"type":"LineString","coordinates":[[-80.425067864276315,37.228429505809501],[-80.425024848623252,37.22846233259969]]},"properties":{"objectid":6774}},{"type":"Feature","id":6775,"geometry":{"type":"LineString","coordinates":[[-80.425163417989708,37.228356584863675],[-80.425067864276315,37.228429505809501]]},"properties":{"objectid":6775}},{"type":"Feature","id":6777,"geometry":{"type":"LineString","coordinates":[[-80.425847359732998,37.22717629444449],[-80.425919080518881,37.227119837841755],[-80.425919160073263,37.227119775256568]]},"properties":{"objectid":6777}},{"type":"Feature","id":6772,"geometry":{"type":"LineString","coordinates":[[-80.42414454851162,37.228259465525127],[-80.424251364832656,37.228351707254312]]},"properties":{"objectid":6772}},{"type":"Feature","id":6769,"geometry":{"type":"LineString","coordinates":[[-80.424832074315987,37.227922885679313],[-80.424944922950957,37.227839659724474]]},"properties":{"objectid":6769}},{"type":"Feature","id":6776,"geometry":{"type":"LineString","coordinates":[[-80.425500358047927,37.228334008088396],[-80.425643959115931,37.228447784029733],[-80.425651792461991,37.228454360878217]]},"properties":{"objectid":6776}},{"type":"Feature","id":6982,"geometry":{"type":"LineString","coordinates":[[-80.422922229035549,37.229339805037348],[-80.422876817052909,37.22937162456725]]},"properties":{"objectid":6982}},{"type":"Feature","id":6960,"geometry":{"type":"LineString","coordinates":[[-80.425149113829804,37.226590405765883],[-80.42529234706312,37.22671059170488]]},"properties":{"objectid":6960}},{"type":"Feature","id":6961,"geometry":{"type":"LineString","coordinates":[[-80.425742065909844,37.227087944471442],[-80.425847359732998,37.22717629444449]]},"properties":{"objectid":6961}},{"type":"Feature","id":6962,"geometry":{"type":"LineString","coordinates":[[-80.42529234706312,37.22671059170488],[-80.42549516428808,37.226880773937772]]},"properties":{"objectid":6962}},{"type":"Feature","id":6983,"geometry":{"type":"LineString","coordinates":[[-80.425878301152949,37.22916303693124],[-80.425870345423633,37.229154759572232]]},"properties":{"objectid":6983}},{"type":"Feature","id":7457,"geometry":{"type":"LineString","coordinates":[[-80.424701597389799,37.229034518868147],[-80.424770694526345,37.229001618432441],[-80.424801886022934,37.228998425807532],[-80.424833240473887,37.228998452610924],[-80.424887938154555,37.229003283825413],[-80.424937378970498,37.229012492641971],[-80.42495405288895,37.229015235574366],[-80.424970950800471,37.229015173760686],[-80.424987604205299,37.229012308914733],[-80.425003551382687,37.229006720465236],[-80.425018350192289,37.22899856335367],[-80.425031590332566,37.228988063738434],[-80.425048299964274,37.228973389658961]]},"properties":{"objectid":7457}},{"type":"Feature","id":7459,"geometry":{"type":"LineString","coordinates":[[-80.425087585091461,37.229004772428418],[-80.425106191816994,37.228990766796734]]},"properties":{"objectid":7459}},{"type":"Feature","id":7460,"geometry":{"type":"LineString","coordinates":[[-80.425449294722867,37.228594543568995],[-80.425456344930168,37.228606828404054]]},"properties":{"objectid":7460}},{"type":"Feature","id":7461,"geometry":{"type":"LineString","coordinates":[[-80.425621711470683,37.228742658816188],[-80.425633421737203,37.228752002446925]]},"properties":{"objectid":7461}},{"type":"Feature","id":7463,"geometry":{"type":"LineString","coordinates":[[-80.426943600439756,37.228444846368127],[-80.4269655358096,37.2284510009531],[-80.427030202177477,37.228536028552625],[-80.427040557553539,37.228539050040155]]},"properties":{"objectid":7463}},{"type":"Feature","id":7467,"geometry":{"type":"LineString","coordinates":[[-80.42543242669133,37.227480124144542],[-80.425465485146532,37.227503424711209],[-80.425447726497438,37.2276138843824],[-80.425287044219857,37.227636000903011]]},"properties":{"objectid":7467}},{"type":"Feature","id":7466,"geometry":{"type":"LineString","coordinates":[[-80.425705479712633,37.227379184957016],[-80.425687685401016,37.227364534699866],[-80.425745637083978,37.227321436315492],[-80.425763297863057,37.227335137890002]]},"properties":{"objectid":7466}},{"type":"Feature","id":7468,"geometry":{"type":"LineString","coordinates":[[-80.425447726497438,37.2276138843824],[-80.425476253260754,37.227634724461502]]},"properties":{"objectid":7468}},{"type":"Feature","id":7469,"geometry":{"type":"LineString","coordinates":[[-80.425465485146532,37.227503424711209],[-80.425598012889481,37.227515141700501],[-80.425624623288229,37.227533805766271]]},"properties":{"objectid":7469}},{"type":"Feature","id":7470,"geometry":{"type":"LineString","coordinates":[[-80.425445670755053,37.227658336691732],[-80.425494692657153,37.227696795990042],[-80.425532116652491,37.227671104647897]]},"properties":{"objectid":7470}},{"type":"Feature","id":7472,"geometry":{"type":"LineString","coordinates":[[-80.424638185208934,37.226990904248979],[-80.424832914656051,37.227148001273036],[-80.424845478257041,37.227158622083799],[-80.424856296499058,37.227171016087638],[-80.424865121935923,37.227184899795901],[-80.424871752703027,37.227199955645887],[-80.424876037134524,37.227215839264439],[-80.424877877232376,37.227232187344782],[-80.424877230907981,37.227248625956527],[-80.424883249391954,37.227345494020362],[-80.425069162471374,37.227349228115514],[-80.42521920417704,37.227237403289422]]},"properties":{"objectid":7472}},{"type":"Feature","id":7473,"geometry":{"type":"LineString","coordinates":[[-80.425907329813782,37.226849652157377],[-80.425881982968903,37.226858725225952],[-80.425758964447141,37.226908763399109]]},"properties":{"objectid":7473}},{"type":"Feature","id":6418,"geometry":{"type":"LineString","coordinates":[[-80.425149113829804,37.226590405765883],[-80.425113855791992,37.226559371938876],[-80.425172082516511,37.22652830596185],[-80.425273433177821,37.226477147311883],[-80.425363518682516,37.226445351602884],[-80.425383163589828,37.226437915601863],[-80.425403662127053,37.226433330139336],[-80.425424602933191,37.226431687235539],[-80.425445565771895,37.226433019859982],[-80.425466129964676,37.226437301269783],[-80.425484533298814,37.226443542191014],[-80.425501581423845,37.226452869207598],[-80.42551676146843,37.226465001728009],[-80.425529616760087,37.226479574760688],[-80.425539760563609,37.226496149894331],[-80.425558156257679,37.22652660695983],[-80.425635686129468,37.226694640820604],[-80.425676228812364,37.226796424544588],[-80.425659598986016,37.226814512382575]]},"properties":{"objectid":6418}},{"type":"Feature","id":7474,"geometry":{"type":"LineString","coordinates":[[-80.425693425257037,37.226440853210008],[-80.425661515160215,37.226448102760386],[-80.42554608569047,37.226477280219427],[-80.425531307508152,37.226481266118718]]},"properties":{"objectid":7474}},{"type":"Feature","id":7475,"geometry":{"type":"LineString","coordinates":[[-80.42393851383703,37.227632555819916],[-80.423920512912332,37.227611689826013],[-80.423973221292982,37.227573630334312],[-80.424021929320361,37.227618158268811],[-80.424081185963914,37.227663170373731],[-80.424096385707884,37.227673764131794]]},"properties":{"objectid":7475}},{"type":"Feature","id":8025,"geometry":{"type":"LineString","coordinates":[[-80.424251364832656,37.228351707254312],[-80.42432233566889,37.228298814041111],[-80.424362420850017,37.228269251957371]]},"properties":{"objectid":8025}},{"type":"Feature","id":8026,"geometry":{"type":"LineString","coordinates":[[-80.424944922950957,37.227839659724474],[-80.424975880660796,37.227816829229894]]},"properties":{"objectid":8026}},{"type":"Feature","id":8027,"geometry":{"type":"LineString","coordinates":[[-80.425024848623252,37.22846233259969],[-80.424859104168576,37.228320102127718]]},"properties":{"objectid":8027}},{"type":"Feature","id":6477,"geometry":{"type":"LineString","coordinates":[[-80.424822238621601,37.228288467130099],[-80.42459767073646,37.228095757530141]]},"properties":{"objectid":6477}},{"type":"Feature","id":8028,"geometry":{"type":"LineString","coordinates":[[-80.424859104168576,37.228320102127718],[-80.424822238621601,37.228288467130099]]},"properties":{"objectid":8028}},{"type":"Feature","id":6773,"geometry":{"type":"LineString","coordinates":[[-80.42413958815122,37.228701290600959],[-80.423972338553895,37.228559660261539],[-80.424206822062231,37.228384904727989]]},"properties":{"objectid":6773}},{"type":"Feature","id":8031,"geometry":{"type":"LineString","coordinates":[[-80.424206822062231,37.228384904727989],[-80.424251364832656,37.228351707254312]]},"properties":{"objectid":8031}},{"type":"Feature","id":8033,"geometry":{"type":"LineString","coordinates":[[-80.427212257861612,37.228434212756547],[-80.427266974749713,37.228406610814275],[-80.427316375799393,37.228369771875677],[-80.427470373339204,37.228236442595779],[-80.4275111051236,37.228203957722258],[-80.427558024422098,37.228171371795284],[-80.427749147652733,37.228072084781495],[-80.427824874563484,37.228024886260329],[-80.427847423732288,37.228007547745811],[-80.427958919659901,37.227924481551121],[-80.428049662166416,37.227843591041811],[-80.428100513692385,37.227799716992799],[-80.428182585553031,37.227742715892859],[-80.428205266917089,37.227722308083244],[-80.428253788895262,37.227659918217803],[-80.428336787435967,37.227566538725384],[-80.428379929808031,37.227516027263128],[-80.42851667564689,37.227329717988496],[-80.428553183967452,37.227276528978443],[-80.428603028234292,37.227199215547138],[-80.428664153194163,37.227095421956371],[-80.428670178332922,37.227055445361856],[-80.428665303859432,37.227002655769887],[-80.428665032579531,37.226957545600918],[-80.428714448620369,37.226925017534938],[-80.42876659767964,37.226895967903722],[-80.42879905586291,37.226855257451987],[-80.428804494533793,37.22674924263638],[-80.428780289050806,37.226680526003946],[-80.428773556180744,37.2266366552291],[-80.428856348388095,37.226494385017666],[-80.42890060968341,37.226513407945319],[-80.428967675163989,37.226458458551022],[-80.429052209459002,37.226384374206404],[-80.4291307352605,37.226309238860559],[-80.429157702777147,37.226284661769398],[-80.429192604370897,37.226266851615335],[-80.429218234326953,37.226223678571941],[-80.429278793152932,37.226144187954375],[-80.429305416034737,37.226125710033202],[-80.429371912500841,37.226095660424477],[-80.429402344947391,37.226071717021583],[-80.429488752492787,37.225977209301256],[-80.429543912544872,37.22591894277226],[-80.429558323303667,37.225896451823388],[-80.429564109561085,37.225871534102353],[-80.42954908376575,37.225828125189359],[-80.429554891900011,37.225804063329662],[-80.429615637773168,37.225751711601269],[-80.429717323040848,37.225625933590003],[-80.429798439338825,37.225533019071044],[-80.429850596799341,37.225477020434511],[-80.429867372797716,37.225468755379339],[-80.429937371719973,37.225470807753091],[-80.429977018228001,37.225458173354376],[-80.430003393536722,37.225434569212453],[-80.430015418938581,37.225396817925542],[-80.430005448313025,37.225358625952936],[-80.429993665178742,37.225327655853917],[-80.429988853327259,37.225295772330597],[-80.430002264899059,37.225273179590985],[-80.430086120439682,37.225191903401807],[-80.430114289990243,37.225160280019061],[-80.430172380236627,37.225087414944426],[-80.430193864387775,37.225067886125302],[-80.430239564335025,37.225057550959043],[-80.43027024647661,37.225053579273904],[-80.430304136333632,37.225042779277047],[-80.430332296627668,37.225016705190974],[-80.430341964953286,37.224977273664891],[-80.43034512054227,37.224933679267579],[-80.43033982349867,37.224851802302616],[-80.430322918312555,37.224775238967531],[-80.430315467117794,37.224734378574517],[-80.430325091756373,37.22469323983082],[-80.430341621934375,37.224671625312205],[-80.430380301527052,37.224639402770862],[-80.430439972418142,37.224596549665726],[-80.430530052882574,37.224513916741152],[-80.430651186925161,37.2244035165076],[-80.430725337250465,37.224334154009419],[-80.43073595779488,37.224325307237962],[-80.430748299486652,37.224307344672567]]},"properties":{"objectid":8033}},{"type":"Feature","id":5859,"geometry":{"type":"LineString","coordinates":[[-80.425919160073263,37.227119775256568],[-80.425877157783006,37.227068368251324],[-80.425861359540292,37.227049033035769],[-80.425814154477905,37.226991258615719],[-80.425758964447141,37.226908763399109],[-80.425747612996261,37.226899248093268],[-80.425659598986016,37.226814512382575]]},"properties":{"objectid":5859}},{"type":"Feature","id":6665,"geometry":{"type":"LineString","coordinates":[[-80.427946613028041,37.229329239932561],[-80.427799385107946,37.229153456451414],[-80.427768853304485,37.229117003403722],[-80.427713756022399,37.229046140397259],[-80.427531951057517,37.228812314480507],[-80.42740232201659,37.228670835259273],[-80.427217351452853,37.228439912222278],[-80.427212257861612,37.228434212756547]]},"properties":{"objectid":6665}},{"type":"Feature","id":8032,"geometry":{"type":"LineString","coordinates":[[-80.427212257861612,37.228434212756547],[-80.427200522210427,37.228418567670587],[-80.427191627846142,37.228401149734218],[-80.427185835578925,37.228382469695035],[-80.427183315255917,37.228363075309375],[-80.427184140780739,37.228343535280402],[-80.427188287946478,37.22832442258202],[-80.427195635145452,37.228306297657447],[-80.427205966935119,37.228289691985353],[-80.427218980355562,37.228275092495238],[-80.427259127375123,37.228227470309882],[-80.427282001310317,37.22818894286808],[-80.42729966674068,37.22813333013503],[-80.427303170963782,37.22808367265732],[-80.427307061879219,37.228023690085458],[-80.42730272650833,37.227970702386848],[-80.427296203347424,37.227941812841216],[-80.427192974356444,37.227871448846344]]},"properties":{"objectid":8032}},{"type":"Feature","id":8145,"geometry":{"type":"LineString","coordinates":[[-80.425622943814972,37.2294566079837],[-80.425650381744958,37.229423785450571],[-80.425915923296273,37.22920926994491],[-80.426258135803593,37.228957061168067],[-80.426503487266814,37.228782732934981]]},"properties":{"objectid":8145}},{"type":"Feature","id":8147,"geometry":{"type":"LineString","coordinates":[[-80.426465469524047,37.22945180625311],[-80.426551212237015,37.229329501741987],[-80.426659681945992,37.229162282164978],[-80.426784467838516,37.229010705583086],[-80.426844252027323,37.229057288575454],[-80.426890232981194,37.229060542404973],[-80.426904948311346,37.229049397585648]]},"properties":{"objectid":8147}},{"type":"Feature","id":8148,"geometry":{"type":"LineString","coordinates":[[-80.426784467838516,37.229010705583086],[-80.426980224534915,37.228746397912694],[-80.427101663532724,37.228615294148064]]},"properties":{"objectid":8148}},{"type":"Feature","id":8150,"geometry":{"type":"LineString","coordinates":[[-80.426495858653738,37.229408457952033],[-80.426416848055936,37.229360562639386],[-80.426283933391275,37.229467060452173]]},"properties":{"objectid":8150}},{"type":"Feature","id":8152,"geometry":{"type":"LineString","coordinates":[[-80.426283933391275,37.229467060452173],[-80.426267644759307,37.229453354584152]]},"properties":{"objectid":8152}},{"type":"Feature","id":8153,"geometry":{"type":"LineString","coordinates":[[-80.426448964513114,37.229256648858097],[-80.426544916456763,37.22933848121879]]},"properties":{"objectid":8153}},{"type":"Feature","id":8226,"geometry":{"type":"LineString","coordinates":[[-80.427109910762468,37.228851957857152],[-80.427069825030472,37.22877737324351],[-80.427038944722213,37.228682176532004]]},"properties":{"objectid":8226}},{"type":"Feature","id":8242,"geometry":{"type":"LineString","coordinates":[[-80.424447629378321,37.229217010557861],[-80.424170834411655,37.229422664473589]]},"properties":{"objectid":8242}},{"type":"Feature","id":9099,"geometry":{"type":"LineString","coordinates":[[-80.424405886548016,37.228923673217807],[-80.424447163141267,37.228988790242703],[-80.42450868335392,37.229017759385059],[-80.424654042666347,37.229076952377454],[-80.424754434237514,37.229120677887735],[-80.424782518324179,37.229149381826282],[-80.424829842025204,37.2292367582126],[-80.424901087389131,37.229368301157642]]},"properties":{"objectid":9099}},{"type":"Feature","id":9100,"geometry":{"type":"LineString","coordinates":[[-80.423635479241085,37.228222727289456],[-80.42370003149891,37.228252489226797],[-80.423735140713362,37.228278649064045],[-80.423770724605674,37.228323431544808],[-80.423845755499201,37.22844533458418],[-80.423880183336664,37.22848446591285],[-80.423972338553895,37.228559660261539]]},"properties":{"objectid":9100}},{"type":"Feature","id":9101,"geometry":{"type":"LineString","coordinates":[[-80.424447629378321,37.229217010557861],[-80.424199180645701,37.228993232090545]]},"properties":{"objectid":9101}},{"type":"Feature","id":9498,"geometry":{"type":"LineString","coordinates":[[-80.423972338553895,37.228559660261539],[-80.42394339927678,37.228578613617501],[-80.424041841166826,37.228744381577634],[-80.424120002972671,37.22886027234199],[-80.424199180645701,37.228993232090545]]},"properties":{"objectid":9498}},{"type":"Feature","id":5813,"geometry":{"type":"LineString","coordinates":[[-80.423500941659313,37.229557420005797],[-80.423490419308678,37.229547669259084],[-80.423403953412915,37.229474607994987],[-80.423159118361852,37.229259722730767],[-80.423129339185877,37.229274718719587],[-80.423097644275416,37.229285068195601],[-80.423064753817897,37.229290535992902],[-80.423031415166577,37.229290997869498],[-80.422998385858733,37.229286443330395],[-80.422922229035549,37.229339805037348]]},"properties":{"objectid":5813}},{"type":"Feature","id":5848,"geometry":{"type":"LineString","coordinates":[[-80.422922229035549,37.229339805037348],[-80.422988357621307,37.229404867409315],[-80.423056946899067,37.229357964951163]]},"properties":{"objectid":5848}},{"type":"Feature","id":5873,"geometry":{"type":"LineString","coordinates":[[-80.42383041034978,37.229658672507576],[-80.423620558844391,37.22947064040838]]},"properties":{"objectid":5873}},{"type":"Feature","id":5850,"geometry":{"type":"LineString","coordinates":[[-80.423620558844391,37.22947064040838],[-80.4236745166085,37.229432544499844]]},"properties":{"objectid":5850}},{"type":"Feature","id":5878,"geometry":{"type":"LineString","coordinates":[[-80.423620558844391,37.22947064040838],[-80.423210365961836,37.229119288339049],[-80.423836841844306,37.22865328652469],[-80.423859177246911,37.228636672399162]]},"properties":{"objectid":5878}},{"type":"Feature","id":5894,"geometry":{"type":"LineString","coordinates":[[-80.423338291638629,37.23013704524611],[-80.423246327310608,37.230061740033918]]},"properties":{"objectid":5894}},{"type":"Feature","id":5903,"geometry":{"type":"LineString","coordinates":[[-80.423541789601543,37.229999309632881],[-80.423452570565715,37.229919433610391]]},"properties":{"objectid":5903}},{"type":"Feature","id":5964,"geometry":{"type":"LineString","coordinates":[[-80.423863485952481,37.233071120245839],[-80.423827787817714,37.233059312106974],[-80.423288207659155,37.232880827149735],[-80.422635362309933,37.23265604082745],[-80.422592967902176,37.232617724758086]]},"properties":{"objectid":5964}},{"type":"Feature","id":5972,"geometry":{"type":"LineString","coordinates":[[-80.423273582350717,37.228092026074478],[-80.423253852518869,37.228070983559896]]},"properties":{"objectid":5972}},{"type":"Feature","id":6069,"geometry":{"type":"LineString","coordinates":[[-80.423210365961836,37.229119288339049],[-80.423014213774479,37.228951537953762],[-80.423207592341868,37.228802224911881],[-80.423200444682863,37.228750271638823],[-80.423399087870422,37.22860262277981],[-80.423468342563481,37.228612829730544],[-80.423666786128678,37.228468040719164],[-80.423859177246911,37.228636672399162]]},"properties":{"objectid":6069}},{"type":"Feature","id":6064,"geometry":{"type":"LineString","coordinates":[[-80.422846068793561,37.229393169452543],[-80.422811436797772,37.229363097227676],[-80.423066309420051,37.22917249728566],[-80.423166655453571,37.229151520990904],[-80.423210365961836,37.229119288339049]]},"properties":{"objectid":6064}},{"type":"Feature","id":6077,"geometry":{"type":"LineString","coordinates":[[-80.42337638650865,37.228204680374951],[-80.423388582259122,37.228215618791033],[-80.423544912897682,37.228209450968642],[-80.423635479241085,37.228222727289456],[-80.42414454851162,37.228259465525127]]},"properties":{"objectid":6077}},{"type":"Feature","id":6116,"geometry":{"type":"LineString","coordinates":[[-80.424114848601363,37.231318950035686],[-80.424005637791623,37.231399957200416]]},"properties":{"objectid":6116}},{"type":"Feature","id":6552,"geometry":{"type":"LineString","coordinates":[[-80.423253852518869,37.228070983559896],[-80.423186614798425,37.228110940497324],[-80.423158639291813,37.228124424583605],[-80.423128824518187,37.228133115315828],[-80.42310749562165,37.228140108244858],[-80.423087550151806,37.22815040392922],[-80.423069495711744,37.228163740348457],[-80.4229997785161,37.22821415187623],[-80.42297583234209,37.228202025346249],[-80.422950230689395,37.228193961391959],[-80.42292365742523,37.228190175416408],[-80.422896822370319,37.228190768549965],[-80.422870442338322,37.228195724948932],[-80.422845221988368,37.228204912218786],[-80.422821835002367,37.228218084950662],[-80.422800906089705,37.228234891276685],[-80.422782994300121,37.228254882268978],[-80.422768578090427,37.228277523931403],[-80.422758042544089,37.228302211463536],[-80.422751669084917,37.228328285416005],[-80.422749627959718,37.22835504930562],[-80.422751973690694,37.228381788219686],[-80.422758643619062,37.228407787912658],[-80.422730467117958,37.228424261736087],[-80.422709048089303,37.22843765396059],[-80.422675452578346,37.228476392062191],[-80.422564247444825,37.228571704940336],[-80.422478614283449,37.228638566885905]]},"properties":{"objectid":6552}},{"type":"Feature","id":6564,"geometry":{"type":"LineString","coordinates":[[-80.423253852518869,37.228070983559896],[-80.423409769840148,37.227978326665145],[-80.423427521051394,37.227996914759323]]},"properties":{"objectid":6564}},{"type":"Feature","id":6548,"geometry":{"type":"LineString","coordinates":[[-80.423979059089561,37.232732689345397],[-80.423863485952481,37.233071120245839]]},"properties":{"objectid":6548}},{"type":"Feature","id":6625,"geometry":{"type":"LineString","coordinates":[[-80.423144947109151,37.230263046233901],[-80.423338291638629,37.23013704524611],[-80.423436403359801,37.230073106824271],[-80.423541789601543,37.229999309632881],[-80.423728033063583,37.229868891149231]]},"properties":{"objectid":6625}},{"type":"Feature","id":6885,"geometry":{"type":"LineString","coordinates":[[-80.423525166730712,37.229579868235383],[-80.423500941659313,37.229557420005797]]},"properties":{"objectid":6885}},{"type":"Feature","id":6891,"geometry":{"type":"LineString","coordinates":[[-80.423045829005417,37.231732503506073],[-80.423171562931827,37.231791573742747]]},"properties":{"objectid":6891}},{"type":"Feature","id":6890,"geometry":{"type":"LineString","coordinates":[[-80.422980196778099,37.231572467795829],[-80.423169275718024,37.231444893615951],[-80.423231040922673,37.231380397507465],[-80.423394356664133,37.231398743696637]]},"properties":{"objectid":6890}},{"type":"Feature","id":6136,"geometry":{"type":"LineString","coordinates":[[-80.423171562931827,37.231791573742747],[-80.423373114048616,37.231888065411177]]},"properties":{"objectid":6136}},{"type":"Feature","id":7008,"geometry":{"type":"LineString","coordinates":[[-80.423116106162482,37.23280614152381],[-80.423109935645471,37.232819444909452]]},"properties":{"objectid":7008}},{"type":"Feature","id":7011,"geometry":{"type":"LineString","coordinates":[[-80.42315310510061,37.232884623465331],[-80.423174871065783,37.232841803221881]]},"properties":{"objectid":7011}},{"type":"Feature","id":7399,"geometry":{"type":"LineString","coordinates":[[-80.423521369923549,37.231519300640763],[-80.423558282100615,37.231542155008334]]},"properties":{"objectid":7399}},{"type":"Feature","id":6479,"geometry":{"type":"LineString","coordinates":[[-80.422980196778099,37.231572467795829],[-80.422842661781644,37.231430303117072],[-80.422866499206606,37.231405842518598],[-80.422661538082309,37.231263243744124],[-80.422660886808657,37.231237677801317]]},"properties":{"objectid":6479}},{"type":"Feature","id":7453,"geometry":{"type":"LineString","coordinates":[[-80.423462962593007,37.228142980250745],[-80.423437322832854,37.228126124081903],[-80.423368331040891,37.228079331625175],[-80.423316722242262,37.2280336222424]]},"properties":{"objectid":7453}},{"type":"Feature","id":8068,"geometry":{"type":"LineString","coordinates":[[-80.423129232131075,37.232388502159971],[-80.423092453701244,37.232390327955621],[-80.423068915582036,37.232399913483668],[-80.423053813126941,37.232409360685764]]},"properties":{"objectid":8068}},{"type":"Feature","id":8046,"geometry":{"type":"LineString","coordinates":[[-80.424114769560774,37.232657425004234],[-80.424065865848505,37.232672955332134],[-80.424021667464444,37.232690715327813],[-80.423979059089561,37.232732689345397]]},"properties":{"objectid":8046}},{"type":"Feature","id":8049,"geometry":{"type":"LineString","coordinates":[[-80.423875084891591,37.232553540950619],[-80.423883780480026,37.23253635961666],[-80.423931355681162,37.232412249353409],[-80.423965597132593,37.232362194734741]]},"properties":{"objectid":8049}},{"type":"Feature","id":8048,"geometry":{"type":"LineString","coordinates":[[-80.423817367690603,37.232598298248554],[-80.423863531148854,37.232617831054355],[-80.423905389236111,37.232627697470683],[-80.423979059089561,37.232732689345397]]},"properties":{"objectid":8048}},{"type":"Feature","id":8052,"geometry":{"type":"LineString","coordinates":[[-80.423922675895327,37.232589278934164],[-80.423905389236111,37.232627697470683]]},"properties":{"objectid":8052}},{"type":"Feature","id":8055,"geometry":{"type":"LineString","coordinates":[[-80.423965597132593,37.232362194734741],[-80.42394462934891,37.232296001196616],[-80.423943719613632,37.232260313576639],[-80.423927553462121,37.232223252297921]]},"properties":{"objectid":8055}},{"type":"Feature","id":8056,"geometry":{"type":"LineString","coordinates":[[-80.423927553462121,37.232223252297921],[-80.423852927087225,37.232161989014884],[-80.423761221983611,37.232107495937235],[-80.423675154112004,37.232050220603604]]},"properties":{"objectid":8056}},{"type":"Feature","id":8059,"geometry":{"type":"LineString","coordinates":[[-80.424163690280224,37.232290807542114],[-80.424069851605637,37.232311811037391],[-80.424008512522391,37.232333907974905],[-80.423965597132593,37.232362194734741]]},"properties":{"objectid":8059}},{"type":"Feature","id":8060,"geometry":{"type":"LineString","coordinates":[[-80.424163690280224,37.232290807542114],[-80.424242086699905,37.232300889416884]]},"properties":{"objectid":8060}},{"type":"Feature","id":8058,"geometry":{"type":"LineString","coordinates":[[-80.423447711996232,37.232136256932868],[-80.423374261906389,37.232160984332609],[-80.423299023162855,37.232175193136513],[-80.423198518092349,37.232173585060337]]},"properties":{"objectid":8058}},{"type":"Feature","id":8064,"geometry":{"type":"LineString","coordinates":[[-80.42294296404306,37.232364545852079],[-80.422978974528291,37.232392790329293],[-80.423053813126941,37.232409360685764]]},"properties":{"objectid":8064}},{"type":"Feature","id":8066,"geometry":{"type":"LineString","coordinates":[[-80.423112452189955,37.23245257178727],[-80.423101324559397,37.232467475488662]]},"properties":{"objectid":8066}},{"type":"Feature","id":8105,"geometry":{"type":"LineString","coordinates":[[-80.423813195717841,37.231058703245154],[-80.424114848601363,37.231318950035686]]},"properties":{"objectid":8105}},{"type":"Feature","id":8213,"geometry":{"type":"LineString","coordinates":[[-80.423728033063583,37.229868891149231],[-80.42364172625193,37.229788916435083]]},"properties":{"objectid":8213}},{"type":"Feature","id":6704,"geometry":{"type":"LineString","coordinates":[[-80.424170834411655,37.229422664473589],[-80.424152199657954,37.229436509981298],[-80.42383041034978,37.229658672507576],[-80.423704224900277,37.22974579188493],[-80.423697664249161,37.229750319584973],[-80.42364172625193,37.229788916435083],[-80.423452570565715,37.229919433610391],[-80.423246327310608,37.230061740033918],[-80.423104328325721,37.230159718154724],[-80.422975659842834,37.230256593883887],[-80.422723049130383,37.230428044132807],[-80.422525910587865,37.230564688711375]]},"properties":{"objectid":6704}},{"type":"Feature","id":8264,"geometry":{"type":"LineString","coordinates":[[-80.42309591441618,37.230166053338337],[-80.422860182448005,37.229919200320971]]},"properties":{"objectid":8264}},{"type":"Feature","id":9499,"geometry":{"type":"LineString","coordinates":[[-80.424120002972671,37.22886027234199],[-80.424042169244842,37.228912226386583]]},"properties":{"objectid":9499}},{"type":"Feature","id":9500,"geometry":{"type":"LineString","coordinates":[[-80.423859177246911,37.228636672399162],[-80.424041841166826,37.228744381577634]]},"properties":{"objectid":9500}},{"type":"Feature","id":5965,"geometry":{"type":"LineString","coordinates":[[-80.424209924755871,37.231328805106344],[-80.424165391190215,37.231361593191153],[-80.424073302397886,37.231429395152887]]},"properties":{"objectid":5965}},{"type":"Feature","id":6004,"geometry":{"type":"LineString","coordinates":[[-80.425173584521289,37.230912008462937],[-80.425123281775029,37.23094046932232],[-80.425048694321831,37.231009408876076],[-80.424981527626102,37.231088720989234]]},"properties":{"objectid":6004}},{"type":"Feature","id":6060,"geometry":{"type":"LineString","coordinates":[[-80.424859463653263,37.231121985886865],[-80.424733899050835,37.231016349075702]]},"properties":{"objectid":6060}},{"type":"Feature","id":6112,"geometry":{"type":"LineString","coordinates":[[-80.424165391190215,37.231361593191153],[-80.424119452922,37.231322835216616],[-80.424114848601363,37.231318950035686]]},"properties":{"objectid":6112}},{"type":"Feature","id":6115,"geometry":{"type":"LineString","coordinates":[[-80.424119452922,37.231322835216616],[-80.424176138084903,37.23127822885813]]},"properties":{"objectid":6115}},{"type":"Feature","id":6632,"geometry":{"type":"LineString","coordinates":[[-80.428119015842327,37.230000672332892],[-80.428143176794464,37.230019756199404],[-80.428172586030215,37.230045778026167],[-80.428305250584728,37.230214596817412],[-80.428394798767187,37.230372119254],[-80.428429988892717,37.230454721006247],[-80.428462165613084,37.230545636734441],[-80.428499134226385,37.230666251630119],[-80.428519775463457,37.230747802205677],[-80.428537519003186,37.230810700316113],[-80.428566425148844,37.230977405987304],[-80.428579911749551,37.231081116997196],[-80.428607990079087,37.231190364124735],[-80.428654642181471,37.231319515432986],[-80.428692741583774,37.231396842140654],[-80.428693774028005,37.231437244168688],[-80.428673289848305,37.231483772255636],[-80.42864123040259,37.231501615081015],[-80.428247735009435,37.231654130314503],[-80.42797660972802,37.231788475796705],[-80.427963680778788,37.23179495086373],[-80.426783729146408,37.232385878279601]]},"properties":{"objectid":6632}},{"type":"Feature","id":8080,"geometry":{"type":"LineString","coordinates":[[-80.425565344489755,37.231230920071987],[-80.425478316371624,37.231302146589535]]},"properties":{"objectid":8080}},{"type":"Feature","id":8082,"geometry":{"type":"LineString","coordinates":[[-80.425522552542077,37.23126594248707],[-80.42565758068956,37.231390819683497]]},"properties":{"objectid":8082}},{"type":"Feature","id":8075,"geometry":{"type":"LineString","coordinates":[[-80.425909731686019,37.231665116532419],[-80.425771424215654,37.231549404166259],[-80.425478316371624,37.231302146589535]]},"properties":{"objectid":8075}},{"type":"Feature","id":8081,"geometry":{"type":"LineString","coordinates":[[-80.425656159485925,37.231308919082146],[-80.425708061301719,37.231353731335382],[-80.425617948512865,37.231419936764091],[-80.425481859063339,37.23152314700981]]},"properties":{"objectid":8081}},{"type":"Feature","id":8079,"geometry":{"type":"LineString","coordinates":[[-80.424947737325013,37.231223856747405],[-80.424984174086546,37.23125232169356],[-80.425131425781359,37.231365856704308]]},"properties":{"objectid":8079}},{"type":"Feature","id":8109,"geometry":{"type":"LineString","coordinates":[[-80.424488477547328,37.231539669575106],[-80.424431997759299,37.231428723307047]]},"properties":{"objectid":8109}},{"type":"Feature","id":8110,"geometry":{"type":"LineString","coordinates":[[-80.424859463653263,37.231121985886865],[-80.424831693255697,37.231163200958903],[-80.424812141820567,37.23124577429909]]},"properties":{"objectid":8110}},{"type":"Feature","id":8114,"geometry":{"type":"LineString","coordinates":[[-80.425289151204979,37.230849054637076],[-80.425232645074331,37.230878591906134],[-80.425173584521289,37.230912008462937]]},"properties":{"objectid":8114}},{"type":"Feature","id":8113,"geometry":{"type":"LineString","coordinates":[[-80.424618472239985,37.231347420441246],[-80.424477807313394,37.231394967072106]]},"properties":{"objectid":8113}},{"type":"Feature","id":8112,"geometry":{"type":"LineString","coordinates":[[-80.424531890850062,37.231259610580715],[-80.424568475569259,37.231284379789763],[-80.424624864270356,37.23125640398063],[-80.424679872031447,37.23125719792835],[-80.424765228122723,37.231316887856046]]},"properties":{"objectid":8112}},{"type":"Feature","id":8124,"geometry":{"type":"LineString","coordinates":[[-80.424947737325013,37.231223856747405],[-80.424918692484539,37.231244270317958],[-80.42484722035033,37.231248297320107],[-80.424812141820567,37.23124577429909]]},"properties":{"objectid":8124}},{"type":"Feature","id":8121,"geometry":{"type":"LineString","coordinates":[[-80.427308950350479,37.231259733986327],[-80.427129348984252,37.23109612458714],[-80.427161701553658,37.231073995399079],[-80.426490151400472,37.230492985107617]]},"properties":{"objectid":8121}},{"type":"Feature","id":8169,"geometry":{"type":"LineString","coordinates":[[-80.425235175744746,37.231279782209214],[-80.425173584521289,37.230912008462937]]},"properties":{"objectid":8169}},{"type":"Feature","id":8170,"geometry":{"type":"LineString","coordinates":[[-80.425289151204979,37.230849054637076],[-80.425532081255867,37.231063270907796]]},"properties":{"objectid":8170}},{"type":"Feature","id":8171,"geometry":{"type":"LineString","coordinates":[[-80.425532081255867,37.231063270907796],[-80.425289199707976,37.231267990201189]]},"properties":{"objectid":8171}},{"type":"Feature","id":8172,"geometry":{"type":"LineString","coordinates":[[-80.425409425085704,37.231260474718482],[-80.425356207058158,37.231211511773154]]},"properties":{"objectid":8172}},{"type":"Feature","id":8173,"geometry":{"type":"LineString","coordinates":[[-80.425356207058158,37.231211511773154],[-80.42520254643911,37.231084947187846]]},"properties":{"objectid":8173}},{"type":"Feature","id":8175,"geometry":{"type":"LineString","coordinates":[[-80.425437161911645,37.231512038632516],[-80.425481859063339,37.23152314700981]]},"properties":{"objectid":8175}},{"type":"Feature","id":8178,"geometry":{"type":"LineString","coordinates":[[-80.425350926474778,37.231257647974964],[-80.425409425085704,37.231260474718482]]},"properties":{"objectid":8178}},{"type":"Feature","id":8179,"geometry":{"type":"LineString","coordinates":[[-80.425289199707976,37.231267990201189],[-80.425337432344477,37.231256995624186],[-80.425350926474778,37.231257647974964]]},"properties":{"objectid":8179}},{"type":"Feature","id":8180,"geometry":{"type":"LineString","coordinates":[[-80.425235175744746,37.231279782209214],[-80.425252927738981,37.231276258890958],[-80.425289199707976,37.231267990201189]]},"properties":{"objectid":8180}},{"type":"Feature","id":8181,"geometry":{"type":"LineString","coordinates":[[-80.425162959884887,37.231294114165486],[-80.425235175744746,37.231279782209214]]},"properties":{"objectid":8181}},{"type":"Feature","id":8182,"geometry":{"type":"LineString","coordinates":[[-80.424981527626102,37.231088720989234],[-80.424971129320127,37.231207416267537]]},"properties":{"objectid":8182}},{"type":"Feature","id":8185,"geometry":{"type":"LineString","coordinates":[[-80.425481859063339,37.23152314700981],[-80.425485852882986,37.2314926275657],[-80.425464120395745,37.231439359404881],[-80.425413833132325,37.231398096095575],[-80.425372429477434,37.231339040781165],[-80.425359216863541,37.231286990970219],[-80.425350926474778,37.231257647974964]]},"properties":{"objectid":8185}},{"type":"Feature","id":8186,"geometry":{"type":"LineString","coordinates":[[-80.425478316371624,37.231302146589535],[-80.425409425085704,37.231260474718482]]},"properties":{"objectid":8186}},{"type":"Feature","id":8184,"geometry":{"type":"LineString","coordinates":[[-80.425162959884887,37.231294114165486],[-80.425131425781359,37.231365856704308]]},"properties":{"objectid":8184}},{"type":"Feature","id":8168,"geometry":{"type":"LineString","coordinates":[[-80.425231995692343,37.231443397723886],[-80.425265617813352,37.23142761861979],[-80.425235175744746,37.231279782209214]]},"properties":{"objectid":8168}},{"type":"Feature","id":8177,"geometry":{"type":"LineString","coordinates":[[-80.425409425085704,37.231260474718482],[-80.425429432536845,37.231248247862986],[-80.425538616235116,37.231252795742137]]},"properties":{"objectid":8177}},{"type":"Feature","id":8183,"geometry":{"type":"LineString","coordinates":[[-80.424971129320127,37.231207416267537],[-80.42502612649858,37.23121199470657],[-80.425098735555821,37.231234999213498],[-80.425143016484199,37.231264045497497],[-80.425162959884887,37.231294114165486]]},"properties":{"objectid":8183}},{"type":"Feature","id":8204,"geometry":{"type":"LineString","coordinates":[[-80.426986050802228,37.231767482613201],[-80.427219191497727,37.231955088146712]]},"properties":{"objectid":8204}},{"type":"Feature","id":8205,"geometry":{"type":"LineString","coordinates":[[-80.427318158616799,37.232041033715724],[-80.427323562066121,37.232053163271075],[-80.42731135075033,37.232121644646163]]},"properties":{"objectid":8205}},{"type":"Feature","id":8206,"geometry":{"type":"LineString","coordinates":[[-80.427318158616799,37.232041033715724],[-80.427374716498093,37.232028571194455],[-80.42743712657834,37.232012618866356],[-80.427470842197096,37.232003244817584],[-80.427493839239233,37.232006262648063],[-80.427508961374187,37.232022679530573]]},"properties":{"objectid":8206}},{"type":"Feature","id":8211,"geometry":{"type":"LineString","coordinates":[[-80.427219191497727,37.231955088146712],[-80.427318158616799,37.232041033715724]]},"properties":{"objectid":8211}},{"type":"Feature","id":8217,"geometry":{"type":"LineString","coordinates":[[-80.42830246940261,37.231632915936409],[-80.428233529236806,37.23158225799795],[-80.428157900800187,37.23152940378634],[-80.428099185752714,37.231515515093527],[-80.428030703530297,37.231534663761238],[-80.427999018721181,37.231540483498335]]},"properties":{"objectid":8217}},{"type":"Feature","id":8218,"geometry":{"type":"LineString","coordinates":[[-80.427999018721181,37.231540483498335],[-80.427910188732142,37.231541934277878],[-80.427844585907565,37.231547120919494],[-80.427761084858588,37.231601427659527],[-80.427742447224617,37.231578969243543]]},"properties":{"objectid":8218}},{"type":"Feature","id":8219,"geometry":{"type":"LineString","coordinates":[[-80.427693087317948,37.230933276766187],[-80.427755616995057,37.230888814750031]]},"properties":{"objectid":8219}},{"type":"Feature","id":8228,"geometry":{"type":"LineString","coordinates":[[-80.424981527626102,37.231088720989234],[-80.424891299827209,37.231098101043443],[-80.424859463653263,37.231121985886865]]},"properties":{"objectid":8228}},{"type":"Feature","id":8231,"geometry":{"type":"LineString","coordinates":[[-80.424971129320127,37.231207416267537],[-80.424947737325013,37.231223856747405]]},"properties":{"objectid":8231}},{"type":"Feature","id":8233,"geometry":{"type":"LineString","coordinates":[[-80.424812141820567,37.23124577429909],[-80.424765228122723,37.231316887856046]]},"properties":{"objectid":8233}},{"type":"Feature","id":8203,"geometry":{"type":"LineString","coordinates":[[-80.427308950350479,37.231259733986327],[-80.427275099172689,37.231285592850099],[-80.426846371967542,37.231616361776211],[-80.426374641531794,37.231991951268007]]},"properties":{"objectid":8203}},{"type":"Feature","id":8240,"geometry":{"type":"LineString","coordinates":[[-80.427324423801863,37.230458052489183],[-80.427389709297955,37.230521469673342],[-80.427422905042292,37.230524999656083],[-80.427612854067249,37.230683443832461],[-80.427657809801261,37.230748550174781],[-80.427684496820476,37.230862825942445],[-80.427693087317948,37.230933276766187],[-80.427656446086971,37.230994285336642],[-80.427308950350479,37.231259733986327]]},"properties":{"objectid":8240}},{"type":"Feature","id":8241,"geometry":{"type":"LineString","coordinates":[[-80.426269517662519,37.231897519782358],[-80.426374641531794,37.231991951268007]]},"properties":{"objectid":8241}},{"type":"Feature","id":6153,"geometry":{"type":"LineString","coordinates":[[-80.423521369923549,37.231519300640763],[-80.423171562931827,37.231791573742747]]},"properties":{"objectid":6153}},{"type":"Feature","id":6140,"geometry":{"type":"LineString","coordinates":[[-80.423394356664133,37.231398743696637],[-80.423352946648947,37.231436596245928],[-80.423398649004397,37.231474602181891],[-80.423045829005417,37.231732503506073]]},"properties":{"objectid":6140}},{"type":"Feature","id":6427,"geometry":{"type":"LineString","coordinates":[[-80.425106317876171,37.233110987226262],[-80.425154203367683,37.23298553929888],[-80.425178948234532,37.232930909269569],[-80.425193597532385,37.232893999955394],[-80.425212932021893,37.232859314556229],[-80.425236621919041,37.232827444693136],[-80.425264263150567,37.232798933963224],[-80.42535010550769,37.232730638126647],[-80.425362184992892,37.232721028130719],[-80.425430842186344,37.232665061748428],[-80.425301816433034,37.232542032253086],[-80.425310175416186,37.232519003377789],[-80.425431294701198,37.232426888975667],[-80.425290278839938,37.232298926744427]]},"properties":{"objectid":6427}},{"type":"Feature","id":6522,"geometry":{"type":"LineString","coordinates":[[-80.425214109790659,37.232235783253145],[-80.425079625957764,37.232127768659907]]},"properties":{"objectid":6522}},{"type":"Feature","id":6523,"geometry":{"type":"LineString","coordinates":[[-80.425422233328931,37.232046248101724],[-80.425831824058392,37.2317263885624]]},"properties":{"objectid":6523}},{"type":"Feature","id":6658,"geometry":{"type":"LineString","coordinates":[[-80.425919646033478,37.232780456418311],[-80.425268777885535,37.233102513699947],[-80.425229253501172,37.233114745649893],[-80.425188254868729,37.233120305298932],[-80.425146900315227,37.233119040995511],[-80.425106317876171,37.233110987226262]]},"properties":{"objectid":6658}},{"type":"Feature","id":6652,"geometry":{"type":"LineString","coordinates":[[-80.423827787817714,37.233059312106974],[-80.423826827276045,37.232965779303868]]},"properties":{"objectid":6652}},{"type":"Feature","id":6670,"geometry":{"type":"LineString","coordinates":[[-80.426015717506843,37.232502903122018],[-80.426035763853776,37.232528807851466],[-80.425970149349027,37.232587109744941],[-80.425930996312573,37.232618237971046],[-80.425917853482616,37.232628373780386],[-80.425906597085074,37.232640570588359],[-80.425897546108359,37.232654482756807],[-80.425890957042768,37.232669716036987],[-80.425887016611938,37.232685838741951],[-80.425885836481427,37.232702393979864],[-80.425887450094265,37.232718912601598],[-80.425891811723218,37.232734926495667],[-80.425898797766649,37.232749981853765],[-80.425908210251194,37.232763652030982],[-80.425919646033478,37.232780456418311]]},"properties":{"objectid":6670}},{"type":"Feature","id":6684,"geometry":{"type":"LineString","coordinates":[[-80.425106317876171,37.233110987226262],[-80.425080540265554,37.233102078793372],[-80.425056153324277,37.233089867221771],[-80.425033578164886,37.233074563380285],[-80.425013204614146,37.233056431534926],[-80.424970648014565,37.232984059526999],[-80.424940976518954,37.232929695338456],[-80.4249062469612,37.232878414538284],[-80.424866777054575,37.232830686254005],[-80.424822927878097,37.232786947113979],[-80.424778517875041,37.232740980352304],[-80.424765474569924,37.232727094638655],[-80.424754841356261,37.232711287184117],[-80.424746896606834,37.232693971820758],[-80.424741848311598,37.232675601857039],[-80.424739828632681,37.232656658210374],[-80.424741672667679,37.232637347375018],[-80.424746667022276,37.232618602635782],[-80.42475467572558,37.232600934316714],[-80.424765480741243,37.232584823436433],[-80.424778787903577,37.232570708612386],[-80.424832005723715,37.232526384711463],[-80.425180360795736,37.232261450558696],[-80.425214109790659,37.232235783253145]]},"properties":{"objectid":6684}},{"type":"Feature","id":6685,"geometry":{"type":"LineString","coordinates":[[-80.425290278839938,37.232298926744427],[-80.425518486996225,37.232125895284881]]},"properties":{"objectid":6685}},{"type":"Feature","id":6896,"geometry":{"type":"LineString","coordinates":[[-80.425290278839938,37.232298926744427],[-80.425223781575625,37.232348398342431],[-80.425198545861235,37.232366852653676],[-80.425149211043944,37.232403513797806],[-80.42516878759136,37.232420779438414]]},"properties":{"objectid":6896}},{"type":"Feature","id":6979,"geometry":{"type":"LineString","coordinates":[[-80.425214109790659,37.232235783253145],[-80.425290278839938,37.232298926744427]]},"properties":{"objectid":6979}},{"type":"Feature","id":6980,"geometry":{"type":"LineString","coordinates":[[-80.425518486996225,37.232125895284881],[-80.425690780392642,37.232274509116266]]},"properties":{"objectid":6980}},{"type":"Feature","id":5898,"geometry":{"type":"LineString","coordinates":[[-80.423056789403034,37.233301130478239],[-80.423285004862876,37.233361574761631],[-80.423326254900971,37.233373178148277],[-80.423726065178371,37.233493512548172],[-80.423861935688606,37.23307566002687],[-80.423863485952481,37.233071120245839]]},"properties":{"objectid":5898}},{"type":"Feature","id":7009,"geometry":{"type":"LineString","coordinates":[[-80.42330434053379,37.232870101338023],[-80.423300502958668,37.232884894395781]]},"properties":{"objectid":7009}},{"type":"Feature","id":7010,"geometry":{"type":"LineString","coordinates":[[-80.423199188947322,37.232897714570392],[-80.423222580790579,37.23285823141002]]},"properties":{"objectid":7010}},{"type":"Feature","id":6521,"geometry":{"type":"LineString","coordinates":[[-80.425518486996225,37.232125895284881],[-80.425422233328931,37.232046248101724],[-80.425303698772638,37.231948165308928],[-80.425079625957764,37.232127768659907]]},"properties":{"objectid":6521}},{"type":"Feature","id":7019,"geometry":{"type":"LineString","coordinates":[[-80.425439482003071,37.232652997778274],[-80.425430842186344,37.232665061748428]]},"properties":{"objectid":7019}},{"type":"Feature","id":6683,"geometry":{"type":"LineString","coordinates":[[-80.425919646033478,37.232780456418311],[-80.426027337183115,37.232724485553845],[-80.426145243727248,37.232670100000043],[-80.426323836086937,37.232598031432971],[-80.426462639349168,37.232544496053158],[-80.426520254381899,37.232516066719199],[-80.426531751278276,37.232513133799458],[-80.426542585425139,37.232508296247758],[-80.426552443846518,37.232501693810903],[-80.42656104175316,37.232493517219552],[-80.426568130769411,37.232484002678412],[-80.426573506108369,37.232473425042777],[-80.42657701248767,37.23246208987851],[-80.426578548615311,37.232450324634932],[-80.426578070115767,37.232438469185439],[-80.426575590811879,37.232426866009284],[-80.426571182325603,37.232415850298075],[-80.426564972008919,37.232405740272796],[-80.426557139264943,37.232396827991018],[-80.426547910365358,37.23238937091002],[-80.426537551913853,37.232383584449352],[-80.426288510197281,37.232155379261705]]},"properties":{"objectid":6683}},{"type":"Feature","id":7023,"geometry":{"type":"LineString","coordinates":[[-80.426159661685674,37.231869981025532],[-80.426199748315341,37.231842858096179],[-80.426269517662519,37.231897519782358],[-80.426284172584047,37.231893345651009],[-80.42630965190942,37.231875045749987],[-80.42625939686657,37.231834014795723],[-80.426271688648015,37.231824871706173],[-80.426322292325736,37.231864811823208],[-80.42636500022445,37.231835153117423],[-80.426359357626609,37.23183025209633]]},"properties":{"objectid":7023}},{"type":"Feature","id":6059,"geometry":{"type":"LineString","coordinates":[[-80.424477807313394,37.231394967072106],[-80.42434660740129,37.231491644000087],[-80.424035588096331,37.231736895195212],[-80.42388709283874,37.231855239079849]]},"properties":{"objectid":6059}},{"type":"Feature","id":8067,"geometry":{"type":"LineString","coordinates":[[-80.423144629155189,37.232450820949069],[-80.423150279753742,37.232431712768765],[-80.423145084524279,37.232408486676128],[-80.423136351987765,37.23239697447562],[-80.423129232131075,37.232388502159971]]},"properties":{"objectid":8067}},{"type":"Feature","id":8047,"geometry":{"type":"LineString","coordinates":[[-80.424114769560774,37.232657425004234],[-80.424116403923179,37.23265804187993],[-80.424252963864717,37.232727516480686],[-80.4244896396375,37.23285591861675],[-80.424577537041401,37.232920209764295],[-80.424667991235097,37.233008597273667],[-80.424819367180177,37.233245896975482],[-80.424845369795435,37.233296479198657]]},"properties":{"objectid":8047}},{"type":"Feature","id":8050,"geometry":{"type":"LineString","coordinates":[[-80.423817367690603,37.232598298248554],[-80.423848151585489,37.232571831560804],[-80.423875084891591,37.232553540950619]]},"properties":{"objectid":8050}},{"type":"Feature","id":8051,"geometry":{"type":"LineString","coordinates":[[-80.423875084891591,37.232553540950619],[-80.423910028479654,37.232570823132448],[-80.423922675895327,37.232589278934164]]},"properties":{"objectid":8051}},{"type":"Feature","id":8053,"geometry":{"type":"LineString","coordinates":[[-80.423922675895327,37.232589278934164],[-80.423986912843361,37.232601214955558],[-80.424060547238923,37.232623545467099],[-80.424114769560774,37.232657425004234]]},"properties":{"objectid":8053}},{"type":"Feature","id":8054,"geometry":{"type":"LineString","coordinates":[[-80.423927553462121,37.232223252297921],[-80.424021659971075,37.232252552256597],[-80.424107632421425,37.232281172667093],[-80.424163690280224,37.232290807542114]]},"properties":{"objectid":8054}},{"type":"Feature","id":8057,"geometry":{"type":"LineString","coordinates":[[-80.423144629155189,37.232450820949069],[-80.423218169812159,37.232500143264843],[-80.423337200053879,37.232551758106133],[-80.42343244591757,37.232585907791282],[-80.423526409114956,37.232609530610127],[-80.423637265314255,37.232619083975102],[-80.423738384698524,37.232612752206393],[-80.423817367690603,37.232598298248554]]},"properties":{"objectid":8057}},{"type":"Feature","id":8063,"geometry":{"type":"LineString","coordinates":[[-80.423053813126941,37.232409360685764],[-80.423086880629114,37.232442560547568],[-80.423112452189955,37.23245257178727],[-80.423144629155189,37.232450820949069]]},"properties":{"objectid":8063}},{"type":"Feature","id":8037,"geometry":{"type":"LineString","coordinates":[[-80.42388709283874,37.231855239079849],[-80.423869174139412,37.231869519893451],[-80.423718967275178,37.232012096254714],[-80.423675154112004,37.232050220603604]]},"properties":{"objectid":8037}},{"type":"Feature","id":8062,"geometry":{"type":"LineString","coordinates":[[-80.423675154112004,37.232050220603604],[-80.423649054979506,37.232072930979626],[-80.423592975760585,37.232101853915005],[-80.423545143337179,37.232116817695626],[-80.423447711996232,37.232136256932868]]},"properties":{"objectid":8062}},{"type":"Feature","id":8045,"geometry":{"type":"LineString","coordinates":[[-80.424667991235097,37.233008597273667],[-80.424819367180177,37.233245896975482],[-80.424845369795435,37.233296479198657]]},"properties":{"objectid":8045}},{"type":"Feature","id":8069,"geometry":{"type":"LineString","coordinates":[[-80.423129232131075,37.232388502159971],[-80.423198518092349,37.232173585060337]]},"properties":{"objectid":8069}},{"type":"Feature","id":8070,"geometry":{"type":"LineString","coordinates":[[-80.426783729146408,37.232385878279601],[-80.426546743386282,37.232502872276299]]},"properties":{"objectid":8070}},{"type":"Feature","id":8071,"geometry":{"type":"LineString","coordinates":[[-80.426082635502198,37.231916633569917],[-80.42618891776668,37.231996573537863],[-80.42620929130841,37.232053100248514],[-80.426288510197281,37.232155379261705]]},"properties":{"objectid":8071}},{"type":"Feature","id":8072,"geometry":{"type":"LineString","coordinates":[[-80.426159661685674,37.231869981025532],[-80.426082635502198,37.231916633569917]]},"properties":{"objectid":8072}},{"type":"Feature","id":8073,"geometry":{"type":"LineString","coordinates":[[-80.425831824058392,37.2317263885624],[-80.425909731686019,37.231665116532419]]},"properties":{"objectid":8073}},{"type":"Feature","id":8074,"geometry":{"type":"LineString","coordinates":[[-80.425831824058392,37.2317263885624],[-80.425840397993113,37.231759324815975],[-80.425978456377138,37.231865301020861],[-80.426082635502198,37.231916633569917]]},"properties":{"objectid":8074}},{"type":"Feature","id":8078,"geometry":{"type":"LineString","coordinates":[[-80.425909731686019,37.231665116532419],[-80.426159661685674,37.231869981025532]]},"properties":{"objectid":8078}},{"type":"Feature","id":8076,"geometry":{"type":"LineString","coordinates":[[-80.425395570696267,37.231622636391535],[-80.425367053317615,37.231582515914077]]},"properties":{"objectid":8076}},{"type":"Feature","id":8077,"geometry":{"type":"LineString","coordinates":[[-80.425437161911645,37.231512038632516],[-80.425400446727195,37.231565060514143],[-80.425367053317615,37.231582515914077],[-80.425269923070488,37.231582120869724]]},"properties":{"objectid":8077}},{"type":"Feature","id":8084,"geometry":{"type":"LineString","coordinates":[[-80.425481859063339,37.23152314700981],[-80.425466412406294,37.231580895309868],[-80.425395570696267,37.231622636391535],[-80.425292931699019,37.23166151442387],[-80.425224505336672,37.231715053436169],[-80.425193181496127,37.231813647135979],[-80.425185846661392,37.231857734866622],[-80.425303698772638,37.231948165308928]]},"properties":{"objectid":8084}},{"type":"Feature","id":8083,"geometry":{"type":"LineString","coordinates":[[-80.425771424215654,37.231549404166259],[-80.425481859063339,37.23152314700981]]},"properties":{"objectid":8083}},{"type":"Feature","id":8087,"geometry":{"type":"LineString","coordinates":[[-80.424494893974241,37.232244849967131],[-80.424510253809785,37.232152851839956],[-80.424551327727784,37.232104831603657],[-80.424690512366013,37.232006171249296],[-80.42482538076429,37.231904198593568],[-80.424872796582662,37.231856075731677],[-80.424972589446583,37.231788496314394],[-80.425027857375639,37.231716569584378],[-80.425113368111951,37.231669516194493],[-80.425174071625335,37.231644851367449],[-80.425208630185395,37.231590173026845],[-80.425233131242493,37.231525518386441]]},"properties":{"objectid":8087}},{"type":"Feature","id":8092,"geometry":{"type":"LineString","coordinates":[[-80.424562931670422,37.232506627348499],[-80.424523993348558,37.232452085726848],[-80.424519440323408,37.232392926854878],[-80.424543911619466,37.232317877486111],[-80.42457417806682,37.232271133001149],[-80.42460458927826,37.232230066922718]]},"properties":{"objectid":8092}},{"type":"Feature","id":8094,"geometry":{"type":"LineString","coordinates":[[-80.425337437130409,37.231976082920404],[-80.425522722509882,37.231828361875024],[-80.425703764457324,37.231693273611143],[-80.425831824058392,37.2317263885624]]},"properties":{"objectid":8094}},{"type":"Feature","id":8093,"geometry":{"type":"LineString","coordinates":[[-80.42460458927826,37.232230066922718],[-80.424453904124832,37.232250374304975],[-80.424314604191025,37.232279422191013],[-80.424242086699905,37.232300889416884]]},"properties":{"objectid":8093}},{"type":"Feature","id":8090,"geometry":{"type":"LineString","coordinates":[[-80.424562931670422,37.232506627348499],[-80.424706774303388,37.232624979946891],[-80.424740886303567,37.232641026269064]]},"properties":{"objectid":8090}},{"type":"Feature","id":8091,"geometry":{"type":"LineString","coordinates":[[-80.424242086699905,37.232300889416884],[-80.424353168189143,37.232359123836247],[-80.424458350596382,37.232424756501899],[-80.424562931670422,37.232506627348499]]},"properties":{"objectid":8091}},{"type":"Feature","id":8089,"geometry":{"type":"LineString","coordinates":[[-80.424938585680479,37.232155650572089],[-80.425008613778701,37.232138017901299],[-80.425079625957764,37.232127768659907]]},"properties":{"objectid":8089}},{"type":"Feature","id":8088,"geometry":{"type":"LineString","coordinates":[[-80.42460458927826,37.232230066922718],[-80.424721552742866,37.232200571726175],[-80.424859878591221,37.232173162445513],[-80.424938585680479,37.232155650572089]]},"properties":{"objectid":8088}},{"type":"Feature","id":8085,"geometry":{"type":"LineString","coordinates":[[-80.425231995692343,37.231443397723886],[-80.425233131242493,37.231525518386441],[-80.425269923070488,37.231582120869724],[-80.425281672199972,37.231634640691468],[-80.425224505336672,37.231715053436169]]},"properties":{"objectid":8085}},{"type":"Feature","id":8096,"geometry":{"type":"LineString","coordinates":[[-80.424708112478044,37.232115803648362],[-80.424745128774589,37.232157477412187],[-80.424761301284221,37.232192695361796]]},"properties":{"objectid":8096}},{"type":"Feature","id":8098,"geometry":{"type":"LineString","coordinates":[[-80.424970401567364,37.231918999671898],[-80.424872796582662,37.231856075731677]]},"properties":{"objectid":8098}},{"type":"Feature","id":8099,"geometry":{"type":"LineString","coordinates":[[-80.424773605668648,37.232030182098903],[-80.424721420918445,37.23198280179669]]},"properties":{"objectid":8099}},{"type":"Feature","id":8100,"geometry":{"type":"LineString","coordinates":[[-80.424652502298159,37.23215709403663],[-80.4245381450081,37.232120243024809]]},"properties":{"objectid":8100}},{"type":"Feature","id":8095,"geometry":{"type":"LineString","coordinates":[[-80.425185846661392,37.231857734866622],[-80.425080274337944,37.231864529864723],[-80.424990060574672,37.231893057471176],[-80.424936863073398,37.231963259614162],[-80.424865934503913,37.232001620174394],[-80.424773605668648,37.232030182098903],[-80.424734646761138,37.232078167931348],[-80.424708112478044,37.232115803648362],[-80.424664320338366,37.232140193403723],[-80.42462963179014,37.23218979947675],[-80.42460458927826,37.232230066922718]]},"properties":{"objectid":8095}},{"type":"Feature","id":8097,"geometry":{"type":"LineString","coordinates":[[-80.425151241851225,37.231654127443491],[-80.425224505336672,37.231715053436169]]},"properties":{"objectid":8097}},{"type":"Feature","id":8107,"geometry":{"type":"LineString","coordinates":[[-80.424076971571267,37.23183184571365],[-80.42400922160671,37.231757908394123]]},"properties":{"objectid":8107}},{"type":"Feature","id":8108,"geometry":{"type":"LineString","coordinates":[[-80.424369687139617,37.231626782605893],[-80.424233653656984,37.231580713062556]]},"properties":{"objectid":8108}},{"type":"Feature","id":8111,"geometry":{"type":"LineString","coordinates":[[-80.424765228122723,37.231316887856046],[-80.424672922286959,37.231399361286478],[-80.424558806882217,37.231485775508084],[-80.424403228484692,37.231604996226842],[-80.424224309400969,37.231721214688349],[-80.424076971571267,37.23183184571365],[-80.424021313691725,37.231888558402659],[-80.423952196772348,37.231915050553049],[-80.423820505876904,37.231915715985544]]},"properties":{"objectid":8111}},{"type":"Feature","id":8207,"geometry":{"type":"LineString","coordinates":[[-80.426374641531794,37.231991951268007],[-80.426783729146408,37.232385878279601]]},"properties":{"objectid":8207}},{"type":"Feature","id":8208,"geometry":{"type":"LineString","coordinates":[[-80.427219191497727,37.231955088146712],[-80.42727502054899,37.231914130029139]]},"properties":{"objectid":8208}},{"type":"Feature","id":8209,"geometry":{"type":"LineString","coordinates":[[-80.426986050802228,37.231767482613201],[-80.427036010283814,37.231729335081859]]},"properties":{"objectid":8209}},{"type":"Feature","id":8210,"geometry":{"type":"LineString","coordinates":[[-80.426821675005002,37.231636026185583],[-80.426986050802228,37.231767482613201]]},"properties":{"objectid":8210}},{"type":"Feature","id":8216,"geometry":{"type":"LineString","coordinates":[[-80.427999018721181,37.231540483498335],[-80.428039384660607,37.231596203907991],[-80.428063629564491,37.231648073258206],[-80.428048356897918,37.231681581811472],[-80.428002381149483,37.231709483835701],[-80.427945703412206,37.231717197062999],[-80.42789361350296,37.231705151340108],[-80.427844035273822,37.231691706344087],[-80.42781364415103,37.231698311549927],[-80.427794595361576,37.231716949297287],[-80.427790007495275,37.231736708216459],[-80.427801904415801,37.231770452601701],[-80.427819602673807,37.231798672021597],[-80.427828729088347,37.231823637198211],[-80.427830547075956,37.231861626281855]]},"properties":{"objectid":8216}},{"type":"Feature","id":8232,"geometry":{"type":"LineString","coordinates":[[-80.424765228122723,37.231316887856046],[-80.424618472239985,37.231347420441246]]},"properties":{"objectid":8232}},{"type":"Feature","id":8234,"geometry":{"type":"LineString","coordinates":[[-80.425131425781359,37.231365856704308],[-80.425231995692343,37.231443397723886]]},"properties":{"objectid":8234}},{"type":"Feature","id":5885,"geometry":{"type":"LineString","coordinates":[[-80.424712156042744,37.230264901512371],[-80.424474454927179,37.230057745527418]]},"properties":{"objectid":5885}},{"type":"Feature","id":5926,"geometry":{"type":"LineString","coordinates":[[-80.428372730701142,37.229809258609869],[-80.428384612796037,37.2298460758985],[-80.428402669645138,37.229880290619334],[-80.42842635954247,37.229910876329804],[-80.428599501346213,37.230135846765002],[-80.428633552258034,37.230179154945382],[-80.428688500239019,37.23021781986931],[-80.428717327996964,37.230231927100668],[-80.42878827994079,37.230266337811749],[-80.428824492357734,37.230283823133774],[-80.428857756876795,37.230300189453182],[-80.428881432770964,37.230312631437883],[-80.428897708020216,37.230321112440009],[-80.428939146880197,37.230343176461268],[-80.428957849634571,37.23036094786211],[-80.428975151785835,37.230381073764576]]},"properties":{"objectid":5926}},{"type":"Feature","id":5976,"geometry":{"type":"LineString","coordinates":[[-80.425444079915934,37.230110836796747],[-80.425417977796897,37.230128213853284],[-80.425143375823126,37.229904529509128],[-80.42472284394735,37.230213331671983],[-80.424712127623749,37.2302637870906],[-80.424712156042744,37.230264901512371]]},"properties":{"objectid":5976}},{"type":"Feature","id":6044,"geometry":{"type":"LineString","coordinates":[[-80.425127308407028,37.229598290012902],[-80.42519624092175,37.229650923645956],[-80.425266888153871,37.229599991842974],[-80.42534151324756,37.229546375990999],[-80.425486332920556,37.229435411196931],[-80.425547435697979,37.229386664589988]]},"properties":{"objectid":6044}},{"type":"Feature","id":6058,"geometry":{"type":"LineString","coordinates":[[-80.423500941659313,37.229557420005797],[-80.423613450714655,37.229475975561094],[-80.423620558844391,37.22947064040838]]},"properties":{"objectid":6058}},{"type":"Feature","id":6045,"geometry":{"type":"LineString","coordinates":[[-80.423525166730712,37.229579868235383],[-80.423430001048786,37.229644386035183]]},"properties":{"objectid":6045}},{"type":"Feature","id":6114,"geometry":{"type":"LineString","coordinates":[[-80.424170517677979,37.229853248719721],[-80.424273743673865,37.22994688917624],[-80.424540383982205,37.229749029063548]]},"properties":{"objectid":6114}},{"type":"Feature","id":6113,"geometry":{"type":"LineString","coordinates":[[-80.424170834411655,37.229422664473589],[-80.424540383982205,37.229749029063548],[-80.424610814837877,37.229818794497639]]},"properties":{"objectid":6113}},{"type":"Feature","id":6410,"geometry":{"type":"LineString","coordinates":[[-80.427696346192647,37.229455851049536],[-80.427946613028041,37.229329239932561]]},"properties":{"objectid":6410}},{"type":"Feature","id":6407,"geometry":{"type":"LineString","coordinates":[[-80.427531017880128,37.229289464875244],[-80.427696346192647,37.229455851049536]]},"properties":{"objectid":6407}},{"type":"Feature","id":6408,"geometry":{"type":"LineString","coordinates":[[-80.428253795474205,37.229671816383203],[-80.428106086242167,37.229505219789736],[-80.427988301264591,37.229379013729989],[-80.427946613028041,37.229329239932561]]},"properties":{"objectid":6408}},{"type":"Feature","id":6502,"geometry":{"type":"LineString","coordinates":[[-80.426465469524047,37.22945180625311],[-80.426622596326382,37.229580677592701],[-80.426518249012062,37.229659800736172]]},"properties":{"objectid":6502}},{"type":"Feature","id":6454,"geometry":{"type":"LineString","coordinates":[[-80.426762745700188,37.229874686525761],[-80.426553273341341,37.229696303352085]]},"properties":{"objectid":6454}},{"type":"Feature","id":6489,"geometry":{"type":"LineString","coordinates":[[-80.426385973230424,37.229552916961019],[-80.426518249012062,37.229659800736172]]},"properties":{"objectid":6489}},{"type":"Feature","id":6491,"geometry":{"type":"LineString","coordinates":[[-80.426518249012062,37.229659800736172],[-80.426553273341341,37.229696303352085]]},"properties":{"objectid":6491}},{"type":"Feature","id":6538,"geometry":{"type":"LineString","coordinates":[[-80.427696346192647,37.229455851049536],[-80.42770227492727,37.229490317498993]]},"properties":{"objectid":6538}},{"type":"Feature","id":6620,"geometry":{"type":"LineString","coordinates":[[-80.426762970206156,37.229874517926739],[-80.427531017880128,37.229289464875244]]},"properties":{"objectid":6620}},{"type":"Feature","id":6680,"geometry":{"type":"LineString","coordinates":[[-80.428253795474205,37.229671816383203],[-80.428278714273461,37.229657565636352],[-80.428295967263907,37.229646618930701],[-80.428304957872115,37.229639140134374],[-80.428421791648091,37.229557487890638],[-80.428528116722887,37.229482226059403],[-80.42861924870239,37.229444361410842]]},"properties":{"objectid":6680}},{"type":"Feature","id":6700,"geometry":{"type":"LineString","coordinates":[[-80.424901087389131,37.229368301157642],[-80.424903213510518,37.229400533269633],[-80.425127308407028,37.229598290012902],[-80.425090353814426,37.229626297952699],[-80.425049097254046,37.229653833464901],[-80.42496247508079,37.229712330527661]]},"properties":{"objectid":6700}},{"type":"Feature","id":6778,"geometry":{"type":"LineString","coordinates":[[-80.428372730701142,37.229809258609869],[-80.428371488100197,37.229789828337566],[-80.428275701599276,37.229702043555484],[-80.428253795474205,37.229671816383203]]},"properties":{"objectid":6778}},{"type":"Feature","id":6884,"geometry":{"type":"LineString","coordinates":[[-80.423704224900277,37.22974579188493],[-80.423525166730712,37.229579868235383]]},"properties":{"objectid":6884}},{"type":"Feature","id":6895,"geometry":{"type":"LineString","coordinates":[[-80.424474454927179,37.230057745527418],[-80.424473203144757,37.230058648289621],[-80.42440292160606,37.230109371750267],[-80.424319412286238,37.230033588836037]]},"properties":{"objectid":6895}},{"type":"Feature","id":7405,"geometry":{"type":"LineString","coordinates":[[-80.423113214073126,37.230153587084708],[-80.423194731583294,37.230230601987977]]},"properties":{"objectid":7405}},{"type":"Feature","id":7455,"geometry":{"type":"LineString","coordinates":[[-80.424170517677979,37.229853248719721],[-80.423891463831822,37.229616522258574]]},"properties":{"objectid":7455}},{"type":"Feature","id":7456,"geometry":{"type":"LineString","coordinates":[[-80.424948816033591,37.229717398556481],[-80.425143375823126,37.229904529509128]]},"properties":{"objectid":7456}},{"type":"Feature","id":7462,"geometry":{"type":"LineString","coordinates":[[-80.426553273341341,37.229696303352085],[-80.426620158992023,37.229645701599992]]},"properties":{"objectid":7462}},{"type":"Feature","id":7454,"geometry":{"type":"LineString","coordinates":[[-80.424170517677979,37.229853248719721],[-80.424137990498039,37.22987583688159],[-80.424075224140651,37.22982356268998],[-80.42405061075641,37.229808199052094],[-80.424023801898883,37.229797101970924],[-80.423995530750076,37.229790574934988],[-80.423966570483501,37.229788796448922],[-80.423937713118988,37.229791815151643],[-80.423909747862155,37.22979954848617],[-80.423883439520793,37.229811784957398],[-80.423901716407499,37.229831606383122]]},"properties":{"objectid":7454}},{"type":"Feature","id":8104,"geometry":{"type":"LineString","coordinates":[[-80.424582622013233,37.230620870978129],[-80.424526912221523,37.230657418610903],[-80.424448628812016,37.230686714793904],[-80.424236485319355,37.230817155510572],[-80.424142681052146,37.230851771489299],[-80.424099865813659,37.230868565349418],[-80.424061552769757,37.230886478206465],[-80.423813195717841,37.231058703245154]]},"properties":{"objectid":8104}},{"type":"Feature","id":8132,"geometry":{"type":"LineString","coordinates":[[-80.425706825784289,37.229924772223512],[-80.425803714518835,37.230010451890145],[-80.425895825881085,37.230135990194036],[-80.426081160110016,37.230290085869825]]},"properties":{"objectid":8132}},{"type":"Feature","id":8103,"geometry":{"type":"LineString","coordinates":[[-80.424830066475181,37.230415151297919],[-80.424846114316139,37.230427461597984],[-80.424778602961666,37.230475081158524],[-80.424729128688796,37.230509459678331],[-80.424582622013233,37.230620870978129]]},"properties":{"objectid":8103}},{"type":"Feature","id":8120,"geometry":{"type":"LineString","coordinates":[[-80.426304905917689,37.230625286199668],[-80.426490151400472,37.230492985107617]]},"properties":{"objectid":8120}},{"type":"Feature","id":8143,"geometry":{"type":"LineString","coordinates":[[-80.42556828858703,37.229384357835698],[-80.425559093731792,37.229401865609418],[-80.425622943814972,37.2294566079837]]},"properties":{"objectid":8143}},{"type":"Feature","id":8122,"geometry":{"type":"LineString","coordinates":[[-80.426720944694011,37.229906529729021],[-80.426762970206156,37.229874517926739]]},"properties":{"objectid":8122}},{"type":"Feature","id":8117,"geometry":{"type":"LineString","coordinates":[[-80.426308486770836,37.230185547383165],[-80.426233641053003,37.230229854498745],[-80.426081160110016,37.230290085869825]]},"properties":{"objectid":8117}},{"type":"Feature","id":8115,"geometry":{"type":"LineString","coordinates":[[-80.426081160110016,37.230290085869825],[-80.425985559540294,37.230332521525234],[-80.425905828876367,37.230387138575878]]},"properties":{"objectid":8115}},{"type":"Feature","id":8144,"geometry":{"type":"LineString","coordinates":[[-80.425500909734438,37.229659175269646],[-80.425622943814972,37.2294566079837]]},"properties":{"objectid":8144}},{"type":"Feature","id":8135,"geometry":{"type":"LineString","coordinates":[[-80.425627040436453,37.229982361510174],[-80.425520092411674,37.229891079387926]]},"properties":{"objectid":8135}},{"type":"Feature","id":8136,"geometry":{"type":"LineString","coordinates":[[-80.425706825784289,37.229924772223512],[-80.425627040436453,37.229982361510174]]},"properties":{"objectid":8136}},{"type":"Feature","id":8137,"geometry":{"type":"LineString","coordinates":[[-80.425520092411674,37.229891079387926],[-80.4254936014473,37.22991110446241]]},"properties":{"objectid":8137}},{"type":"Feature","id":8126,"geometry":{"type":"LineString","coordinates":[[-80.425048828863225,37.229973956829944],[-80.42515738198388,37.230068926473734],[-80.425229703706137,37.230136561627575]]},"properties":{"objectid":8126}},{"type":"Feature","id":8128,"geometry":{"type":"LineString","coordinates":[[-80.425229703706137,37.230136561627575],[-80.425019994529734,37.230293437448111]]},"properties":{"objectid":8128}},{"type":"Feature","id":8129,"geometry":{"type":"LineString","coordinates":[[-80.425019994529734,37.230293437448111],[-80.424993906058148,37.230014287160053]]},"properties":{"objectid":8129}},{"type":"Feature","id":8127,"geometry":{"type":"LineString","coordinates":[[-80.425229703706137,37.230136561627575],[-80.425308332654353,37.230202722117674],[-80.425417977796897,37.230128213853284]]},"properties":{"objectid":8127}},{"type":"Feature","id":6894,"geometry":{"type":"LineString","coordinates":[[-80.424712156042744,37.230264901512371],[-80.424712812229984,37.230290633213947],[-80.42472197052858,37.230320697546283],[-80.424830066475181,37.230415151297919]]},"properties":{"objectid":6894}},{"type":"Feature","id":8130,"geometry":{"type":"LineString","coordinates":[[-80.425019994529734,37.230293437448111],[-80.424846114316139,37.230427461597984]]},"properties":{"objectid":8130}},{"type":"Feature","id":8138,"geometry":{"type":"LineString","coordinates":[[-80.426599240265389,37.229974795491316],[-80.426518249012062,37.229659800736172]]},"properties":{"objectid":8138}},{"type":"Feature","id":8134,"geometry":{"type":"LineString","coordinates":[[-80.425500909734438,37.229659175269646],[-80.425505942241628,37.22973547049294],[-80.425706825784289,37.229924772223512]]},"properties":{"objectid":8134}},{"type":"Feature","id":8133,"geometry":{"type":"LineString","coordinates":[[-80.425377775522946,37.229749228135894],[-80.425500909734438,37.229659175269646]]},"properties":{"objectid":8133}},{"type":"Feature","id":8141,"geometry":{"type":"LineString","coordinates":[[-80.425500909734438,37.229659175269646],[-80.425435291740484,37.22959986332711]]},"properties":{"objectid":8141}},{"type":"Feature","id":8142,"geometry":{"type":"LineString","coordinates":[[-80.425435291740484,37.22959986332711],[-80.425403606512432,37.229571708573822]]},"properties":{"objectid":8142}},{"type":"Feature","id":8116,"geometry":{"type":"LineString","coordinates":[[-80.425905828876367,37.230387138575878],[-80.425327743687276,37.230820147493567]]},"properties":{"objectid":8116}},{"type":"Feature","id":8119,"geometry":{"type":"LineString","coordinates":[[-80.426599240265389,37.229974795491316],[-80.426394857439377,37.230089437535746],[-80.426308486770836,37.230185547383165]]},"properties":{"objectid":8119}},{"type":"Feature","id":6501,"geometry":{"type":"LineString","coordinates":[[-80.426385973230424,37.229552916961019],[-80.426465469524047,37.22945180625311]]},"properties":{"objectid":6501}},{"type":"Feature","id":8149,"geometry":{"type":"LineString","coordinates":[[-80.425753203754425,37.229760811542427],[-80.425633693426363,37.229855856339732]]},"properties":{"objectid":8149}},{"type":"Feature","id":8151,"geometry":{"type":"LineString","coordinates":[[-80.426385973230424,37.229552916961019],[-80.426283933391275,37.229467060452173]]},"properties":{"objectid":8151}},{"type":"Feature","id":8154,"geometry":{"type":"LineString","coordinates":[[-80.425903581776197,37.230142439407963],[-80.425945136021454,37.229955582778096]]},"properties":{"objectid":8154}},{"type":"Feature","id":8155,"geometry":{"type":"LineString","coordinates":[[-80.425706825784289,37.229924772223512],[-80.425813908825702,37.229958783638011],[-80.425884311413427,37.229962938189779],[-80.425945136021454,37.229955582778096]]},"properties":{"objectid":8155}},{"type":"Feature","id":8156,"geometry":{"type":"LineString","coordinates":[[-80.426174115244777,37.229861948315509],[-80.426118074913916,37.229949712046114],[-80.426074274946942,37.230182425647776],[-80.426081160110016,37.230290085869825]]},"properties":{"objectid":8156}},{"type":"Feature","id":8157,"geometry":{"type":"LineString","coordinates":[[-80.426343178319016,37.229614533874397],[-80.426205756404443,37.229812395071335],[-80.426174115244777,37.229861948315509]]},"properties":{"objectid":8157}},{"type":"Feature","id":8158,"geometry":{"type":"LineString","coordinates":[[-80.426385973230424,37.229552916961019],[-80.426343178319016,37.229614533874397]]},"properties":{"objectid":8158}},{"type":"Feature","id":8159,"geometry":{"type":"LineString","coordinates":[[-80.426046681683701,37.229828778498053],[-80.426102479784888,37.229873611721011]]},"properties":{"objectid":8159}},{"type":"Feature","id":8160,"geometry":{"type":"LineString","coordinates":[[-80.425945136021454,37.229955582778096],[-80.426015889674801,37.229921550525503],[-80.426074468323193,37.229878172309881],[-80.426102479784888,37.229873611721011]]},"properties":{"objectid":8160}},{"type":"Feature","id":8161,"geometry":{"type":"LineString","coordinates":[[-80.426102479784888,37.229873611721011],[-80.426174115244777,37.229861948315509]]},"properties":{"objectid":8161}},{"type":"Feature","id":8162,"geometry":{"type":"LineString","coordinates":[[-80.426148326375667,37.229695002895014],[-80.426093328583576,37.229681659138201],[-80.426062077744206,37.229652472712147]]},"properties":{"objectid":8162}},{"type":"Feature","id":8163,"geometry":{"type":"LineString","coordinates":[[-80.426343178319016,37.229614533874397],[-80.426312624678559,37.229595355686001],[-80.42625834857914,37.229599423809745],[-80.426185024316183,37.229636679686529],[-80.426150336988371,37.229680728933864],[-80.426148326375667,37.229695002895014]]},"properties":{"objectid":8163}},{"type":"Feature","id":8164,"geometry":{"type":"LineString","coordinates":[[-80.426148326375667,37.229695002895014],[-80.426143600138275,37.229728564434829],[-80.426152880107722,37.229780380919628],[-80.426174115244777,37.229861948315509]]},"properties":{"objectid":8164}},{"type":"Feature","id":8165,"geometry":{"type":"LineString","coordinates":[[-80.426368203917804,37.230356002978596],[-80.426244790586679,37.230438568939363]]},"properties":{"objectid":8165}},{"type":"Feature","id":8166,"geometry":{"type":"LineString","coordinates":[[-80.426244790586679,37.230438568939363],[-80.426081160110016,37.230290085869825]]},"properties":{"objectid":8166}},{"type":"Feature","id":8167,"geometry":{"type":"LineString","coordinates":[[-80.426386409183337,37.230567077186755],[-80.426244790586679,37.230438568939363]]},"properties":{"objectid":8167}},{"type":"Feature","id":8187,"geometry":{"type":"LineString","coordinates":[[-80.42532894433171,37.230821172496341],[-80.424846114316139,37.230427461597984]]},"properties":{"objectid":8187}},{"type":"Feature","id":8189,"geometry":{"type":"LineString","coordinates":[[-80.427670777266215,37.230105350318112],[-80.427482020353793,37.230247098407695],[-80.427525201892564,37.230286574269485]]},"properties":{"objectid":8189}},{"type":"Feature","id":8190,"geometry":{"type":"LineString","coordinates":[[-80.427670777266215,37.230105350318112],[-80.427606331581643,37.230029221411769]]},"properties":{"objectid":8190}},{"type":"Feature","id":8192,"geometry":{"type":"LineString","coordinates":[[-80.427444134381545,37.230274365222073],[-80.427271884822858,37.230406532281727]]},"properties":{"objectid":8192}},{"type":"Feature","id":8194,"geometry":{"type":"LineString","coordinates":[[-80.427444134381545,37.230274365222073],[-80.427433221745275,37.230264185871071]]},"properties":{"objectid":8194}},{"type":"Feature","id":8195,"geometry":{"type":"LineString","coordinates":[[-80.427180763508801,37.230317178838121],[-80.427271884822858,37.230406532281727]]},"properties":{"objectid":8195}},{"type":"Feature","id":8196,"geometry":{"type":"LineString","coordinates":[[-80.427210703690378,37.230292933146508],[-80.427180763508801,37.230317178838121]]},"properties":{"objectid":8196}},{"type":"Feature","id":8197,"geometry":{"type":"LineString","coordinates":[[-80.426599240265389,37.229974795491316],[-80.426683652539879,37.230023338873671],[-80.4268530554302,37.230164744669153],[-80.426906969385996,37.230166211554241],[-80.426987457399719,37.230160146121278],[-80.427078958036475,37.230219741299493],[-80.427180763508801,37.230317178838121]]},"properties":{"objectid":8197}},{"type":"Feature","id":8198,"geometry":{"type":"LineString","coordinates":[[-80.427312431589399,37.230446293681801],[-80.42798938898072,37.229938120769184],[-80.428062180300927,37.229860610392294]]},"properties":{"objectid":8198}},{"type":"Feature","id":8199,"geometry":{"type":"LineString","coordinates":[[-80.428062180300927,37.229860610392294],[-80.428002945472784,37.229837441546245],[-80.427606331581643,37.230029221411769]]},"properties":{"objectid":8199}},{"type":"Feature","id":8200,"geometry":{"type":"LineString","coordinates":[[-80.427606331581643,37.230029221411769],[-80.427516442842204,37.23006598521944],[-80.427471972807879,37.230019877130658],[-80.427864342652924,37.229728387893125],[-80.427849120701836,37.229697413376343],[-80.42770227492727,37.229490317498993]]},"properties":{"objectid":8200}},{"type":"Feature","id":8201,"geometry":{"type":"LineString","coordinates":[[-80.427271884822858,37.230406532281727],[-80.427312431589399,37.230446293681801]]},"properties":{"objectid":8201}},{"type":"Feature","id":8202,"geometry":{"type":"LineString","coordinates":[[-80.427312431589399,37.230446293681801],[-80.427324423801863,37.230458052489183]]},"properties":{"objectid":8202}},{"type":"Feature","id":5845,"geometry":{"type":"LineString","coordinates":[[-80.424650147838037,37.230675162790867],[-80.424664427909732,37.230687589362091],[-80.424675844243083,37.230699278508666],[-80.424298318617332,37.230987927273375]]},"properties":{"objectid":5845}},{"type":"Feature","id":8188,"geometry":{"type":"LineString","coordinates":[[-80.425289151204979,37.230849054637076],[-80.424850283486947,37.23071159649362],[-80.424963195688292,37.230614304183717],[-80.424934677096488,37.230588254432433],[-80.424617593480093,37.23059427720915]]},"properties":{"objectid":8188}},{"type":"Feature","id":8230,"geometry":{"type":"LineString","coordinates":[[-80.425327743687276,37.230820147493567],[-80.425289151204979,37.230849054637076]]},"properties":{"objectid":8230}},{"type":"Feature","id":8235,"geometry":{"type":"LineString","coordinates":[[-80.426368203917804,37.230356002978596],[-80.426400639160121,37.230398809997332],[-80.426490151400472,37.230492985107617]]},"properties":{"objectid":8235}},{"type":"Feature","id":8236,"geometry":{"type":"LineString","coordinates":[[-80.426308486770836,37.230185547383165],[-80.426295587214199,37.230260165001305],[-80.426368203917804,37.230356002978596]]},"properties":{"objectid":8236}},{"type":"Feature","id":8237,"geometry":{"type":"LineString","coordinates":[[-80.426720944694011,37.229906529729021],[-80.426599240265389,37.229974795491316]]},"properties":{"objectid":8237}},{"type":"Feature","id":8239,"geometry":{"type":"LineString","coordinates":[[-80.424968583746875,37.229589144691744],[-80.42497765353761,37.229582062327914]]},"properties":{"objectid":8239}},{"type":"Feature","id":6131,"geometry":{"type":"LineString","coordinates":[[-80.424610814837877,37.229818794497639],[-80.424862782078392,37.22964153822106],[-80.424948816033591,37.229717398556481],[-80.42496247508079,37.229712330527661]]},"properties":{"objectid":6131}},{"type":"Feature","id":8243,"geometry":{"type":"LineString","coordinates":[[-80.424474454927179,37.230057745527418],[-80.424384757954186,37.229977822105113],[-80.424610814837877,37.229818794497639]]},"properties":{"objectid":8243}},{"type":"Feature","id":8244,"geometry":{"type":"LineString","coordinates":[[-80.424610814837877,37.229818794497639],[-80.42462314970868,37.229831414116624]]},"properties":{"objectid":8244}},{"type":"Feature","id":8238,"geometry":{"type":"LineString","coordinates":[[-80.424968583746875,37.229589144691744],[-80.424929406569518,37.229556612789096],[-80.424891805481082,37.229583978680495],[-80.42480873807682,37.229585188089061],[-80.424540383982205,37.229749029063548]]},"properties":{"objectid":8238}},{"type":"Feature","id":6647,"geometry":{"type":"LineString","coordinates":[[-80.42770227492727,37.229490317498993],[-80.427857596396038,37.229554246887723],[-80.428019369304451,37.229756174169182],[-80.428044124630276,37.22980298620638],[-80.428049105100001,37.229828386809281],[-80.428062180300927,37.229860610392294],[-80.428104542712688,37.229913684450352],[-80.428126381925608,37.229931805819447],[-80.428132593732215,37.229948797172206],[-80.428119015842327,37.230000672332892]]},"properties":{"objectid":6647}},{"type":"Feature","id":6063,"geometry":{"type":"LineString","coordinates":[[-80.422658096988272,37.231789790238551],[-80.422980196778099,37.231572467795829]]},"properties":{"objectid":6063}},{"type":"Feature","id":6243,"geometry":{"type":"LineString","coordinates":[[-80.423198518092349,37.232173585060337],[-80.42310322502334,37.232144901331402],[-80.422975357421265,37.23209483532051],[-80.422927755964636,37.232069628602673],[-80.422747177088453,37.231955304329794],[-80.422738391075612,37.23195168018799],[-80.422730357573926,37.231946601676782],[-80.422723315063578,37.231940219555376],[-80.422717472606507,37.231932723281574],[-80.422713003640183,37.231924335387589],[-80.42271004082906,37.231915304874001],[-80.422708672126262,37.23190589981801],[-80.422708938162714,37.231896399415383],[-80.422710831040945,37.231887085692307],[-80.422714294569516,37.231878235133259],[-80.422719225931118,37.231870110473373],[-80.422725478734776,37.231862952898936],[-80.422947156996301,37.231717256923339],[-80.422955764419839,37.231712695613126],[-80.422964991575299,37.2317095726509],[-80.422974599948375,37.231707968762628],[-80.422984341170647,37.231707925407484],[-80.422993963439609,37.231709443706173],[-80.423003218027631,37.231712484411922],[-80.423045829005417,37.231732503506073]]},"properties":{"objectid":6243}}]}
