{
  "type": "FeatureCollection",
  "features": [
    {
      "type": "Feature",
      "geometry": {
        "type": "Point",
        "coordinates": [
          -80.42508333333333,
          37.22963888888889
        ]
      },
      "properties": {
        "barrier_id": "STAIRS-STUDENT-CENTER-REPORT-1",
        "name": "Reported stairs near the student center",
        "barrier_type": "stairs",
        "confidence": "community_report",
        "source": "User-provided coordinate, 2026-09-19: 37\u00b013\u203246.7\u2033N 80\u00b025\u203230.3\u2033W",
        "notes": "User reports approximately three flights of stairs and an alternative involving two elevators. The pin is known; stair endpoints and the elevator sequence still need mapping.",
        "span_mapped": false
      }
    },
    {
      "type": "Feature",
      "geometry": {
        "type": "LineString",
        "coordinates": [
          [
            -80.4242542,
            37.2278065
          ],
          [
            -80.4240937,
            37.2276733
          ]
        ]
      },
      "properties": {
        "barrier_id": "OSM-STEPS-32709515",
        "name": "Stairs (OpenStreetMap)",
        "barrier_type": "stairs",
        "confidence": "community_report",
        "source": "OpenStreetMap way 32709515, fetched 2026-09-19 via api.openstreetmap.org",
        "notes": "16 steps (OSM-reported); incline: down",
        "step_count": "16",
        "handrail": "yes",
        "surface": "concrete",
        "span_mapped": false
      }
    },
    {
      "type": "Feature",
      "geometry": {
        "type": "LineString",
        "coordinates": [
          [
            -80.4207076,
            37.2254988
          ],
          [
            -80.4206966,
            37.2254799
          ]
        ]
      },
      "properties": {
        "barrier_id": "OSM-STEPS-37394889",
        "name": "Stairs (OpenStreetMap)",
        "barrier_type": "stairs",
        "confidence": "community_report",
        "source": "OpenStreetMap way 37394889, fetched 2026-09-19 via api.openstreetmap.org",
        "notes": "5 steps (OSM-reported); incline: up",
        "step_count": "5",
        "handrail": "yes",
        "surface": "concrete",
        "span_mapped": false
      }
    },
    {
      "type": "Feature",
      "geometry": {
        "type": "LineString",
        "coordinates": [
          [
            -80.4213716,
            37.226234
          ],
          [
            -80.4213484,
            37.226207
          ]
        ]
      },
      "properties": {
        "barrier_id": "OSM-STEPS-37394893",
        "name": "Stairs (OpenStreetMap)",
        "barrier_type": "stairs",
        "confidence": "community_report",
        "source": "OpenStreetMap way 37394893, fetched 2026-09-19 via api.openstreetmap.org",
        "notes": "incline: up",
        "step_count": null,
        "handrail": null,
        "surface": "concrete",
        "span_mapped": false
      }
    },
    {
      "type": "Feature",
      "geometry": {
        "type": "LineString",
        "coordinates": [
          [
            -80.4219182,
            37.2294095
          ],
          [
            -80.4218973,
            37.2294218
          ]
        ]
      },
      "properties": {
        "barrier_id": "OSM-STEPS-43315948",
        "name": "Stairs (OpenStreetMap)",
        "barrier_type": "stairs",
        "confidence": "community_report",
        "source": "OpenStreetMap way 43315948, fetched 2026-09-19 via api.openstreetmap.org",
        "notes": "4 steps (OSM-reported); incline: up",
        "step_count": "4",
        "handrail": "no",
        "surface": "concrete",
        "span_mapped": false
      }
    },
    {
      "type": "Feature",
      "geometry": {
        "type": "LineString",
        "coordinates": [
          [
            -80.4189562,
            37.2261014
          ],
          [
            -80.418934,
            37.22593
          ],
          [
            -80.4188989,
            37.2257533
          ]
        ]
      },
      "properties": {
        "barrier_id": "OSM-STEPS-43974510",
        "name": "Stairs (OpenStreetMap)",
        "barrier_type": "stairs",
        "confidence": "community_report",
        "source": "OpenStreetMap way 43974510, fetched 2026-09-19 via api.openstreetmap.org",
        "notes": "incline: up",
        "step_count": null,
        "handrail": "yes",
        "surface": "concrete",
        "span_mapped": false
      }
    },
    {
      "type": "Feature",
      "geometry": {
        "type": "LineString",
        "coordinates": [
          [
            -80.4188755,
            37.2256267
          ],
          [
            -80.4188879,
            37.2256924
          ],
          [
            -80.4188989,
            37.2257533
          ]
        ]
      },
      "properties": {
        "barrier_id": "OSM-STEPS-43974511",
        "name": "Stairs (OpenStreetMap)",
        "barrier_type": "stairs",
        "confidence": "community_report",
        "source": "OpenStreetMap way 43974511, fetched 2026-09-19 via api.openstreetmap.org",
        "notes": "OpenStreetMap-tagged staircase; no further detail recorded.",
        "step_count": null,
        "handrail": null,
        "surface": "concrete",
        "span_mapped": false
      }
    },
    {
      "type": "Feature",
      "geometry": {
        "type": "LineString",
        "coordinates": [
          [
            -80.4193183,
            37.2260964
          ],
          [
            -80.4191554,
            37.2261673
          ]
        ]
      },
      "properties": {
        "barrier_id": "OSM-STEPS-45581294",
        "name": "Stairs (OpenStreetMap)",
        "barrier_type": "stairs",
        "confidence": "community_report",
        "source": "OpenStreetMap way 45581294, fetched 2026-09-19 via api.openstreetmap.org",
        "notes": "incline: down",
        "step_count": null,
        "handrail": "yes",
        "surface": "concrete",
        "span_mapped": false
      }
    },
    {
      "type": "Feature",
      "geometry": {
        "type": "LineString",
        "coordinates": [
          [
            -80.4188272,
            37.2257832
          ],
          [
            -80.4187585,
            37.2258339
          ]
        ]
      },
      "properties": {
        "barrier_id": "OSM-STEPS-45581296",
        "name": "Stairs (OpenStreetMap)",
        "barrier_type": "stairs",
        "confidence": "community_report",
        "source": "OpenStreetMap way 45581296, fetched 2026-09-19 via api.openstreetmap.org",
        "notes": "incline: down",
        "step_count": null,
        "handrail": "yes",
        "surface": "concrete",
        "span_mapped": false
      }
    },
    {
      "type": "Feature",
      "geometry": {
        "type": "LineString",
        "coordinates": [
          [
            -80.4173284,
            37.2263962
          ],
          [
            -80.4172743,
            37.2263607
          ]
        ]
      },
      "properties": {
        "barrier_id": "OSM-STEPS-45584861",
        "name": "Stairs (OpenStreetMap)",
        "barrier_type": "stairs",
        "confidence": "community_report",
        "source": "OpenStreetMap way 45584861, fetched 2026-09-19 via api.openstreetmap.org",
        "notes": "OpenStreetMap-tagged staircase; no further detail recorded.",
        "step_count": null,
        "handrail": null,
        "surface": "concrete",
        "span_mapped": false
      }
    },
    {
      "type": "Feature",
      "geometry": {
        "type": "LineString",
        "coordinates": [
          [
            -80.4174358,
            37.2263632
          ],
          [
            -80.4173994,
            37.2263974
          ]
        ]
      },
      "properties": {
        "barrier_id": "OSM-STEPS-45584862",
        "name": "Stairs (OpenStreetMap)",
        "barrier_type": "stairs",
        "confidence": "community_report",
        "source": "OpenStreetMap way 45584862, fetched 2026-09-19 via api.openstreetmap.org",
        "notes": "OpenStreetMap-tagged staircase; no further detail recorded.",
        "step_count": null,
        "handrail": null,
        "surface": null,
        "span_mapped": false
      }
    },
    {
      "type": "Feature",
      "geometry": {
        "type": "LineString",
        "coordinates": [
          [
            -80.4173671,
            37.2263872
          ],
          [
            -80.4173634,
            37.2263551
          ]
        ]
      },
      "properties": {
        "barrier_id": "OSM-STEPS-45584863",
        "name": "Stairs (OpenStreetMap)",
        "barrier_type": "stairs",
        "confidence": "community_report",
        "source": "OpenStreetMap way 45584863, fetched 2026-09-19 via api.openstreetmap.org",
        "notes": "OpenStreetMap-tagged staircase; no further detail recorded.",
        "step_count": null,
        "handrail": "no",
        "surface": "concrete",
        "span_mapped": false
      }
    },
    {
      "type": "Feature",
      "geometry": {
        "type": "LineString",
        "coordinates": [
          [
            -80.4186459,
            37.2257604
          ],
          [
            -80.4186552,
            37.2257811
          ],
          [
            -80.4186659,
            37.2258053
          ],
          [
            -80.4186876,
            37.2258543
          ]
        ]
      },
      "properties": {
        "barrier_id": "OSM-STEPS-49224450",
        "name": "Stairs (OpenStreetMap)",
        "barrier_type": "stairs",
        "confidence": "community_report",
        "source": "OpenStreetMap way 49224450, fetched 2026-09-19 via api.openstreetmap.org",
        "notes": "incline: down",
        "step_count": null,
        "handrail": "yes",
        "surface": "concrete",
        "span_mapped": false
      }
    },
    {
      "type": "Feature",
      "geometry": {
        "type": "LineString",
        "coordinates": [
          [
            -80.4234237,
            37.2249129
          ],
          [
            -80.4232553,
            37.2249663
          ]
        ]
      },
      "properties": {
        "barrier_id": "OSM-STEPS-51753381",
        "name": "Stairs (OpenStreetMap)",
        "barrier_type": "stairs",
        "confidence": "community_report",
        "source": "OpenStreetMap way 51753381, fetched 2026-09-19 via api.openstreetmap.org",
        "notes": "23 steps (OSM-reported); incline: down",
        "step_count": "23",
        "handrail": "yes",
        "surface": "concrete",
        "span_mapped": false
      }
    },
    {
      "type": "Feature",
      "geometry": {
        "type": "LineString",
        "coordinates": [
          [
            -80.423184,
            37.2285662
          ],
          [
            -80.4232602,
            37.2286483
          ]
        ]
      },
      "properties": {
        "barrier_id": "OSM-STEPS-51753382",
        "name": "Stairs (OpenStreetMap)",
        "barrier_type": "stairs",
        "confidence": "community_report",
        "source": "OpenStreetMap way 51753382, fetched 2026-09-19 via api.openstreetmap.org",
        "notes": "incline: up",
        "step_count": null,
        "handrail": "yes",
        "surface": "concrete",
        "span_mapped": false
      }
    },
    {
      "type": "Feature",
      "geometry": {
        "type": "LineString",
        "coordinates": [
          [
            -80.4229909,
            37.228475
          ],
          [
            -80.4230541,
            37.2285228
          ]
        ]
      },
      "properties": {
        "barrier_id": "OSM-STEPS-51753383",
        "name": "Stairs (OpenStreetMap)",
        "barrier_type": "stairs",
        "confidence": "community_report",
        "source": "OpenStreetMap way 51753383, fetched 2026-09-19 via api.openstreetmap.org",
        "notes": "6 steps (OSM-reported); incline: up",
        "step_count": "6",
        "handrail": "yes",
        "surface": "concrete",
        "span_mapped": false
      }
    },
    {
      "type": "Feature",
      "geometry": {
        "type": "LineString",
        "coordinates": [
          [
            -80.4231496,
            37.2284555
          ],
          [
            -80.4230869,
            37.2284036
          ]
        ]
      },
      "properties": {
        "barrier_id": "OSM-STEPS-51753386",
        "name": "Stairs (OpenStreetMap)",
        "barrier_type": "stairs",
        "confidence": "community_report",
        "source": "OpenStreetMap way 51753386, fetched 2026-09-19 via api.openstreetmap.org",
        "notes": "6 steps (OSM-reported); incline: down",
        "step_count": "6",
        "handrail": "yes",
        "surface": "concrete",
        "span_mapped": false
      }
    },
    {
      "type": "Feature",
      "geometry": {
        "type": "LineString",
        "coordinates": [
          [
            -80.4178426,
            37.2243676
          ],
          [
            -80.4179491,
            37.2244602
          ]
        ]
      },
      "properties": {
        "barrier_id": "OSM-STEPS-53546764",
        "name": "Stairs (OpenStreetMap)",
        "barrier_type": "stairs",
        "confidence": "community_report",
        "source": "OpenStreetMap way 53546764, fetched 2026-09-19 via api.openstreetmap.org",
        "notes": "OpenStreetMap-tagged staircase; no further detail recorded.",
        "step_count": null,
        "handrail": null,
        "surface": "concrete",
        "span_mapped": false
      }
    },
    {
      "type": "Feature",
      "geometry": {
        "type": "LineString",
        "coordinates": [
          [
            -80.4184106,
            37.2239691
          ],
          [
            -80.4185382,
            37.2240866
          ]
        ]
      },
      "properties": {
        "barrier_id": "OSM-STEPS-53546766",
        "name": "Stairs (OpenStreetMap)",
        "barrier_type": "stairs",
        "confidence": "community_report",
        "source": "OpenStreetMap way 53546766, fetched 2026-09-19 via api.openstreetmap.org",
        "notes": "OpenStreetMap-tagged staircase; no further detail recorded.",
        "step_count": null,
        "handrail": null,
        "surface": "concrete",
        "span_mapped": false
      }
    },
    {
      "type": "Feature",
      "geometry": {
        "type": "LineString",
        "coordinates": [
          [
            -80.4245789,
            37.2259111
          ],
          [
            -80.4245717,
            37.2258784
          ]
        ]
      },
      "properties": {
        "barrier_id": "OSM-STEPS-54645469",
        "name": "Stairs (OpenStreetMap)",
        "barrier_type": "stairs",
        "confidence": "community_report",
        "source": "OpenStreetMap way 54645469, fetched 2026-09-19 via api.openstreetmap.org",
        "notes": "incline: up",
        "step_count": null,
        "handrail": "no",
        "surface": "concrete",
        "span_mapped": false
      }
    },
    {
      "type": "Feature",
      "geometry": {
        "type": "LineString",
        "coordinates": [
          [
            -80.4183518,
            37.2289237
          ],
          [
            -80.4183071,
            37.2288774
          ]
        ]
      },
      "properties": {
        "barrier_id": "OSM-STEPS-54653837",
        "name": "Stairs (OpenStreetMap)",
        "barrier_type": "stairs",
        "confidence": "community_report",
        "source": "OpenStreetMap way 54653837, fetched 2026-09-19 via api.openstreetmap.org",
        "notes": "10 steps (OSM-reported); incline: down",
        "step_count": "10",
        "handrail": "yes",
        "surface": "concrete",
        "span_mapped": false
      }
    },
    {
      "type": "Feature",
      "geometry": {
        "type": "LineString",
        "coordinates": [
          [
            -80.4251806,
            37.2277717
          ],
          [
            -80.4251233,
            37.2277221
          ]
        ]
      },
      "properties": {
        "barrier_id": "OSM-STEPS-54664064",
        "name": "Stairs (OpenStreetMap)",
        "barrier_type": "stairs",
        "confidence": "community_report",
        "source": "OpenStreetMap way 54664064, fetched 2026-09-19 via api.openstreetmap.org",
        "notes": "13 steps (OSM-reported); incline: down",
        "step_count": "13",
        "handrail": "yes",
        "surface": "concrete",
        "span_mapped": false
      }
    },
    {
      "type": "Feature",
      "geometry": {
        "type": "LineString",
        "coordinates": [
          [
            -80.4230766,
            37.2293653
          ],
          [
            -80.4230432,
            37.2293345
          ]
        ]
      },
      "properties": {
        "barrier_id": "OSM-STEPS-54664067",
        "name": "Stairs (OpenStreetMap)",
        "barrier_type": "stairs",
        "confidence": "community_report",
        "source": "OpenStreetMap way 54664067, fetched 2026-09-19 via api.openstreetmap.org",
        "notes": "3 steps (OSM-reported); incline: down; has an adjoining ramp per OSM",
        "step_count": "3",
        "handrail": "no",
        "surface": "concrete",
        "span_mapped": false
      }
    },
    {
      "type": "Feature",
      "geometry": {
        "type": "LineString",
        "coordinates": [
          [
            -80.4220718,
            37.2290932
          ],
          [
            -80.422106,
            37.2291274
          ]
        ]
      },
      "properties": {
        "barrier_id": "OSM-STEPS-54664071",
        "name": "Stairs (OpenStreetMap)",
        "barrier_type": "stairs",
        "confidence": "community_report",
        "source": "OpenStreetMap way 54664071, fetched 2026-09-19 via api.openstreetmap.org",
        "notes": "2 steps (OSM-reported); incline: up",
        "step_count": "2",
        "handrail": "no",
        "surface": "concrete",
        "span_mapped": false
      }
    },
    {
      "type": "Feature",
      "geometry": {
        "type": "LineString",
        "coordinates": [
          [
            -80.4183462,
            37.2268451
          ],
          [
            -80.418415,
            37.226891
          ]
        ]
      },
      "properties": {
        "barrier_id": "OSM-STEPS-54664078",
        "name": "Stairs (OpenStreetMap)",
        "barrier_type": "stairs",
        "confidence": "community_report",
        "source": "OpenStreetMap way 54664078, fetched 2026-09-19 via api.openstreetmap.org",
        "notes": "incline: up",
        "step_count": null,
        "handrail": "yes",
        "surface": "concrete",
        "span_mapped": false
      }
    },
    {
      "type": "Feature",
      "geometry": {
        "type": "LineString",
        "coordinates": [
          [
            -80.4198538,
            37.2299366
          ],
          [
            -80.419827,
            37.2299075
          ]
        ]
      },
      "properties": {
        "barrier_id": "OSM-STEPS-54664080",
        "name": "Stairs (OpenStreetMap)",
        "barrier_type": "stairs",
        "confidence": "community_report",
        "source": "OpenStreetMap way 54664080, fetched 2026-09-19 via api.openstreetmap.org",
        "notes": "OpenStreetMap-tagged staircase; no further detail recorded.",
        "step_count": null,
        "handrail": "yes",
        "surface": "concrete",
        "span_mapped": false
      }
    },
    {
      "type": "Feature",
      "geometry": {
        "type": "LineString",
        "coordinates": [
          [
            -80.4210121,
            37.2258891
          ],
          [
            -80.4209963,
            37.2258724
          ]
        ]
      },
      "properties": {
        "barrier_id": "OSM-STEPS-54911860",
        "name": "Stairs (OpenStreetMap)",
        "barrier_type": "stairs",
        "confidence": "community_report",
        "source": "OpenStreetMap way 54911860, fetched 2026-09-19 via api.openstreetmap.org",
        "notes": "OpenStreetMap-tagged staircase; no further detail recorded.",
        "step_count": null,
        "handrail": "no",
        "surface": "concrete",
        "span_mapped": false
      }
    },
    {
      "type": "Feature",
      "geometry": {
        "type": "LineString",
        "coordinates": [
          [
            -80.4242953,
            37.2289809
          ],
          [
            -80.4242783,
            37.2289952
          ]
        ]
      },
      "properties": {
        "barrier_id": "OSM-STEPS-54912186",
        "name": "Stairs (OpenStreetMap)",
        "barrier_type": "stairs",
        "confidence": "community_report",
        "source": "OpenStreetMap way 54912186, fetched 2026-09-19 via api.openstreetmap.org",
        "notes": "11 steps (OSM-reported); incline: up",
        "step_count": "11",
        "handrail": "yes",
        "surface": "concrete",
        "span_mapped": false
      }
    },
    {
      "type": "Feature",
      "geometry": {
        "type": "LineString",
        "coordinates": [
          [
            -80.4239262,
            37.2285705
          ],
          [
            -80.4238897,
            37.2285993
          ]
        ]
      },
      "properties": {
        "barrier_id": "OSM-STEPS-54912187",
        "name": "Stairs (OpenStreetMap)",
        "barrier_type": "stairs",
        "confidence": "community_report",
        "source": "OpenStreetMap way 54912187, fetched 2026-09-19 via api.openstreetmap.org",
        "notes": "6 steps (OSM-reported); incline: up",
        "step_count": "6",
        "handrail": "yes",
        "surface": "concrete",
        "span_mapped": false
      }
    },
    {
      "type": "Feature",
      "geometry": {
        "type": "LineString",
        "coordinates": [
          [
            -80.4224317,
            37.2327843
          ],
          [
            -80.4225289,
            37.2328145
          ]
        ]
      },
      "properties": {
        "barrier_id": "OSM-STEPS-54912189",
        "name": "Stairs (OpenStreetMap)",
        "barrier_type": "stairs",
        "confidence": "community_report",
        "source": "OpenStreetMap way 54912189, fetched 2026-09-19 via api.openstreetmap.org",
        "notes": "OpenStreetMap-tagged staircase; no further detail recorded.",
        "step_count": null,
        "handrail": null,
        "surface": "concrete",
        "span_mapped": false
      }
    },
    {
      "type": "Feature",
      "geometry": {
        "type": "LineString",
        "coordinates": [
          [
            -80.4246137,
            37.2303219
          ],
          [
            -80.4245767,
            37.23029
          ]
        ]
      },
      "properties": {
        "barrier_id": "OSM-STEPS-54927660",
        "name": "Stairs (OpenStreetMap)",
        "barrier_type": "stairs",
        "confidence": "community_report",
        "source": "OpenStreetMap way 54927660, fetched 2026-09-19 via api.openstreetmap.org",
        "notes": "22 steps (OSM-reported); incline: up",
        "step_count": "22",
        "handrail": "yes",
        "surface": "concrete",
        "span_mapped": false
      }
    },
    {
      "type": "Feature",
      "geometry": {
        "type": "LineString",
        "coordinates": [
          [
            -80.4201727,
            37.2272504
          ],
          [
            -80.4201485,
            37.2272328
          ]
        ]
      },
      "properties": {
        "barrier_id": "OSM-STEPS-55029965",
        "name": "Stairs (OpenStreetMap)",
        "barrier_type": "stairs",
        "confidence": "community_report",
        "source": "OpenStreetMap way 55029965, fetched 2026-09-19 via api.openstreetmap.org",
        "notes": "incline: down",
        "step_count": null,
        "handrail": "no",
        "surface": "concrete",
        "span_mapped": false
      }
    },
    {
      "type": "Feature",
      "geometry": {
        "type": "LineString",
        "coordinates": [
          [
            -80.4197304,
            37.2276084
          ],
          [
            -80.4197617,
            37.227632
          ]
        ]
      },
      "properties": {
        "barrier_id": "OSM-STEPS-55029966",
        "name": "Stairs (OpenStreetMap)",
        "barrier_type": "stairs",
        "confidence": "community_report",
        "source": "OpenStreetMap way 55029966, fetched 2026-09-19 via api.openstreetmap.org",
        "notes": "incline: up",
        "step_count": null,
        "handrail": "no",
        "surface": "concrete",
        "span_mapped": false
      }
    },
    {
      "type": "Feature",
      "geometry": {
        "type": "LineString",
        "coordinates": [
          [
            -80.4194381,
            37.2278907
          ],
          [
            -80.4193734,
            37.2279702
          ]
        ]
      },
      "properties": {
        "barrier_id": "OSM-STEPS-55029969",
        "name": "Stairs (OpenStreetMap)",
        "barrier_type": "stairs",
        "confidence": "community_report",
        "source": "OpenStreetMap way 55029969, fetched 2026-09-19 via api.openstreetmap.org",
        "notes": "11 steps (OSM-reported); incline: up",
        "step_count": "11",
        "handrail": "yes",
        "surface": "concrete",
        "span_mapped": false
      }
    },
    {
      "type": "Feature",
      "geometry": {
        "type": "LineString",
        "coordinates": [
          [
            -80.4203042,
            37.2273399
          ],
          [
            -80.4203373,
            37.2273643
          ]
        ]
      },
      "properties": {
        "barrier_id": "OSM-STEPS-55029972",
        "name": "Stairs (OpenStreetMap)",
        "barrier_type": "stairs",
        "confidence": "community_report",
        "source": "OpenStreetMap way 55029972, fetched 2026-09-19 via api.openstreetmap.org",
        "notes": "4 steps (OSM-reported); incline: down",
        "step_count": "4",
        "handrail": "yes",
        "surface": "concrete",
        "span_mapped": false
      }
    },
    {
      "type": "Feature",
      "geometry": {
        "type": "LineString",
        "coordinates": [
          [
            -80.4210732,
            37.224091
          ],
          [
            -80.4211125,
            37.2240832
          ]
        ]
      },
      "properties": {
        "barrier_id": "OSM-STEPS-55467670",
        "name": "Stairs (OpenStreetMap)",
        "barrier_type": "stairs",
        "confidence": "community_report",
        "source": "OpenStreetMap way 55467670, fetched 2026-09-19 via api.openstreetmap.org",
        "notes": "6 steps (OSM-reported); incline: down",
        "step_count": "6",
        "handrail": "yes",
        "surface": "concrete",
        "span_mapped": false
      }
    },
    {
      "type": "Feature",
      "geometry": {
        "type": "LineString",
        "coordinates": [
          [
            -80.4208969,
            37.2241965
          ],
          [
            -80.4209046,
            37.2242245
          ]
        ]
      },
      "properties": {
        "barrier_id": "OSM-STEPS-55467671",
        "name": "Stairs (OpenStreetMap)",
        "barrier_type": "stairs",
        "confidence": "community_report",
        "source": "OpenStreetMap way 55467671, fetched 2026-09-19 via api.openstreetmap.org",
        "notes": "5 steps (OSM-reported); incline: down",
        "step_count": "5",
        "handrail": "yes",
        "surface": "concrete",
        "span_mapped": false
      }
    },
    {
      "type": "Feature",
      "geometry": {
        "type": "LineString",
        "coordinates": [
          [
            -80.418883,
            37.2311113
          ],
          [
            -80.4188035,
            37.2311707
          ]
        ]
      },
      "properties": {
        "barrier_id": "OSM-STEPS-55477321",
        "name": "Stairs (OpenStreetMap)",
        "barrier_type": "stairs",
        "confidence": "community_report",
        "source": "OpenStreetMap way 55477321, fetched 2026-09-19 via api.openstreetmap.org",
        "notes": "7 steps (OSM-reported); incline: down",
        "step_count": "7",
        "handrail": "yes",
        "surface": "concrete",
        "span_mapped": false
      }
    },
    {
      "type": "Feature",
      "geometry": {
        "type": "LineString",
        "coordinates": [
          [
            -80.422746,
            37.2222431
          ],
          [
            -80.4226853,
            37.2222647
          ]
        ]
      },
      "properties": {
        "barrier_id": "OSM-STEPS-55605997",
        "name": "Stairs (OpenStreetMap)",
        "barrier_type": "stairs",
        "confidence": "community_report",
        "source": "OpenStreetMap way 55605997, fetched 2026-09-19 via api.openstreetmap.org",
        "notes": "OpenStreetMap-tagged staircase; no further detail recorded.",
        "step_count": null,
        "handrail": null,
        "surface": "concrete",
        "span_mapped": false
      }
    },
    {
      "type": "Feature",
      "geometry": {
        "type": "LineString",
        "coordinates": [
          [
            -80.4227891,
            37.2218703
          ],
          [
            -80.422748,
            37.2218913
          ]
        ]
      },
      "properties": {
        "barrier_id": "OSM-STEPS-55605999",
        "name": "Stairs (OpenStreetMap)",
        "barrier_type": "stairs",
        "confidence": "community_report",
        "source": "OpenStreetMap way 55605999, fetched 2026-09-19 via api.openstreetmap.org",
        "notes": "OpenStreetMap-tagged staircase; no further detail recorded.",
        "step_count": null,
        "handrail": null,
        "surface": "concrete",
        "span_mapped": false
      }
    },
    {
      "type": "Feature",
      "geometry": {
        "type": "LineString",
        "coordinates": [
          [
            -80.4226126,
            37.2223476
          ],
          [
            -80.4225947,
            37.222402
          ]
        ]
      },
      "properties": {
        "barrier_id": "OSM-STEPS-55606002",
        "name": "Stairs (OpenStreetMap)",
        "barrier_type": "stairs",
        "confidence": "community_report",
        "source": "OpenStreetMap way 55606002, fetched 2026-09-19 via api.openstreetmap.org",
        "notes": "OpenStreetMap-tagged staircase; no further detail recorded.",
        "step_count": null,
        "handrail": null,
        "surface": "concrete",
        "span_mapped": false
      }
    },
    {
      "type": "Feature",
      "geometry": {
        "type": "LineString",
        "coordinates": [
          [
            -80.4213622,
            37.2235937
          ],
          [
            -80.4212977,
            37.2235874
          ]
        ]
      },
      "properties": {
        "barrier_id": "OSM-STEPS-55606008",
        "name": "Stairs (OpenStreetMap)",
        "barrier_type": "stairs",
        "confidence": "community_report",
        "source": "OpenStreetMap way 55606008, fetched 2026-09-19 via api.openstreetmap.org",
        "notes": "OpenStreetMap-tagged staircase; no further detail recorded.",
        "step_count": null,
        "handrail": null,
        "surface": "concrete",
        "span_mapped": false
      }
    },
    {
      "type": "Feature",
      "geometry": {
        "type": "LineString",
        "coordinates": [
          [
            -80.4229592,
            37.2246645
          ],
          [
            -80.4229438,
            37.2246694
          ]
        ]
      },
      "properties": {
        "barrier_id": "OSM-STEPS-55606012",
        "name": "Stairs (OpenStreetMap)",
        "barrier_type": "stairs",
        "confidence": "community_report",
        "source": "OpenStreetMap way 55606012, fetched 2026-09-19 via api.openstreetmap.org",
        "notes": "OpenStreetMap-tagged staircase; no further detail recorded.",
        "step_count": null,
        "handrail": "yes",
        "surface": "concrete",
        "span_mapped": false
      }
    },
    {
      "type": "Feature",
      "geometry": {
        "type": "LineString",
        "coordinates": [
          [
            -80.4221706,
            37.2247998
          ],
          [
            -80.422209,
            37.2248436
          ]
        ]
      },
      "properties": {
        "barrier_id": "OSM-STEPS-55606016",
        "name": "Stairs (OpenStreetMap)",
        "barrier_type": "stairs",
        "confidence": "community_report",
        "source": "OpenStreetMap way 55606016, fetched 2026-09-19 via api.openstreetmap.org",
        "notes": "19 steps (OSM-reported); incline: down",
        "step_count": "19",
        "handrail": "no",
        "surface": "concrete",
        "span_mapped": false
      }
    },
    {
      "type": "Feature",
      "geometry": {
        "type": "LineString",
        "coordinates": [
          [
            -80.4218772,
            37.2245243
          ],
          [
            -80.4219484,
            37.2245886
          ]
        ]
      },
      "properties": {
        "barrier_id": "OSM-STEPS-55606017",
        "name": "Stairs (OpenStreetMap)",
        "barrier_type": "stairs",
        "confidence": "community_report",
        "source": "OpenStreetMap way 55606017, fetched 2026-09-19 via api.openstreetmap.org",
        "notes": "7 steps (OSM-reported); incline: down",
        "step_count": "7",
        "handrail": "no",
        "surface": "concrete",
        "span_mapped": false
      }
    },
    {
      "type": "Feature",
      "geometry": {
        "type": "LineString",
        "coordinates": [
          [
            -80.4221084,
            37.224733
          ],
          [
            -80.4221573,
            37.2247826
          ]
        ]
      },
      "properties": {
        "barrier_id": "OSM-STEPS-55606019",
        "name": "Stairs (OpenStreetMap)",
        "barrier_type": "stairs",
        "confidence": "community_report",
        "source": "OpenStreetMap way 55606019, fetched 2026-09-19 via api.openstreetmap.org",
        "notes": "OpenStreetMap-tagged staircase; no further detail recorded.",
        "step_count": null,
        "handrail": null,
        "surface": "concrete",
        "span_mapped": false
      }
    },
    {
      "type": "Feature",
      "geometry": {
        "type": "LineString",
        "coordinates": [
          [
            -80.4220285,
            37.2245895
          ],
          [
            -80.4219834,
            37.2246202
          ]
        ]
      },
      "properties": {
        "barrier_id": "OSM-STEPS-55606022",
        "name": "Stairs (OpenStreetMap)",
        "barrier_type": "stairs",
        "confidence": "community_report",
        "source": "OpenStreetMap way 55606022, fetched 2026-09-19 via api.openstreetmap.org",
        "notes": "OpenStreetMap-tagged staircase; no further detail recorded.",
        "step_count": null,
        "handrail": null,
        "surface": "concrete",
        "span_mapped": false
      }
    },
    {
      "type": "Feature",
      "geometry": {
        "type": "LineString",
        "coordinates": [
          [
            -80.4173043,
            37.2253039
          ],
          [
            -80.4172515,
            37.225274
          ]
        ]
      },
      "properties": {
        "barrier_id": "OSM-STEPS-55607869",
        "name": "Stairs (OpenStreetMap)",
        "barrier_type": "stairs",
        "confidence": "community_report",
        "source": "OpenStreetMap way 55607869, fetched 2026-09-19 via api.openstreetmap.org",
        "notes": "OpenStreetMap-tagged staircase; no further detail recorded.",
        "step_count": null,
        "handrail": null,
        "surface": "concrete",
        "span_mapped": false
      }
    },
    {
      "type": "Feature",
      "geometry": {
        "type": "LineString",
        "coordinates": [
          [
            -80.4176741,
            37.2255901
          ],
          [
            -80.4176329,
            37.2256263
          ]
        ]
      },
      "properties": {
        "barrier_id": "OSM-STEPS-55607871",
        "name": "Stairs (OpenStreetMap)",
        "barrier_type": "stairs",
        "confidence": "community_report",
        "source": "OpenStreetMap way 55607871, fetched 2026-09-19 via api.openstreetmap.org",
        "notes": "incline: down",
        "step_count": null,
        "handrail": "no",
        "surface": "concrete",
        "span_mapped": false
      }
    },
    {
      "type": "Feature",
      "geometry": {
        "type": "LineString",
        "coordinates": [
          [
            -80.4180681,
            37.2251782
          ],
          [
            -80.4180442,
            37.2251225
          ]
        ]
      },
      "properties": {
        "barrier_id": "OSM-STEPS-55607876",
        "name": "Stairs (OpenStreetMap)",
        "barrier_type": "stairs",
        "confidence": "community_report",
        "source": "OpenStreetMap way 55607876, fetched 2026-09-19 via api.openstreetmap.org",
        "notes": "OpenStreetMap-tagged staircase; no further detail recorded.",
        "step_count": null,
        "handrail": null,
        "surface": "concrete",
        "span_mapped": false
      }
    },
    {
      "type": "Feature",
      "geometry": {
        "type": "LineString",
        "coordinates": [
          [
            -80.4181026,
            37.2256507
          ],
          [
            -80.4180698,
            37.225683
          ]
        ]
      },
      "properties": {
        "barrier_id": "OSM-STEPS-55607877",
        "name": "Stairs (OpenStreetMap)",
        "barrier_type": "stairs",
        "confidence": "community_report",
        "source": "OpenStreetMap way 55607877, fetched 2026-09-19 via api.openstreetmap.org",
        "notes": "OpenStreetMap-tagged staircase; no further detail recorded.",
        "step_count": null,
        "handrail": null,
        "surface": "concrete",
        "span_mapped": false
      }
    },
    {
      "type": "Feature",
      "geometry": {
        "type": "LineString",
        "coordinates": [
          [
            -80.4179362,
            37.2258935
          ],
          [
            -80.4179041,
            37.2259237
          ]
        ]
      },
      "properties": {
        "barrier_id": "OSM-STEPS-55607883",
        "name": "Stairs (OpenStreetMap)",
        "barrier_type": "stairs",
        "confidence": "community_report",
        "source": "OpenStreetMap way 55607883, fetched 2026-09-19 via api.openstreetmap.org",
        "notes": "OpenStreetMap-tagged staircase; no further detail recorded.",
        "step_count": null,
        "handrail": null,
        "surface": "concrete",
        "span_mapped": false
      }
    },
    {
      "type": "Feature",
      "geometry": {
        "type": "LineString",
        "coordinates": [
          [
            -80.417913,
            37.2258171
          ],
          [
            -80.4178559,
            37.2257781
          ]
        ]
      },
      "properties": {
        "barrier_id": "OSM-STEPS-55607884",
        "name": "Stairs (OpenStreetMap)",
        "barrier_type": "stairs",
        "confidence": "community_report",
        "source": "OpenStreetMap way 55607884, fetched 2026-09-19 via api.openstreetmap.org",
        "notes": "10 steps (OSM-reported); incline: up",
        "step_count": "10",
        "handrail": "no",
        "surface": "concrete",
        "span_mapped": false
      }
    },
    {
      "type": "Feature",
      "geometry": {
        "type": "LineString",
        "coordinates": [
          [
            -80.41788,
            37.2260284
          ],
          [
            -80.4178275,
            37.2259956
          ]
        ]
      },
      "properties": {
        "barrier_id": "OSM-STEPS-55607885",
        "name": "Stairs (OpenStreetMap)",
        "barrier_type": "stairs",
        "confidence": "community_report",
        "source": "OpenStreetMap way 55607885, fetched 2026-09-19 via api.openstreetmap.org",
        "notes": "OpenStreetMap-tagged staircase; no further detail recorded.",
        "step_count": null,
        "handrail": null,
        "surface": "concrete",
        "span_mapped": false
      }
    },
    {
      "type": "Feature",
      "geometry": {
        "type": "LineString",
        "coordinates": [
          [
            -80.4178146,
            37.2260077
          ],
          [
            -80.4177929,
            37.2260281
          ]
        ]
      },
      "properties": {
        "barrier_id": "OSM-STEPS-55607887",
        "name": "Stairs (OpenStreetMap)",
        "barrier_type": "stairs",
        "confidence": "community_report",
        "source": "OpenStreetMap way 55607887, fetched 2026-09-19 via api.openstreetmap.org",
        "notes": "OpenStreetMap-tagged staircase; no further detail recorded.",
        "step_count": null,
        "handrail": null,
        "surface": "concrete",
        "span_mapped": false
      }
    },
    {
      "type": "Feature",
      "geometry": {
        "type": "LineString",
        "coordinates": [
          [
            -80.4172561,
            37.2263486
          ],
          [
            -80.4172159,
            37.2263921
          ]
        ]
      },
      "properties": {
        "barrier_id": "OSM-STEPS-55607890",
        "name": "Stairs (OpenStreetMap)",
        "barrier_type": "stairs",
        "confidence": "community_report",
        "source": "OpenStreetMap way 55607890, fetched 2026-09-19 via api.openstreetmap.org",
        "notes": "OpenStreetMap-tagged staircase; no further detail recorded.",
        "step_count": null,
        "handrail": null,
        "surface": "concrete",
        "span_mapped": false
      }
    },
    {
      "type": "Feature",
      "geometry": {
        "type": "LineString",
        "coordinates": [
          [
            -80.4168027,
            37.2260397
          ],
          [
            -80.4167342,
            37.2259852
          ]
        ]
      },
      "properties": {
        "barrier_id": "OSM-STEPS-55607896",
        "name": "Stairs (OpenStreetMap)",
        "barrier_type": "stairs",
        "confidence": "community_report",
        "source": "OpenStreetMap way 55607896, fetched 2026-09-19 via api.openstreetmap.org",
        "notes": "OpenStreetMap-tagged staircase; no further detail recorded.",
        "step_count": null,
        "handrail": null,
        "surface": "concrete",
        "span_mapped": false
      }
    },
    {
      "type": "Feature",
      "geometry": {
        "type": "LineString",
        "coordinates": [
          [
            -80.416813,
            37.2258997
          ],
          [
            -80.4167342,
            37.2259852
          ]
        ]
      },
      "properties": {
        "barrier_id": "OSM-STEPS-55607897",
        "name": "Stairs (OpenStreetMap)",
        "barrier_type": "stairs",
        "confidence": "community_report",
        "source": "OpenStreetMap way 55607897, fetched 2026-09-19 via api.openstreetmap.org",
        "notes": "OpenStreetMap-tagged staircase; no further detail recorded.",
        "step_count": null,
        "handrail": null,
        "surface": "concrete",
        "span_mapped": false
      }
    },
    {
      "type": "Feature",
      "geometry": {
        "type": "LineString",
        "coordinates": [
          [
            -80.4164954,
            37.2262154
          ],
          [
            -80.4164625,
            37.2262445
          ]
        ]
      },
      "properties": {
        "barrier_id": "OSM-STEPS-55607900",
        "name": "Stairs (OpenStreetMap)",
        "barrier_type": "stairs",
        "confidence": "community_report",
        "source": "OpenStreetMap way 55607900, fetched 2026-09-19 via api.openstreetmap.org",
        "notes": "OpenStreetMap-tagged staircase; no further detail recorded.",
        "step_count": null,
        "handrail": null,
        "surface": "concrete",
        "span_mapped": false
      }
    },
    {
      "type": "Feature",
      "geometry": {
        "type": "LineString",
        "coordinates": [
          [
            -80.4166875,
            37.2258695
          ],
          [
            -80.4166761,
            37.2258814
          ],
          [
            -80.4166965,
            37.2258947
          ],
          [
            -80.4166627,
            37.2259442
          ],
          [
            -80.4167342,
            37.2259852
          ]
        ]
      },
      "properties": {
        "barrier_id": "OSM-STEPS-55607905",
        "name": "Stairs (OpenStreetMap)",
        "barrier_type": "stairs",
        "confidence": "community_report",
        "source": "OpenStreetMap way 55607905, fetched 2026-09-19 via api.openstreetmap.org",
        "notes": "OpenStreetMap-tagged staircase; no further detail recorded.",
        "step_count": null,
        "handrail": null,
        "surface": "concrete",
        "span_mapped": false
      }
    },
    {
      "type": "Feature",
      "geometry": {
        "type": "LineString",
        "coordinates": [
          [
            -80.4251215,
            37.2241012
          ],
          [
            -80.4251252,
            37.2240634
          ]
        ]
      },
      "properties": {
        "barrier_id": "OSM-STEPS-55837459",
        "name": "Stairs (OpenStreetMap)",
        "barrier_type": "stairs",
        "confidence": "community_report",
        "source": "OpenStreetMap way 55837459, fetched 2026-09-19 via api.openstreetmap.org",
        "notes": "OpenStreetMap-tagged staircase; no further detail recorded.",
        "step_count": null,
        "handrail": null,
        "surface": "concrete",
        "span_mapped": false
      }
    },
    {
      "type": "Feature",
      "geometry": {
        "type": "LineString",
        "coordinates": [
          [
            -80.4248154,
            37.22417
          ],
          [
            -80.4248235,
            37.224093
          ]
        ]
      },
      "properties": {
        "barrier_id": "OSM-STEPS-55837463",
        "name": "Stairs (OpenStreetMap)",
        "barrier_type": "stairs",
        "confidence": "community_report",
        "source": "OpenStreetMap way 55837463, fetched 2026-09-19 via api.openstreetmap.org",
        "notes": "incline: up",
        "step_count": null,
        "handrail": "yes",
        "surface": "concrete",
        "span_mapped": false
      }
    },
    {
      "type": "Feature",
      "geometry": {
        "type": "LineString",
        "coordinates": [
          [
            -80.4235748,
            37.2233543
          ],
          [
            -80.4235601,
            37.2233198
          ]
        ]
      },
      "properties": {
        "barrier_id": "OSM-STEPS-57884239",
        "name": "Stairs (OpenStreetMap)",
        "barrier_type": "stairs",
        "confidence": "community_report",
        "source": "OpenStreetMap way 57884239, fetched 2026-09-19 via api.openstreetmap.org",
        "notes": "OpenStreetMap-tagged staircase; no further detail recorded.",
        "step_count": null,
        "handrail": null,
        "surface": "concrete",
        "span_mapped": false
      }
    },
    {
      "type": "Feature",
      "geometry": {
        "type": "LineString",
        "coordinates": [
          [
            -80.4241453,
            37.2258898
          ],
          [
            -80.4241099,
            37.2258218
          ]
        ]
      },
      "properties": {
        "barrier_id": "OSM-STEPS-58169154",
        "name": "Stairs (OpenStreetMap)",
        "barrier_type": "stairs",
        "confidence": "community_report",
        "source": "OpenStreetMap way 58169154, fetched 2026-09-19 via api.openstreetmap.org",
        "notes": "9 steps (OSM-reported); incline: up",
        "step_count": "9",
        "handrail": "yes",
        "surface": "concrete",
        "span_mapped": false
      }
    },
    {
      "type": "Feature",
      "geometry": {
        "type": "LineString",
        "coordinates": [
          [
            -80.4226094,
            37.2258695
          ],
          [
            -80.4225591,
            37.2257875
          ]
        ]
      },
      "properties": {
        "barrier_id": "OSM-STEPS-58169157",
        "name": "Stairs (OpenStreetMap)",
        "barrier_type": "stairs",
        "confidence": "community_report",
        "source": "OpenStreetMap way 58169157, fetched 2026-09-19 via api.openstreetmap.org",
        "notes": "10 steps (OSM-reported); incline: up",
        "step_count": "10",
        "handrail": "yes",
        "surface": "concrete",
        "span_mapped": false
      }
    },
    {
      "type": "Feature",
      "geometry": {
        "type": "LineString",
        "coordinates": [
          [
            -80.4242519,
            37.2259722
          ],
          [
            -80.4242211,
            37.2259077
          ]
        ]
      },
      "properties": {
        "barrier_id": "OSM-STEPS-58169159",
        "name": "Stairs (OpenStreetMap)",
        "barrier_type": "stairs",
        "confidence": "community_report",
        "source": "OpenStreetMap way 58169159, fetched 2026-09-19 via api.openstreetmap.org",
        "notes": "10 steps (OSM-reported); incline: up",
        "step_count": "10",
        "handrail": "no",
        "surface": "concrete",
        "span_mapped": false
      }
    },
    {
      "type": "Feature",
      "geometry": {
        "type": "LineString",
        "coordinates": [
          [
            -80.4175589,
            37.2262477
          ],
          [
            -80.4176049,
            37.2262841
          ]
        ]
      },
      "properties": {
        "barrier_id": "OSM-STEPS-58169586",
        "name": "Stairs (OpenStreetMap)",
        "barrier_type": "stairs",
        "confidence": "community_report",
        "source": "OpenStreetMap way 58169586, fetched 2026-09-19 via api.openstreetmap.org",
        "notes": "OpenStreetMap-tagged staircase; no further detail recorded.",
        "step_count": null,
        "handrail": null,
        "surface": "concrete",
        "span_mapped": false
      }
    },
    {
      "type": "Feature",
      "geometry": {
        "type": "LineString",
        "coordinates": [
          [
            -80.4193162,
            37.2218939
          ],
          [
            -80.4192843,
            37.2219053
          ]
        ]
      },
      "properties": {
        "barrier_id": "OSM-STEPS-58199269",
        "name": "Stairs (OpenStreetMap)",
        "barrier_type": "stairs",
        "confidence": "community_report",
        "source": "OpenStreetMap way 58199269, fetched 2026-09-19 via api.openstreetmap.org",
        "notes": "OpenStreetMap-tagged staircase; no further detail recorded.",
        "step_count": null,
        "handrail": null,
        "surface": "concrete",
        "span_mapped": false
      }
    },
    {
      "type": "Feature",
      "geometry": {
        "type": "LineString",
        "coordinates": [
          [
            -80.4193989,
            37.2218881
          ],
          [
            -80.4194467,
            37.2218652
          ]
        ]
      },
      "properties": {
        "barrier_id": "OSM-STEPS-58199271",
        "name": "Stairs (OpenStreetMap)",
        "barrier_type": "stairs",
        "confidence": "community_report",
        "source": "OpenStreetMap way 58199271, fetched 2026-09-19 via api.openstreetmap.org",
        "notes": "OpenStreetMap-tagged staircase; no further detail recorded.",
        "step_count": null,
        "handrail": null,
        "surface": "concrete",
        "span_mapped": false
      }
    },
    {
      "type": "Feature",
      "geometry": {
        "type": "LineString",
        "coordinates": [
          [
            -80.4191862,
            37.2219331
          ],
          [
            -80.4191575,
            37.2219429
          ]
        ]
      },
      "properties": {
        "barrier_id": "OSM-STEPS-58199272",
        "name": "Stairs (OpenStreetMap)",
        "barrier_type": "stairs",
        "confidence": "community_report",
        "source": "OpenStreetMap way 58199272, fetched 2026-09-19 via api.openstreetmap.org",
        "notes": "OpenStreetMap-tagged staircase; no further detail recorded.",
        "step_count": null,
        "handrail": null,
        "surface": "concrete",
        "span_mapped": false
      }
    },
    {
      "type": "Feature",
      "geometry": {
        "type": "LineString",
        "coordinates": [
          [
            -80.4190577,
            37.2219732
          ],
          [
            -80.4190234,
            37.2219822
          ]
        ]
      },
      "properties": {
        "barrier_id": "OSM-STEPS-58199274",
        "name": "Stairs (OpenStreetMap)",
        "barrier_type": "stairs",
        "confidence": "community_report",
        "source": "OpenStreetMap way 58199274, fetched 2026-09-19 via api.openstreetmap.org",
        "notes": "OpenStreetMap-tagged staircase; no further detail recorded.",
        "step_count": null,
        "handrail": null,
        "surface": "concrete",
        "span_mapped": false
      }
    },
    {
      "type": "Feature",
      "geometry": {
        "type": "LineString",
        "coordinates": [
          [
            -80.4188406,
            37.2271845
          ],
          [
            -80.4187433,
            37.2271201
          ]
        ]
      },
      "properties": {
        "barrier_id": "OSM-STEPS-58534226",
        "name": "Stairs (OpenStreetMap)",
        "barrier_type": "stairs",
        "confidence": "community_report",
        "source": "OpenStreetMap way 58534226, fetched 2026-09-19 via api.openstreetmap.org",
        "notes": "OpenStreetMap-tagged staircase; no further detail recorded.",
        "step_count": null,
        "handrail": null,
        "surface": "concrete",
        "span_mapped": false
      }
    },
    {
      "type": "Feature",
      "geometry": {
        "type": "LineString",
        "coordinates": [
          [
            -80.4190708,
            37.2262352
          ],
          [
            -80.4191005,
            37.2262063
          ]
        ]
      },
      "properties": {
        "barrier_id": "OSM-STEPS-58534228",
        "name": "Stairs (OpenStreetMap)",
        "barrier_type": "stairs",
        "confidence": "community_report",
        "source": "OpenStreetMap way 58534228, fetched 2026-09-19 via api.openstreetmap.org",
        "notes": "2 steps (OSM-reported); incline: up",
        "step_count": "2",
        "handrail": "yes",
        "surface": "concrete",
        "span_mapped": false
      }
    },
    {
      "type": "Feature",
      "geometry": {
        "type": "LineString",
        "coordinates": [
          [
            -80.4189951,
            37.2261297
          ],
          [
            -80.4189408,
            37.2261833
          ]
        ]
      },
      "properties": {
        "barrier_id": "OSM-STEPS-58534229",
        "name": "Stairs (OpenStreetMap)",
        "barrier_type": "stairs",
        "confidence": "community_report",
        "source": "OpenStreetMap way 58534229, fetched 2026-09-19 via api.openstreetmap.org",
        "notes": "incline: down",
        "step_count": null,
        "handrail": "yes",
        "surface": "concrete",
        "span_mapped": false
      }
    },
    {
      "type": "Feature",
      "geometry": {
        "type": "LineString",
        "coordinates": [
          [
            -80.4193858,
            37.2265164
          ],
          [
            -80.4194927,
            37.2265936
          ]
        ]
      },
      "properties": {
        "barrier_id": "OSM-STEPS-58534232",
        "name": "Stairs (OpenStreetMap)",
        "barrier_type": "stairs",
        "confidence": "community_report",
        "source": "OpenStreetMap way 58534232, fetched 2026-09-19 via api.openstreetmap.org",
        "notes": "incline: down",
        "step_count": null,
        "handrail": "yes",
        "surface": "concrete",
        "span_mapped": false
      }
    },
    {
      "type": "Feature",
      "geometry": {
        "type": "LineString",
        "coordinates": [
          [
            -80.4223707,
            37.2321783
          ],
          [
            -80.4223595,
            37.2321875
          ]
        ]
      },
      "properties": {
        "barrier_id": "OSM-STEPS-58744172",
        "name": "Stairs (OpenStreetMap)",
        "barrier_type": "stairs",
        "confidence": "community_report",
        "source": "OpenStreetMap way 58744172, fetched 2026-09-19 via api.openstreetmap.org",
        "notes": "OpenStreetMap-tagged staircase; no further detail recorded.",
        "step_count": null,
        "handrail": null,
        "surface": "concrete",
        "span_mapped": false
      }
    },
    {
      "type": "Feature",
      "geometry": {
        "type": "LineString",
        "coordinates": [
          [
            -80.4201054,
            37.2293978
          ],
          [
            -80.4200963,
            37.2293877
          ]
        ]
      },
      "properties": {
        "barrier_id": "OSM-STEPS-60193860",
        "name": "Stairs (OpenStreetMap)",
        "barrier_type": "stairs",
        "confidence": "community_report",
        "source": "OpenStreetMap way 60193860, fetched 2026-09-19 via api.openstreetmap.org",
        "notes": "2 steps (OSM-reported); incline: down",
        "step_count": "2",
        "handrail": "yes",
        "surface": "concrete",
        "span_mapped": false
      }
    },
    {
      "type": "Feature",
      "geometry": {
        "type": "LineString",
        "coordinates": [
          [
            -80.424433,
            37.2288848
          ],
          [
            -80.4244256,
            37.2288906
          ]
        ]
      },
      "properties": {
        "barrier_id": "OSM-STEPS-60193997",
        "name": "Stairs (OpenStreetMap)",
        "barrier_type": "stairs",
        "confidence": "community_report",
        "source": "OpenStreetMap way 60193997, fetched 2026-09-19 via api.openstreetmap.org",
        "notes": "4 steps (OSM-reported); incline: down",
        "step_count": "4",
        "handrail": "yes",
        "surface": "concrete",
        "span_mapped": false
      }
    },
    {
      "type": "Feature",
      "geometry": {
        "type": "LineString",
        "coordinates": [
          [
            -80.4242211,
            37.2259077
          ],
          [
            -80.4242032,
            37.2258874
          ],
          [
            -80.4241866,
            37.225881
          ],
          [
            -80.42417,
            37.2258822
          ]
        ]
      },
      "properties": {
        "barrier_id": "OSM-STEPS-71366897",
        "name": "Stairs (OpenStreetMap)",
        "barrier_type": "stairs",
        "confidence": "community_report",
        "source": "OpenStreetMap way 71366897, fetched 2026-09-19 via api.openstreetmap.org",
        "notes": "10 steps (OSM-reported); incline: up",
        "step_count": "10",
        "handrail": "yes",
        "surface": "concrete",
        "span_mapped": false
      }
    },
    {
      "type": "Feature",
      "geometry": {
        "type": "LineString",
        "coordinates": [
          [
            -80.4241241,
            37.2259395
          ],
          [
            -80.4241519,
            37.2260021
          ]
        ]
      },
      "properties": {
        "barrier_id": "OSM-STEPS-71366902",
        "name": "Stairs (OpenStreetMap)",
        "barrier_type": "stairs",
        "confidence": "community_report",
        "source": "OpenStreetMap way 71366902, fetched 2026-09-19 via api.openstreetmap.org",
        "notes": "3 steps (OSM-reported); incline: down",
        "step_count": "3",
        "handrail": "yes",
        "surface": "concrete",
        "span_mapped": false
      }
    },
    {
      "type": "Feature",
      "geometry": {
        "type": "LineString",
        "coordinates": [
          [
            -80.4263645,
            37.224847
          ],
          [
            -80.4263207,
            37.2248681
          ]
        ]
      },
      "properties": {
        "barrier_id": "OSM-STEPS-72133691",
        "name": "Stairs (OpenStreetMap)",
        "barrier_type": "stairs",
        "confidence": "community_report",
        "source": "OpenStreetMap way 72133691, fetched 2026-09-19 via api.openstreetmap.org",
        "notes": "OpenStreetMap-tagged staircase; no further detail recorded.",
        "step_count": null,
        "handrail": null,
        "surface": "grass",
        "span_mapped": false
      }
    },
    {
      "type": "Feature",
      "geometry": {
        "type": "LineString",
        "coordinates": [
          [
            -80.4264362,
            37.22484
          ],
          [
            -80.4264081,
            37.224835
          ]
        ]
      },
      "properties": {
        "barrier_id": "OSM-STEPS-72133699",
        "name": "Stairs (OpenStreetMap)",
        "barrier_type": "stairs",
        "confidence": "community_report",
        "source": "OpenStreetMap way 72133699, fetched 2026-09-19 via api.openstreetmap.org",
        "notes": "OpenStreetMap-tagged staircase; no further detail recorded.",
        "step_count": null,
        "handrail": null,
        "surface": "grass",
        "span_mapped": false
      }
    },
    {
      "type": "Feature",
      "geometry": {
        "type": "LineString",
        "coordinates": [
          [
            -80.4261048,
            37.2245549
          ],
          [
            -80.4261487,
            37.2245434
          ]
        ]
      },
      "properties": {
        "barrier_id": "OSM-STEPS-72133998",
        "name": "Stairs (OpenStreetMap)",
        "barrier_type": "stairs",
        "confidence": "community_report",
        "source": "OpenStreetMap way 72133998, fetched 2026-09-19 via api.openstreetmap.org",
        "notes": "OpenStreetMap-tagged staircase; no further detail recorded.",
        "step_count": null,
        "handrail": null,
        "surface": "grass",
        "span_mapped": false
      }
    },
    {
      "type": "Feature",
      "geometry": {
        "type": "LineString",
        "coordinates": [
          [
            -80.4245152,
            37.2236695
          ],
          [
            -80.4245449,
            37.2236713
          ]
        ]
      },
      "properties": {
        "barrier_id": "OSM-STEPS-72503419",
        "name": "Stairs (OpenStreetMap)",
        "barrier_type": "stairs",
        "confidence": "community_report",
        "source": "OpenStreetMap way 72503419, fetched 2026-09-19 via api.openstreetmap.org",
        "notes": "OpenStreetMap-tagged staircase; no further detail recorded.",
        "step_count": null,
        "handrail": null,
        "surface": "concrete",
        "span_mapped": false
      }
    },
    {
      "type": "Feature",
      "geometry": {
        "type": "LineString",
        "coordinates": [
          [
            -80.4177544,
            37.2267367
          ],
          [
            -80.4177354,
            37.2267574
          ]
        ]
      },
      "properties": {
        "barrier_id": "OSM-STEPS-75033581",
        "name": "Stairs (OpenStreetMap)",
        "barrier_type": "stairs",
        "confidence": "community_report",
        "source": "OpenStreetMap way 75033581, fetched 2026-09-19 via api.openstreetmap.org",
        "notes": "incline: up",
        "step_count": null,
        "handrail": "no",
        "surface": "concrete",
        "span_mapped": false
      }
    },
    {
      "type": "Feature",
      "geometry": {
        "type": "LineString",
        "coordinates": [
          [
            -80.4194787,
            37.2264022
          ],
          [
            -80.419496,
            37.2261216
          ]
        ]
      },
      "properties": {
        "barrier_id": "OSM-STEPS-75033592",
        "name": "Stairs (OpenStreetMap)",
        "barrier_type": "stairs",
        "confidence": "community_report",
        "source": "OpenStreetMap way 75033592, fetched 2026-09-19 via api.openstreetmap.org",
        "notes": "38 steps (OSM-reported); incline: up",
        "step_count": "38",
        "handrail": "yes",
        "surface": "concrete",
        "span_mapped": false
      }
    },
    {
      "type": "Feature",
      "geometry": {
        "type": "LineString",
        "coordinates": [
          [
            -80.4240062,
            37.2301201
          ],
          [
            -80.423928,
            37.2300513
          ]
        ]
      },
      "properties": {
        "barrier_id": "OSM-STEPS-75368188",
        "name": "Stairs (OpenStreetMap)",
        "barrier_type": "stairs",
        "confidence": "community_report",
        "source": "OpenStreetMap way 75368188, fetched 2026-09-19 via api.openstreetmap.org",
        "notes": "16 steps (OSM-reported); incline: down",
        "step_count": "16",
        "handrail": "yes",
        "surface": "concrete",
        "span_mapped": false
      }
    },
    {
      "type": "Feature",
      "geometry": {
        "type": "LineString",
        "coordinates": [
          [
            -80.423829,
            37.2297738
          ],
          [
            -80.4238063,
            37.2297881
          ]
        ]
      },
      "properties": {
        "barrier_id": "OSM-STEPS-75368324",
        "name": "Stairs (OpenStreetMap)",
        "barrier_type": "stairs",
        "confidence": "community_report",
        "source": "OpenStreetMap way 75368324, fetched 2026-09-19 via api.openstreetmap.org",
        "notes": "5 steps (OSM-reported); incline: up",
        "step_count": "5",
        "handrail": "yes",
        "surface": "concrete",
        "span_mapped": false
      }
    },
    {
      "type": "Feature",
      "geometry": {
        "type": "LineString",
        "coordinates": [
          [
            -80.4213671,
            37.2240295
          ],
          [
            -80.4214621,
            37.223959
          ]
        ]
      },
      "properties": {
        "barrier_id": "OSM-STEPS-75792758",
        "name": "Stairs (OpenStreetMap)",
        "barrier_type": "stairs",
        "confidence": "community_report",
        "source": "OpenStreetMap way 75792758, fetched 2026-09-19 via api.openstreetmap.org",
        "notes": "OpenStreetMap-tagged staircase; no further detail recorded.",
        "step_count": null,
        "handrail": null,
        "surface": "concrete",
        "span_mapped": false
      }
    },
    {
      "type": "Feature",
      "geometry": {
        "type": "LineString",
        "coordinates": [
          [
            -80.4198856,
            37.2240666
          ],
          [
            -80.4198665,
            37.2241015
          ]
        ]
      },
      "properties": {
        "barrier_id": "OSM-STEPS-75792759",
        "name": "Stairs (OpenStreetMap)",
        "barrier_type": "stairs",
        "confidence": "community_report",
        "source": "OpenStreetMap way 75792759, fetched 2026-09-19 via api.openstreetmap.org",
        "notes": "7 steps (OSM-reported); incline: up",
        "step_count": "7",
        "handrail": "no",
        "surface": "concrete",
        "span_mapped": false
      }
    },
    {
      "type": "Feature",
      "geometry": {
        "type": "LineString",
        "coordinates": [
          [
            -80.4196279,
            37.2245632
          ],
          [
            -80.4196456,
            37.2245289
          ]
        ]
      },
      "properties": {
        "barrier_id": "OSM-STEPS-75792760",
        "name": "Stairs (OpenStreetMap)",
        "barrier_type": "stairs",
        "confidence": "community_report",
        "source": "OpenStreetMap way 75792760, fetched 2026-09-19 via api.openstreetmap.org",
        "notes": "OpenStreetMap-tagged staircase; no further detail recorded.",
        "step_count": null,
        "handrail": null,
        "surface": "concrete",
        "span_mapped": false
      }
    },
    {
      "type": "Feature",
      "geometry": {
        "type": "LineString",
        "coordinates": [
          [
            -80.4203834,
            37.2247094
          ],
          [
            -80.4204122,
            37.2246894
          ],
          [
            -80.4204372,
            37.224672
          ],
          [
            -80.4204574,
            37.224659
          ]
        ]
      },
      "properties": {
        "barrier_id": "OSM-STEPS-75792764",
        "name": "Stairs (OpenStreetMap)",
        "barrier_type": "stairs",
        "confidence": "community_report",
        "source": "OpenStreetMap way 75792764, fetched 2026-09-19 via api.openstreetmap.org",
        "notes": "incline: up",
        "step_count": null,
        "handrail": "yes",
        "surface": "concrete",
        "span_mapped": false
      }
    },
    {
      "type": "Feature",
      "geometry": {
        "type": "LineString",
        "coordinates": [
          [
            -80.4216622,
            37.2243302
          ],
          [
            -80.4217342,
            37.2243952
          ]
        ]
      },
      "properties": {
        "barrier_id": "OSM-STEPS-75792772",
        "name": "Stairs (OpenStreetMap)",
        "barrier_type": "stairs",
        "confidence": "community_report",
        "source": "OpenStreetMap way 75792772, fetched 2026-09-19 via api.openstreetmap.org",
        "notes": "13 steps (OSM-reported); incline: down",
        "step_count": "13",
        "handrail": "yes",
        "surface": "concrete",
        "span_mapped": false
      }
    },
    {
      "type": "Feature",
      "geometry": {
        "type": "LineString",
        "coordinates": [
          [
            -80.4226157,
            37.2255923
          ],
          [
            -80.4225798,
            37.2255928
          ]
        ]
      },
      "properties": {
        "barrier_id": "OSM-STEPS-75792802",
        "name": "Stairs (OpenStreetMap)",
        "barrier_type": "stairs",
        "confidence": "community_report",
        "source": "OpenStreetMap way 75792802, fetched 2026-09-19 via api.openstreetmap.org",
        "notes": "incline: up",
        "step_count": null,
        "handrail": "no",
        "surface": "concrete",
        "span_mapped": false
      }
    },
    {
      "type": "Feature",
      "geometry": {
        "type": "LineString",
        "coordinates": [
          [
            -80.4220285,
            37.2245581
          ],
          [
            -80.4220285,
            37.2245465
          ]
        ]
      },
      "properties": {
        "barrier_id": "OSM-STEPS-75792803",
        "name": "Stairs (OpenStreetMap)",
        "barrier_type": "stairs",
        "confidence": "community_report",
        "source": "OpenStreetMap way 75792803, fetched 2026-09-19 via api.openstreetmap.org",
        "notes": "OpenStreetMap-tagged staircase; no further detail recorded.",
        "step_count": null,
        "handrail": "no",
        "surface": "concrete",
        "span_mapped": false
      }
    },
    {
      "type": "Feature",
      "geometry": {
        "type": "LineString",
        "coordinates": [
          [
            -80.4201916,
            37.2241882
          ],
          [
            -80.4202039,
            37.2241853
          ]
        ]
      },
      "properties": {
        "barrier_id": "OSM-STEPS-75792805",
        "name": "Stairs (OpenStreetMap)",
        "barrier_type": "stairs",
        "confidence": "community_report",
        "source": "OpenStreetMap way 75792805, fetched 2026-09-19 via api.openstreetmap.org",
        "notes": "OpenStreetMap-tagged staircase; no further detail recorded.",
        "step_count": null,
        "handrail": "no",
        "surface": "concrete",
        "span_mapped": false
      }
    },
    {
      "type": "Feature",
      "geometry": {
        "type": "LineString",
        "coordinates": [
          [
            -80.426997,
            37.2212818
          ],
          [
            -80.4269838,
            37.2212898
          ]
        ]
      },
      "properties": {
        "barrier_id": "OSM-STEPS-76245216",
        "name": "Stairs (OpenStreetMap)",
        "barrier_type": "stairs",
        "confidence": "community_report",
        "source": "OpenStreetMap way 76245216, fetched 2026-09-19 via api.openstreetmap.org",
        "notes": "OpenStreetMap-tagged staircase; no further detail recorded.",
        "step_count": null,
        "handrail": null,
        "surface": "concrete",
        "span_mapped": false
      }
    },
    {
      "type": "Feature",
      "geometry": {
        "type": "LineString",
        "coordinates": [
          [
            -80.4269728,
            37.2212966
          ],
          [
            -80.4269595,
            37.2213047
          ]
        ]
      },
      "properties": {
        "barrier_id": "OSM-STEPS-76245217",
        "name": "Stairs (OpenStreetMap)",
        "barrier_type": "stairs",
        "confidence": "community_report",
        "source": "OpenStreetMap way 76245217, fetched 2026-09-19 via api.openstreetmap.org",
        "notes": "OpenStreetMap-tagged staircase; no further detail recorded.",
        "step_count": null,
        "handrail": null,
        "surface": "concrete",
        "span_mapped": false
      }
    },
    {
      "type": "Feature",
      "geometry": {
        "type": "LineString",
        "coordinates": [
          [
            -80.4215755,
            37.2260314
          ],
          [
            -80.4215939,
            37.2260543
          ],
          [
            -80.4216098,
            37.2260755
          ]
        ]
      },
      "properties": {
        "barrier_id": "OSM-STEPS-76690471",
        "name": "Stairs (OpenStreetMap)",
        "barrier_type": "stairs",
        "confidence": "community_report",
        "source": "OpenStreetMap way 76690471, fetched 2026-09-19 via api.openstreetmap.org",
        "notes": "OpenStreetMap-tagged staircase; no further detail recorded.",
        "step_count": null,
        "handrail": null,
        "surface": "concrete",
        "span_mapped": false
      }
    },
    {
      "type": "Feature",
      "geometry": {
        "type": "LineString",
        "coordinates": [
          [
            -80.4214797,
            37.2260837
          ],
          [
            -80.4215133,
            37.2261284
          ]
        ]
      },
      "properties": {
        "barrier_id": "OSM-STEPS-76690473",
        "name": "Stairs (OpenStreetMap)",
        "barrier_type": "stairs",
        "confidence": "community_report",
        "source": "OpenStreetMap way 76690473, fetched 2026-09-19 via api.openstreetmap.org",
        "notes": "OpenStreetMap-tagged staircase; no further detail recorded.",
        "step_count": null,
        "handrail": null,
        "surface": "concrete",
        "span_mapped": false
      }
    },
    {
      "type": "Feature",
      "geometry": {
        "type": "LineString",
        "coordinates": [
          [
            -80.418937,
            37.2238152
          ],
          [
            -80.4189357,
            37.2237401
          ]
        ]
      },
      "properties": {
        "barrier_id": "OSM-STEPS-76690475",
        "name": "Stairs (OpenStreetMap)",
        "barrier_type": "stairs",
        "confidence": "community_report",
        "source": "OpenStreetMap way 76690475, fetched 2026-09-19 via api.openstreetmap.org",
        "notes": "incline: up",
        "step_count": null,
        "handrail": "yes",
        "surface": "concrete",
        "span_mapped": false
      }
    },
    {
      "type": "Feature",
      "geometry": {
        "type": "LineString",
        "coordinates": [
          [
            -80.4216432,
            37.226119
          ],
          [
            -80.4216547,
            37.2261351
          ]
        ]
      },
      "properties": {
        "barrier_id": "OSM-STEPS-76690476",
        "name": "Stairs (OpenStreetMap)",
        "barrier_type": "stairs",
        "confidence": "community_report",
        "source": "OpenStreetMap way 76690476, fetched 2026-09-19 via api.openstreetmap.org",
        "notes": "OpenStreetMap-tagged staircase; no further detail recorded.",
        "step_count": null,
        "handrail": null,
        "surface": "concrete",
        "span_mapped": false
      }
    },
    {
      "type": "Feature",
      "geometry": {
        "type": "LineString",
        "coordinates": [
          [
            -80.4248786,
            37.2273588
          ],
          [
            -80.4248764,
            37.2273741
          ]
        ]
      },
      "properties": {
        "barrier_id": "OSM-STEPS-77445302",
        "name": "Stairs (OpenStreetMap)",
        "barrier_type": "stairs",
        "confidence": "community_report",
        "source": "OpenStreetMap way 77445302, fetched 2026-09-19 via api.openstreetmap.org",
        "notes": "2 steps (OSM-reported); incline: up",
        "step_count": "2",
        "handrail": "no",
        "surface": "concrete",
        "span_mapped": false
      }
    },
    {
      "type": "Feature",
      "geometry": {
        "type": "LineString",
        "coordinates": [
          [
            -80.4248939,
            37.2275555
          ],
          [
            -80.4248982,
            37.2275684
          ]
        ]
      },
      "properties": {
        "barrier_id": "OSM-STEPS-77445303",
        "name": "Stairs (OpenStreetMap)",
        "barrier_type": "stairs",
        "confidence": "community_report",
        "source": "OpenStreetMap way 77445303, fetched 2026-09-19 via api.openstreetmap.org",
        "notes": "3 steps (OSM-reported); incline: up",
        "step_count": "3",
        "handrail": "no",
        "surface": "concrete",
        "span_mapped": false
      }
    },
    {
      "type": "Feature",
      "geometry": {
        "type": "LineString",
        "coordinates": [
          [
            -80.4192955,
            37.2299039
          ],
          [
            -80.419268,
            37.2298752
          ]
        ]
      },
      "properties": {
        "barrier_id": "OSM-STEPS-78257404",
        "name": "Stairs (OpenStreetMap)",
        "barrier_type": "stairs",
        "confidence": "community_report",
        "source": "OpenStreetMap way 78257404, fetched 2026-09-19 via api.openstreetmap.org",
        "notes": "12 steps (OSM-reported); incline: down",
        "step_count": "12",
        "handrail": "yes",
        "surface": "concrete",
        "span_mapped": false
      }
    },
    {
      "type": "Feature",
      "geometry": {
        "type": "LineString",
        "coordinates": [
          [
            -80.4193837,
            37.2299996
          ],
          [
            -80.419341,
            37.2299528
          ]
        ]
      },
      "properties": {
        "barrier_id": "OSM-STEPS-78257406",
        "name": "Stairs (OpenStreetMap)",
        "barrier_type": "stairs",
        "confidence": "community_report",
        "source": "OpenStreetMap way 78257406, fetched 2026-09-19 via api.openstreetmap.org",
        "notes": "incline: down",
        "step_count": null,
        "handrail": "yes",
        "surface": "concrete",
        "span_mapped": false
      }
    },
    {
      "type": "Feature",
      "geometry": {
        "type": "LineString",
        "coordinates": [
          [
            -80.4207989,
            37.2305272
          ],
          [
            -80.420746,
            37.2304856
          ]
        ]
      },
      "properties": {
        "barrier_id": "OSM-STEPS-108725442",
        "name": "Stairs (OpenStreetMap)",
        "barrier_type": "stairs",
        "confidence": "community_report",
        "source": "OpenStreetMap way 108725442, fetched 2026-09-19 via api.openstreetmap.org",
        "notes": "15 steps (OSM-reported); incline: down",
        "step_count": "15",
        "handrail": "yes",
        "surface": "concrete",
        "span_mapped": false
      }
    },
    {
      "type": "Feature",
      "geometry": {
        "type": "LineString",
        "coordinates": [
          [
            -80.4230721,
            37.2291989
          ],
          [
            -80.423039,
            37.229223
          ]
        ]
      },
      "properties": {
        "barrier_id": "OSM-STEPS-109187083",
        "name": "Stairs (OpenStreetMap)",
        "barrier_type": "stairs",
        "confidence": "community_report",
        "source": "OpenStreetMap way 109187083, fetched 2026-09-19 via api.openstreetmap.org",
        "notes": "5 steps (OSM-reported); incline: up",
        "step_count": "5",
        "handrail": "yes",
        "surface": "concrete",
        "span_mapped": false
      }
    },
    {
      "type": "Feature",
      "geometry": {
        "type": "LineString",
        "coordinates": [
          [
            -80.4219771,
            37.2300436
          ],
          [
            -80.4219226,
            37.2299928
          ]
        ]
      },
      "properties": {
        "barrier_id": "OSM-STEPS-109187084",
        "name": "Stairs (OpenStreetMap)",
        "barrier_type": "stairs",
        "confidence": "community_report",
        "source": "OpenStreetMap way 109187084, fetched 2026-09-19 via api.openstreetmap.org",
        "notes": "OpenStreetMap-tagged staircase; no further detail recorded.",
        "step_count": null,
        "handrail": null,
        "surface": "concrete",
        "span_mapped": false
      }
    },
    {
      "type": "Feature",
      "geometry": {
        "type": "LineString",
        "coordinates": [
          [
            -80.4231332,
            37.2292245
          ],
          [
            -80.4231088,
            37.2292024
          ]
        ]
      },
      "properties": {
        "barrier_id": "OSM-STEPS-109187086",
        "name": "Stairs (OpenStreetMap)",
        "barrier_type": "stairs",
        "confidence": "community_report",
        "source": "OpenStreetMap way 109187086, fetched 2026-09-19 via api.openstreetmap.org",
        "notes": "4 steps (OSM-reported); incline: down",
        "step_count": "4",
        "handrail": "yes",
        "surface": "concrete",
        "span_mapped": false
      }
    },
    {
      "type": "Feature",
      "geometry": {
        "type": "LineString",
        "coordinates": [
          [
            -80.4178514,
            37.22917
          ],
          [
            -80.4178745,
            37.2291951
          ]
        ]
      },
      "properties": {
        "barrier_id": "OSM-STEPS-109891602",
        "name": "Stairs (OpenStreetMap)",
        "barrier_type": "stairs",
        "confidence": "community_report",
        "source": "OpenStreetMap way 109891602, fetched 2026-09-19 via api.openstreetmap.org",
        "notes": "8 steps (OSM-reported); incline: up",
        "step_count": "8",
        "handrail": "yes",
        "surface": "concrete",
        "span_mapped": false
      }
    },
    {
      "type": "Feature",
      "geometry": {
        "type": "LineString",
        "coordinates": [
          [
            -80.4174808,
            37.2294141
          ],
          [
            -80.4175037,
            37.2294283
          ]
        ]
      },
      "properties": {
        "barrier_id": "OSM-STEPS-109891605",
        "name": "Stairs (OpenStreetMap)",
        "barrier_type": "stairs",
        "confidence": "community_report",
        "source": "OpenStreetMap way 109891605, fetched 2026-09-19 via api.openstreetmap.org",
        "notes": "incline: up",
        "step_count": null,
        "handrail": "yes",
        "surface": "concrete",
        "span_mapped": false
      }
    },
    {
      "type": "Feature",
      "geometry": {
        "type": "LineString",
        "coordinates": [
          [
            -80.4178817,
            37.2292035
          ],
          [
            -80.4178866,
            37.2292557
          ]
        ]
      },
      "properties": {
        "barrier_id": "OSM-STEPS-109891607",
        "name": "Stairs (OpenStreetMap)",
        "barrier_type": "stairs",
        "confidence": "community_report",
        "source": "OpenStreetMap way 109891607, fetched 2026-09-19 via api.openstreetmap.org",
        "notes": "5 steps (OSM-reported); incline: up",
        "step_count": "5",
        "handrail": "yes",
        "surface": "concrete",
        "span_mapped": false
      }
    },
    {
      "type": "Feature",
      "geometry": {
        "type": "LineString",
        "coordinates": [
          [
            -80.4176983,
            37.2293288
          ],
          [
            -80.4177152,
            37.2293458
          ]
        ]
      },
      "properties": {
        "barrier_id": "OSM-STEPS-109891612",
        "name": "Stairs (OpenStreetMap)",
        "barrier_type": "stairs",
        "confidence": "community_report",
        "source": "OpenStreetMap way 109891612, fetched 2026-09-19 via api.openstreetmap.org",
        "notes": "5 steps (OSM-reported); incline: up",
        "step_count": "5",
        "handrail": "yes",
        "surface": "concrete",
        "span_mapped": false
      }
    },
    {
      "type": "Feature",
      "geometry": {
        "type": "LineString",
        "coordinates": [
          [
            -80.4176616,
            37.2292921
          ],
          [
            -80.4176828,
            37.2293133
          ]
        ]
      },
      "properties": {
        "barrier_id": "OSM-STEPS-109891616",
        "name": "Stairs (OpenStreetMap)",
        "barrier_type": "stairs",
        "confidence": "community_report",
        "source": "OpenStreetMap way 109891616, fetched 2026-09-19 via api.openstreetmap.org",
        "notes": "7 steps (OSM-reported); incline: up",
        "step_count": "7",
        "handrail": "yes",
        "surface": "concrete",
        "span_mapped": false
      }
    },
    {
      "type": "Feature",
      "geometry": {
        "type": "LineString",
        "coordinates": [
          [
            -80.4196861,
            37.2288212
          ],
          [
            -80.4197685,
            37.2287728
          ]
        ]
      },
      "properties": {
        "barrier_id": "OSM-STEPS-109901988",
        "name": "Stairs (OpenStreetMap)",
        "barrier_type": "stairs",
        "confidence": "community_report",
        "source": "OpenStreetMap way 109901988, fetched 2026-09-19 via api.openstreetmap.org",
        "notes": "10 steps (OSM-reported); incline: down",
        "step_count": "10",
        "handrail": "yes",
        "surface": "concrete",
        "span_mapped": false
      }
    },
    {
      "type": "Feature",
      "geometry": {
        "type": "LineString",
        "coordinates": [
          [
            -80.4226195,
            37.2296877
          ],
          [
            -80.4227004,
            37.2297606
          ]
        ]
      },
      "properties": {
        "barrier_id": "OSM-STEPS-110353776",
        "name": "Stairs (OpenStreetMap)",
        "barrier_type": "stairs",
        "confidence": "community_report",
        "source": "OpenStreetMap way 110353776, fetched 2026-09-19 via api.openstreetmap.org",
        "notes": "11 steps (OSM-reported); incline: up",
        "step_count": "11",
        "handrail": "yes",
        "surface": "concrete",
        "span_mapped": false
      }
    },
    {
      "type": "Feature",
      "geometry": {
        "type": "LineString",
        "coordinates": [
          [
            -80.417516,
            37.229432
          ],
          [
            -80.4175961,
            37.229438
          ]
        ]
      },
      "properties": {
        "barrier_id": "OSM-STEPS-110608831",
        "name": "Stairs (OpenStreetMap)",
        "barrier_type": "stairs",
        "confidence": "community_report",
        "source": "OpenStreetMap way 110608831, fetched 2026-09-19 via api.openstreetmap.org",
        "notes": "incline: up",
        "step_count": null,
        "handrail": "yes",
        "surface": "concrete",
        "span_mapped": false
      }
    },
    {
      "type": "Feature",
      "geometry": {
        "type": "LineString",
        "coordinates": [
          [
            -80.4194561,
            37.2338643
          ],
          [
            -80.4194738,
            37.2338464
          ]
        ]
      },
      "properties": {
        "barrier_id": "OSM-STEPS-111668294",
        "name": "Stairs (OpenStreetMap)",
        "barrier_type": "stairs",
        "confidence": "community_report",
        "source": "OpenStreetMap way 111668294, fetched 2026-09-19 via api.openstreetmap.org",
        "notes": "OpenStreetMap-tagged staircase; no further detail recorded.",
        "step_count": null,
        "handrail": null,
        "surface": "concrete",
        "span_mapped": false
      }
    },
    {
      "type": "Feature",
      "geometry": {
        "type": "LineString",
        "coordinates": [
          [
            -80.4237506,
            37.2331475
          ],
          [
            -80.4237188,
            37.2332208
          ]
        ]
      },
      "properties": {
        "barrier_id": "OSM-STEPS-132394741",
        "name": "Stairs (OpenStreetMap)",
        "barrier_type": "stairs",
        "confidence": "community_report",
        "source": "OpenStreetMap way 132394741, fetched 2026-09-19 via api.openstreetmap.org",
        "notes": "OpenStreetMap-tagged staircase; no further detail recorded.",
        "step_count": null,
        "handrail": null,
        "surface": "concrete",
        "span_mapped": false
      }
    },
    {
      "type": "Feature",
      "geometry": {
        "type": "LineString",
        "coordinates": [
          [
            -80.4158802,
            37.2287533
          ],
          [
            -80.4158331,
            37.228702
          ]
        ]
      },
      "properties": {
        "barrier_id": "OSM-STEPS-155534768",
        "name": "Stairs (OpenStreetMap)",
        "barrier_type": "stairs",
        "confidence": "community_report",
        "source": "OpenStreetMap way 155534768, fetched 2026-09-19 via api.openstreetmap.org",
        "notes": "14 steps (OSM-reported); incline: down",
        "step_count": "14",
        "handrail": "yes",
        "surface": "concrete",
        "span_mapped": false
      }
    },
    {
      "type": "Feature",
      "geometry": {
        "type": "LineString",
        "coordinates": [
          [
            -80.4204192,
            37.2294783
          ],
          [
            -80.4203816,
            37.2295017
          ]
        ]
      },
      "properties": {
        "barrier_id": "OSM-STEPS-155534896",
        "name": "Stairs (OpenStreetMap)",
        "barrier_type": "stairs",
        "confidence": "community_report",
        "source": "OpenStreetMap way 155534896, fetched 2026-09-19 via api.openstreetmap.org",
        "notes": "5 steps (OSM-reported); incline: up",
        "step_count": "5",
        "handrail": "yes",
        "surface": "concrete",
        "span_mapped": false
      }
    },
    {
      "type": "Feature",
      "geometry": {
        "type": "LineString",
        "coordinates": [
          [
            -80.4223605,
            37.2311324
          ],
          [
            -80.4224418,
            37.2312005
          ]
        ]
      },
      "properties": {
        "barrier_id": "OSM-STEPS-181215479",
        "name": "Stairs (OpenStreetMap)",
        "barrier_type": "stairs",
        "confidence": "community_report",
        "source": "OpenStreetMap way 181215479, fetched 2026-09-19 via api.openstreetmap.org",
        "notes": "incline: down",
        "step_count": null,
        "handrail": "yes",
        "surface": "concrete",
        "span_mapped": false
      }
    },
    {
      "type": "Feature",
      "geometry": {
        "type": "LineString",
        "coordinates": [
          [
            -80.4203494,
            37.2287599
          ],
          [
            -80.4203163,
            37.2287841
          ]
        ]
      },
      "properties": {
        "barrier_id": "OSM-STEPS-370234113",
        "name": "Stairs (OpenStreetMap)",
        "barrier_type": "stairs",
        "confidence": "community_report",
        "source": "OpenStreetMap way 370234113, fetched 2026-09-19 via api.openstreetmap.org",
        "notes": "33 steps (OSM-reported); incline: up",
        "step_count": "33",
        "handrail": "yes",
        "surface": "concrete",
        "span_mapped": false
      }
    },
    {
      "type": "Feature",
      "geometry": {
        "type": "LineString",
        "coordinates": [
          [
            -80.418089,
            37.2267861
          ],
          [
            -80.4181477,
            37.2267894
          ]
        ]
      },
      "properties": {
        "barrier_id": "OSM-STEPS-370234118",
        "name": "Stairs (OpenStreetMap)",
        "barrier_type": "stairs",
        "confidence": "community_report",
        "source": "OpenStreetMap way 370234118, fetched 2026-09-19 via api.openstreetmap.org",
        "notes": "incline: down",
        "step_count": null,
        "handrail": "no",
        "surface": "concrete",
        "span_mapped": false
      }
    },
    {
      "type": "Feature",
      "geometry": {
        "type": "LineString",
        "coordinates": [
          [
            -80.4254856,
            37.2288367
          ],
          [
            -80.4254222,
            37.2287869
          ]
        ]
      },
      "properties": {
        "barrier_id": "OSM-STEPS-370234125",
        "name": "Stairs (OpenStreetMap)",
        "barrier_type": "stairs",
        "confidence": "community_report",
        "source": "OpenStreetMap way 370234125, fetched 2026-09-19 via api.openstreetmap.org",
        "notes": "7 steps (OSM-reported); incline: up; has an adjoining ramp per OSM",
        "step_count": "7",
        "handrail": "yes",
        "surface": "concrete",
        "span_mapped": false
      }
    },
    {
      "type": "Feature",
      "geometry": {
        "type": "LineString",
        "coordinates": [
          [
            -80.4180589,
            37.2266156
          ],
          [
            -80.418125,
            37.2266742
          ]
        ]
      },
      "properties": {
        "barrier_id": "OSM-STEPS-370234129",
        "name": "Stairs (OpenStreetMap)",
        "barrier_type": "stairs",
        "confidence": "community_report",
        "source": "OpenStreetMap way 370234129, fetched 2026-09-19 via api.openstreetmap.org",
        "notes": "incline: down",
        "step_count": null,
        "handrail": "no",
        "surface": "concrete",
        "span_mapped": false
      }
    },
    {
      "type": "Feature",
      "geometry": {
        "type": "LineString",
        "coordinates": [
          [
            -80.4225563,
            37.2251617
          ],
          [
            -80.4226127,
            37.2251318
          ]
        ]
      },
      "properties": {
        "barrier_id": "OSM-STEPS-370663706",
        "name": "Stairs (OpenStreetMap)",
        "barrier_type": "stairs",
        "confidence": "community_report",
        "source": "OpenStreetMap way 370663706, fetched 2026-09-19 via api.openstreetmap.org",
        "notes": "OpenStreetMap-tagged staircase; no further detail recorded.",
        "step_count": null,
        "handrail": "no",
        "surface": "concrete",
        "span_mapped": false
      }
    },
    {
      "type": "Feature",
      "geometry": {
        "type": "LineString",
        "coordinates": [
          [
            -80.4190189,
            37.2257689
          ],
          [
            -80.418958,
            37.2257588
          ]
        ]
      },
      "properties": {
        "barrier_id": "OSM-STEPS-370663708",
        "name": "Stairs (OpenStreetMap)",
        "barrier_type": "stairs",
        "confidence": "community_report",
        "source": "OpenStreetMap way 370663708, fetched 2026-09-19 via api.openstreetmap.org",
        "notes": "incline: down",
        "step_count": null,
        "handrail": "yes",
        "surface": "concrete",
        "span_mapped": false
      }
    },
    {
      "type": "Feature",
      "geometry": {
        "type": "LineString",
        "coordinates": [
          [
            -80.4224444,
            37.2253003
          ],
          [
            -80.4223997,
            37.2253238
          ]
        ]
      },
      "properties": {
        "barrier_id": "OSM-STEPS-370663709",
        "name": "Stairs (OpenStreetMap)",
        "barrier_type": "stairs",
        "confidence": "community_report",
        "source": "OpenStreetMap way 370663709, fetched 2026-09-19 via api.openstreetmap.org",
        "notes": "OpenStreetMap-tagged staircase; no further detail recorded.",
        "step_count": null,
        "handrail": null,
        "surface": "concrete",
        "span_mapped": false
      }
    },
    {
      "type": "Feature",
      "geometry": {
        "type": "LineString",
        "coordinates": [
          [
            -80.4183936,
            37.225938
          ],
          [
            -80.4183819,
            37.2259079
          ],
          [
            -80.4183531,
            37.2258439
          ]
        ]
      },
      "properties": {
        "barrier_id": "OSM-STEPS-370664080",
        "name": "Stairs (OpenStreetMap)",
        "barrier_type": "stairs",
        "confidence": "community_report",
        "source": "OpenStreetMap way 370664080, fetched 2026-09-19 via api.openstreetmap.org",
        "notes": "incline: up",
        "step_count": null,
        "handrail": "yes",
        "surface": "concrete",
        "span_mapped": false
      }
    },
    {
      "type": "Feature",
      "geometry": {
        "type": "LineString",
        "coordinates": [
          [
            -80.4172301,
            37.2264716
          ],
          [
            -80.4172585,
            37.2264899
          ]
        ]
      },
      "properties": {
        "barrier_id": "OSM-STEPS-370664085",
        "name": "Stairs (OpenStreetMap)",
        "barrier_type": "stairs",
        "confidence": "community_report",
        "source": "OpenStreetMap way 370664085, fetched 2026-09-19 via api.openstreetmap.org",
        "notes": "OpenStreetMap-tagged staircase; no further detail recorded.",
        "step_count": null,
        "handrail": null,
        "surface": "concrete",
        "span_mapped": false
      }
    },
    {
      "type": "Feature",
      "geometry": {
        "type": "LineString",
        "coordinates": [
          [
            -80.4197592,
            37.22657
          ],
          [
            -80.4197868,
            37.226587
          ]
        ]
      },
      "properties": {
        "barrier_id": "OSM-STEPS-370664530",
        "name": "Stairs (OpenStreetMap)",
        "barrier_type": "stairs",
        "confidence": "community_report",
        "source": "OpenStreetMap way 370664530, fetched 2026-09-19 via api.openstreetmap.org",
        "notes": "OpenStreetMap-tagged staircase; no further detail recorded.",
        "step_count": null,
        "handrail": null,
        "surface": "concrete",
        "span_mapped": false
      }
    },
    {
      "type": "Feature",
      "geometry": {
        "type": "LineString",
        "coordinates": [
          [
            -80.4193892,
            37.2282927
          ],
          [
            -80.4194274,
            37.2283345
          ]
        ]
      },
      "properties": {
        "barrier_id": "OSM-STEPS-370664958",
        "name": "Stairs (OpenStreetMap)",
        "barrier_type": "stairs",
        "confidence": "community_report",
        "source": "OpenStreetMap way 370664958, fetched 2026-09-19 via api.openstreetmap.org",
        "notes": "3 steps (OSM-reported); incline: up",
        "step_count": "3",
        "handrail": "yes",
        "surface": "concrete",
        "span_mapped": false
      }
    },
    {
      "type": "Feature",
      "geometry": {
        "type": "LineString",
        "coordinates": [
          [
            -80.4188021,
            37.228295
          ],
          [
            -80.4188322,
            37.2283313
          ]
        ]
      },
      "properties": {
        "barrier_id": "OSM-STEPS-370664959",
        "name": "Stairs (OpenStreetMap)",
        "barrier_type": "stairs",
        "confidence": "community_report",
        "source": "OpenStreetMap way 370664959, fetched 2026-09-19 via api.openstreetmap.org",
        "notes": "8 steps (OSM-reported); incline: down",
        "step_count": "8",
        "handrail": "yes",
        "surface": "concrete",
        "span_mapped": false
      }
    },
    {
      "type": "Feature",
      "geometry": {
        "type": "LineString",
        "coordinates": [
          [
            -80.4228739,
            37.2283897
          ],
          [
            -80.4228433,
            37.2283634
          ]
        ]
      },
      "properties": {
        "barrier_id": "OSM-STEPS-373491930",
        "name": "Stairs (OpenStreetMap)",
        "barrier_type": "stairs",
        "confidence": "community_report",
        "source": "OpenStreetMap way 373491930, fetched 2026-09-19 via api.openstreetmap.org",
        "notes": "OpenStreetMap-tagged staircase; no further detail recorded.",
        "step_count": null,
        "handrail": null,
        "surface": "concrete",
        "span_mapped": false
      }
    },
    {
      "type": "Feature",
      "geometry": {
        "type": "LineString",
        "coordinates": [
          [
            -80.4229466,
            37.2282874
          ],
          [
            -80.4229775,
            37.2283183
          ]
        ]
      },
      "properties": {
        "barrier_id": "OSM-STEPS-373491932",
        "name": "Stairs (OpenStreetMap)",
        "barrier_type": "stairs",
        "confidence": "community_report",
        "source": "OpenStreetMap way 373491932, fetched 2026-09-19 via api.openstreetmap.org",
        "notes": "OpenStreetMap-tagged staircase; no further detail recorded.",
        "step_count": null,
        "handrail": null,
        "surface": "concrete",
        "span_mapped": false
      }
    },
    {
      "type": "Feature",
      "geometry": {
        "type": "LineString",
        "coordinates": [
          [
            -80.4219627,
            37.2295296
          ],
          [
            -80.4218974,
            37.2294628
          ]
        ]
      },
      "properties": {
        "barrier_id": "OSM-STEPS-373503336",
        "name": "Stairs (OpenStreetMap)",
        "barrier_type": "stairs",
        "confidence": "community_report",
        "source": "OpenStreetMap way 373503336, fetched 2026-09-19 via api.openstreetmap.org",
        "notes": "24 steps (OSM-reported); incline: down",
        "step_count": "24",
        "handrail": "yes",
        "surface": "concrete",
        "span_mapped": false
      }
    },
    {
      "type": "Feature",
      "geometry": {
        "type": "LineString",
        "coordinates": [
          [
            -80.4171046,
            37.2297306
          ],
          [
            -80.4170798,
            37.2297122
          ]
        ]
      },
      "properties": {
        "barrier_id": "OSM-STEPS-375487964",
        "name": "Stairs (OpenStreetMap)",
        "barrier_type": "stairs",
        "confidence": "community_report",
        "source": "OpenStreetMap way 375487964, fetched 2026-09-19 via api.openstreetmap.org",
        "notes": "7 steps (OSM-reported); incline: down",
        "step_count": "7",
        "handrail": "yes",
        "surface": "concrete",
        "span_mapped": false
      }
    },
    {
      "type": "Feature",
      "geometry": {
        "type": "LineString",
        "coordinates": [
          [
            -80.420257,
            37.22592
          ],
          [
            -80.4201743,
            37.2259836
          ]
        ]
      },
      "properties": {
        "barrier_id": "OSM-STEPS-376025322",
        "name": "Stairs (OpenStreetMap)",
        "barrier_type": "stairs",
        "confidence": "community_report",
        "source": "OpenStreetMap way 376025322, fetched 2026-09-19 via api.openstreetmap.org",
        "notes": "OpenStreetMap-tagged staircase; no further detail recorded.",
        "step_count": null,
        "handrail": null,
        "surface": "concrete",
        "span_mapped": false
      }
    },
    {
      "type": "Feature",
      "geometry": {
        "type": "LineString",
        "coordinates": [
          [
            -80.4200914,
            37.2258971
          ],
          [
            -80.4200786,
            37.225945
          ]
        ]
      },
      "properties": {
        "barrier_id": "OSM-STEPS-376025324",
        "name": "Stairs (OpenStreetMap)",
        "barrier_type": "stairs",
        "confidence": "community_report",
        "source": "OpenStreetMap way 376025324, fetched 2026-09-19 via api.openstreetmap.org",
        "notes": "7 steps (OSM-reported); incline: down",
        "step_count": "7",
        "handrail": "yes",
        "surface": "concrete",
        "span_mapped": false
      }
    },
    {
      "type": "Feature",
      "geometry": {
        "type": "LineString",
        "coordinates": [
          [
            -80.4200914,
            37.2258971
          ],
          [
            -80.4201596,
            37.2258888
          ]
        ]
      },
      "properties": {
        "barrier_id": "OSM-STEPS-376025329",
        "name": "Stairs (OpenStreetMap)",
        "barrier_type": "stairs",
        "confidence": "community_report",
        "source": "OpenStreetMap way 376025329, fetched 2026-09-19 via api.openstreetmap.org",
        "notes": "8 steps (OSM-reported); incline: down",
        "step_count": "8",
        "handrail": "yes",
        "surface": "concrete",
        "span_mapped": false
      }
    },
    {
      "type": "Feature",
      "geometry": {
        "type": "LineString",
        "coordinates": [
          [
            -80.4172837,
            37.2265061
          ],
          [
            -80.4173126,
            37.2265307
          ]
        ]
      },
      "properties": {
        "barrier_id": "OSM-STEPS-376025377",
        "name": "Stairs (OpenStreetMap)",
        "barrier_type": "stairs",
        "confidence": "community_report",
        "source": "OpenStreetMap way 376025377, fetched 2026-09-19 via api.openstreetmap.org",
        "notes": "OpenStreetMap-tagged staircase; no further detail recorded.",
        "step_count": null,
        "handrail": null,
        "surface": "concrete",
        "span_mapped": false
      }
    },
    {
      "type": "Feature",
      "geometry": {
        "type": "LineString",
        "coordinates": [
          [
            -80.4174919,
            37.2250831
          ],
          [
            -80.4175042,
            37.2250678
          ]
        ]
      },
      "properties": {
        "barrier_id": "OSM-STEPS-376025400",
        "name": "Stairs (OpenStreetMap)",
        "barrier_type": "stairs",
        "confidence": "community_report",
        "source": "OpenStreetMap way 376025400, fetched 2026-09-19 via api.openstreetmap.org",
        "notes": "OpenStreetMap-tagged staircase; no further detail recorded.",
        "step_count": null,
        "handrail": null,
        "surface": "concrete",
        "span_mapped": false
      }
    },
    {
      "type": "Feature",
      "geometry": {
        "type": "LineString",
        "coordinates": [
          [
            -80.4175904,
            37.2249669
          ],
          [
            -80.4176049,
            37.2249502
          ]
        ]
      },
      "properties": {
        "barrier_id": "OSM-STEPS-376025402",
        "name": "Stairs (OpenStreetMap)",
        "barrier_type": "stairs",
        "confidence": "community_report",
        "source": "OpenStreetMap way 376025402, fetched 2026-09-19 via api.openstreetmap.org",
        "notes": "OpenStreetMap-tagged staircase; no further detail recorded.",
        "step_count": null,
        "handrail": null,
        "surface": "concrete",
        "span_mapped": false
      }
    },
    {
      "type": "Feature",
      "geometry": {
        "type": "LineString",
        "coordinates": [
          [
            -80.4173111,
            37.2258979
          ],
          [
            -80.4173078,
            37.22587
          ]
        ]
      },
      "properties": {
        "barrier_id": "OSM-STEPS-376025405",
        "name": "Stairs (OpenStreetMap)",
        "barrier_type": "stairs",
        "confidence": "community_report",
        "source": "OpenStreetMap way 376025405, fetched 2026-09-19 via api.openstreetmap.org",
        "notes": "5 steps (OSM-reported); incline: up",
        "step_count": "5",
        "handrail": "no",
        "surface": "concrete",
        "span_mapped": false
      }
    },
    {
      "type": "Feature",
      "geometry": {
        "type": "LineString",
        "coordinates": [
          [
            -80.4173204,
            37.225979
          ],
          [
            -80.4173175,
            37.2259534
          ]
        ]
      },
      "properties": {
        "barrier_id": "OSM-STEPS-376025408",
        "name": "Stairs (OpenStreetMap)",
        "barrier_type": "stairs",
        "confidence": "community_report",
        "source": "OpenStreetMap way 376025408, fetched 2026-09-19 via api.openstreetmap.org",
        "notes": "5 steps (OSM-reported); incline: up",
        "step_count": "5",
        "handrail": "no",
        "surface": "concrete",
        "span_mapped": false
      }
    },
    {
      "type": "Feature",
      "geometry": {
        "type": "LineString",
        "coordinates": [
          [
            -80.4177867,
            37.2247325
          ],
          [
            -80.4178039,
            37.2247117
          ]
        ]
      },
      "properties": {
        "barrier_id": "OSM-STEPS-376025410",
        "name": "Stairs (OpenStreetMap)",
        "barrier_type": "stairs",
        "confidence": "community_report",
        "source": "OpenStreetMap way 376025410, fetched 2026-09-19 via api.openstreetmap.org",
        "notes": "OpenStreetMap-tagged staircase; no further detail recorded.",
        "step_count": null,
        "handrail": null,
        "surface": "concrete",
        "span_mapped": false
      }
    },
    {
      "type": "Feature",
      "geometry": {
        "type": "LineString",
        "coordinates": [
          [
            -80.4177718,
            37.2245162
          ],
          [
            -80.4177563,
            37.2244776
          ]
        ]
      },
      "properties": {
        "barrier_id": "OSM-STEPS-376025443",
        "name": "Stairs (OpenStreetMap)",
        "barrier_type": "stairs",
        "confidence": "community_report",
        "source": "OpenStreetMap way 376025443, fetched 2026-09-19 via api.openstreetmap.org",
        "notes": "OpenStreetMap-tagged staircase; no further detail recorded.",
        "step_count": null,
        "handrail": null,
        "surface": "concrete",
        "span_mapped": false
      }
    },
    {
      "type": "Feature",
      "geometry": {
        "type": "LineString",
        "coordinates": [
          [
            -80.4179124,
            37.2248366
          ],
          [
            -80.4179039,
            37.2248177
          ]
        ]
      },
      "properties": {
        "barrier_id": "OSM-STEPS-376025444",
        "name": "Stairs (OpenStreetMap)",
        "barrier_type": "stairs",
        "confidence": "community_report",
        "source": "OpenStreetMap way 376025444, fetched 2026-09-19 via api.openstreetmap.org",
        "notes": "OpenStreetMap-tagged staircase; no further detail recorded.",
        "step_count": null,
        "handrail": null,
        "surface": "concrete",
        "span_mapped": false
      }
    },
    {
      "type": "Feature",
      "geometry": {
        "type": "LineString",
        "coordinates": [
          [
            -80.4179589,
            37.224935
          ],
          [
            -80.4179515,
            37.2249205
          ]
        ]
      },
      "properties": {
        "barrier_id": "OSM-STEPS-376025445",
        "name": "Stairs (OpenStreetMap)",
        "barrier_type": "stairs",
        "confidence": "community_report",
        "source": "OpenStreetMap way 376025445, fetched 2026-09-19 via api.openstreetmap.org",
        "notes": "OpenStreetMap-tagged staircase; no further detail recorded.",
        "step_count": null,
        "handrail": null,
        "surface": "concrete",
        "span_mapped": false
      }
    },
    {
      "type": "Feature",
      "geometry": {
        "type": "LineString",
        "coordinates": [
          [
            -80.4178103,
            37.2246121
          ],
          [
            -80.4177932,
            37.2245696
          ]
        ]
      },
      "properties": {
        "barrier_id": "OSM-STEPS-376025450",
        "name": "Stairs (OpenStreetMap)",
        "barrier_type": "stairs",
        "confidence": "community_report",
        "source": "OpenStreetMap way 376025450, fetched 2026-09-19 via api.openstreetmap.org",
        "notes": "OpenStreetMap-tagged staircase; no further detail recorded.",
        "step_count": null,
        "handrail": null,
        "surface": "concrete",
        "span_mapped": false
      }
    },
    {
      "type": "Feature",
      "geometry": {
        "type": "LineString",
        "coordinates": [
          [
            -80.4211841,
            37.2238168
          ],
          [
            -80.4212113,
            37.2238139
          ]
        ]
      },
      "properties": {
        "barrier_id": "OSM-STEPS-415378592",
        "name": "Stairs (OpenStreetMap)",
        "barrier_type": "stairs",
        "confidence": "community_report",
        "source": "OpenStreetMap way 415378592, fetched 2026-09-19 via api.openstreetmap.org",
        "notes": "OpenStreetMap-tagged staircase; no further detail recorded.",
        "step_count": null,
        "handrail": null,
        "surface": "concrete",
        "span_mapped": false
      }
    },
    {
      "type": "Feature",
      "geometry": {
        "type": "LineString",
        "coordinates": [
          [
            -80.4241202,
            37.2258976
          ],
          [
            -80.4241125,
            37.2259078
          ],
          [
            -80.4241082,
            37.2259211
          ],
          [
            -80.4241241,
            37.2259395
          ]
        ]
      },
      "properties": {
        "barrier_id": "OSM-STEPS-415378597",
        "name": "Stairs (OpenStreetMap)",
        "barrier_type": "stairs",
        "confidence": "community_report",
        "source": "OpenStreetMap way 415378597, fetched 2026-09-19 via api.openstreetmap.org",
        "notes": "10 steps (OSM-reported); incline: down",
        "step_count": "10",
        "handrail": "yes",
        "surface": "concrete",
        "span_mapped": false
      }
    },
    {
      "type": "Feature",
      "geometry": {
        "type": "LineString",
        "coordinates": [
          [
            -80.422925,
            37.2258614
          ],
          [
            -80.4229213,
            37.2257936
          ]
        ]
      },
      "properties": {
        "barrier_id": "OSM-STEPS-415378605",
        "name": "Stairs (OpenStreetMap)",
        "barrier_type": "stairs",
        "confidence": "community_report",
        "source": "OpenStreetMap way 415378605, fetched 2026-09-19 via api.openstreetmap.org",
        "notes": "incline: up",
        "step_count": null,
        "handrail": "yes",
        "surface": null,
        "span_mapped": false
      }
    },
    {
      "type": "Feature",
      "geometry": {
        "type": "LineString",
        "coordinates": [
          [
            -80.4207015,
            37.2335308
          ],
          [
            -80.4206402,
            37.2335084
          ]
        ]
      },
      "properties": {
        "barrier_id": "OSM-STEPS-425619867",
        "name": "Stairs (OpenStreetMap)",
        "barrier_type": "stairs",
        "confidence": "community_report",
        "source": "OpenStreetMap way 425619867, fetched 2026-09-19 via api.openstreetmap.org",
        "notes": "incline: up",
        "step_count": null,
        "handrail": null,
        "surface": "concrete",
        "span_mapped": false
      }
    },
    {
      "type": "Feature",
      "geometry": {
        "type": "LineString",
        "coordinates": [
          [
            -80.4233088,
            37.2286859
          ],
          [
            -80.4233374,
            37.2287065
          ]
        ]
      },
      "properties": {
        "barrier_id": "OSM-STEPS-457355584",
        "name": "Stairs (OpenStreetMap)",
        "barrier_type": "stairs",
        "confidence": "community_report",
        "source": "OpenStreetMap way 457355584, fetched 2026-09-19 via api.openstreetmap.org",
        "notes": "OpenStreetMap-tagged staircase; no further detail recorded.",
        "step_count": null,
        "handrail": null,
        "surface": "concrete",
        "span_mapped": false
      }
    },
    {
      "type": "Feature",
      "geometry": {
        "type": "LineString",
        "coordinates": [
          [
            -80.4252393,
            37.2296847
          ],
          [
            -80.4252134,
            37.2296625
          ]
        ]
      },
      "properties": {
        "barrier_id": "OSM-STEPS-457355692",
        "name": "Stairs (OpenStreetMap)",
        "barrier_type": "stairs",
        "confidence": "community_report",
        "source": "OpenStreetMap way 457355692, fetched 2026-09-19 via api.openstreetmap.org",
        "notes": "12 steps (OSM-reported); incline: up",
        "step_count": "12",
        "handrail": "yes",
        "surface": "concrete",
        "span_mapped": false
      }
    },
    {
      "type": "Feature",
      "geometry": {
        "type": "LineString",
        "coordinates": [
          [
            -80.4207452,
            37.2331166
          ],
          [
            -80.4207193,
            37.233184
          ]
        ]
      },
      "properties": {
        "barrier_id": "OSM-STEPS-622438388",
        "name": "Stairs (OpenStreetMap)",
        "barrier_type": "stairs",
        "confidence": "community_report",
        "source": "OpenStreetMap way 622438388, fetched 2026-09-19 via api.openstreetmap.org",
        "notes": "incline: up",
        "step_count": null,
        "handrail": null,
        "surface": "concrete",
        "span_mapped": false
      }
    },
    {
      "type": "Feature",
      "geometry": {
        "type": "LineString",
        "coordinates": [
          [
            -80.4226349,
            37.2312873
          ],
          [
            -80.4226463,
            37.2312702
          ]
        ]
      },
      "properties": {
        "barrier_id": "OSM-STEPS-622474334",
        "name": "Stairs (OpenStreetMap)",
        "barrier_type": "stairs",
        "confidence": "community_report",
        "source": "OpenStreetMap way 622474334, fetched 2026-09-19 via api.openstreetmap.org",
        "notes": "incline: down",
        "step_count": null,
        "handrail": null,
        "surface": "concrete",
        "span_mapped": false
      }
    },
    {
      "type": "Feature",
      "geometry": {
        "type": "LineString",
        "coordinates": [
          [
            -80.4227717,
            37.2313908
          ],
          [
            -80.4227918,
            37.2313711
          ]
        ]
      },
      "properties": {
        "barrier_id": "OSM-STEPS-622474340",
        "name": "Stairs (OpenStreetMap)",
        "barrier_type": "stairs",
        "confidence": "community_report",
        "source": "OpenStreetMap way 622474340, fetched 2026-09-19 via api.openstreetmap.org",
        "notes": "incline: down",
        "step_count": null,
        "handrail": null,
        "surface": null,
        "span_mapped": false
      }
    },
    {
      "type": "Feature",
      "geometry": {
        "type": "LineString",
        "coordinates": [
          [
            -80.4187343,
            37.229598
          ],
          [
            -80.4186959,
            37.229623
          ]
        ]
      },
      "properties": {
        "barrier_id": "OSM-STEPS-622952564",
        "name": "Stairs (OpenStreetMap)",
        "barrier_type": "stairs",
        "confidence": "community_report",
        "source": "OpenStreetMap way 622952564, fetched 2026-09-19 via api.openstreetmap.org",
        "notes": "10 steps (OSM-reported); incline: down",
        "step_count": "10",
        "handrail": "yes",
        "surface": "concrete",
        "span_mapped": false
      }
    },
    {
      "type": "Feature",
      "geometry": {
        "type": "LineString",
        "coordinates": [
          [
            -80.4172957,
            37.2304078
          ],
          [
            -80.4172835,
            37.230452
          ]
        ]
      },
      "properties": {
        "barrier_id": "OSM-STEPS-622952571",
        "name": "Stairs (OpenStreetMap)",
        "barrier_type": "stairs",
        "confidence": "community_report",
        "source": "OpenStreetMap way 622952571, fetched 2026-09-19 via api.openstreetmap.org",
        "notes": "6 steps (OSM-reported); incline: up",
        "step_count": "6",
        "handrail": "yes",
        "surface": "concrete",
        "span_mapped": false
      }
    },
    {
      "type": "Feature",
      "geometry": {
        "type": "LineString",
        "coordinates": [
          [
            -80.4173604,
            37.2303359
          ],
          [
            -80.4173134,
            37.2303252
          ]
        ]
      },
      "properties": {
        "barrier_id": "OSM-STEPS-622952572",
        "name": "Stairs (OpenStreetMap)",
        "barrier_type": "stairs",
        "confidence": "community_report",
        "source": "OpenStreetMap way 622952572, fetched 2026-09-19 via api.openstreetmap.org",
        "notes": "2 steps (OSM-reported); incline: down",
        "step_count": "2",
        "handrail": "yes",
        "surface": "concrete",
        "span_mapped": false
      }
    },
    {
      "type": "Feature",
      "geometry": {
        "type": "LineString",
        "coordinates": [
          [
            -80.4174818,
            37.2303529
          ],
          [
            -80.4174395,
            37.2303508
          ]
        ]
      },
      "properties": {
        "barrier_id": "OSM-STEPS-622952574",
        "name": "Stairs (OpenStreetMap)",
        "barrier_type": "stairs",
        "confidence": "community_report",
        "source": "OpenStreetMap way 622952574, fetched 2026-09-19 via api.openstreetmap.org",
        "notes": "2 steps (OSM-reported); incline: down",
        "step_count": "2",
        "handrail": "yes",
        "surface": "concrete",
        "span_mapped": false
      }
    },
    {
      "type": "Feature",
      "geometry": {
        "type": "LineString",
        "coordinates": [
          [
            -80.4172088,
            37.2302328
          ],
          [
            -80.4172135,
            37.2302056
          ]
        ]
      },
      "properties": {
        "barrier_id": "OSM-STEPS-622952577",
        "name": "Stairs (OpenStreetMap)",
        "barrier_type": "stairs",
        "confidence": "community_report",
        "source": "OpenStreetMap way 622952577, fetched 2026-09-19 via api.openstreetmap.org",
        "notes": "incline: down",
        "step_count": null,
        "handrail": "yes",
        "surface": "concrete",
        "span_mapped": false
      }
    },
    {
      "type": "Feature",
      "geometry": {
        "type": "LineString",
        "coordinates": [
          [
            -80.4172256,
            37.2301084
          ],
          [
            -80.4172289,
            37.2300881
          ]
        ]
      },
      "properties": {
        "barrier_id": "OSM-STEPS-622952578",
        "name": "Stairs (OpenStreetMap)",
        "barrier_type": "stairs",
        "confidence": "community_report",
        "source": "OpenStreetMap way 622952578, fetched 2026-09-19 via api.openstreetmap.org",
        "notes": "4 steps (OSM-reported); incline: down",
        "step_count": "4",
        "handrail": "yes",
        "surface": "concrete",
        "span_mapped": false
      }
    },
    {
      "type": "Feature",
      "geometry": {
        "type": "LineString",
        "coordinates": [
          [
            -80.4184017,
            37.23078
          ],
          [
            -80.4183846,
            37.2307624
          ]
        ]
      },
      "properties": {
        "barrier_id": "OSM-STEPS-628456013",
        "name": "Stairs (OpenStreetMap)",
        "barrier_type": "stairs",
        "confidence": "community_report",
        "source": "OpenStreetMap way 628456013, fetched 2026-09-19 via api.openstreetmap.org",
        "notes": "5 steps (OSM-reported); incline: down",
        "step_count": "5",
        "handrail": null,
        "surface": "concrete",
        "span_mapped": false
      }
    },
    {
      "type": "Feature",
      "geometry": {
        "type": "LineString",
        "coordinates": [
          [
            -80.4188748,
            37.2285117
          ],
          [
            -80.4188644,
            37.2285048
          ]
        ]
      },
      "properties": {
        "barrier_id": "OSM-STEPS-628456017",
        "name": "Stairs (OpenStreetMap)",
        "barrier_type": "stairs",
        "confidence": "community_report",
        "source": "OpenStreetMap way 628456017, fetched 2026-09-19 via api.openstreetmap.org",
        "notes": "2 steps (OSM-reported); incline: down",
        "step_count": "2",
        "handrail": "yes",
        "surface": "concrete",
        "span_mapped": false
      }
    },
    {
      "type": "Feature",
      "geometry": {
        "type": "LineString",
        "coordinates": [
          [
            -80.4222789,
            37.2293124
          ],
          [
            -80.4223045,
            37.2293379
          ]
        ]
      },
      "properties": {
        "barrier_id": "OSM-STEPS-628456402",
        "name": "Stairs (OpenStreetMap)",
        "barrier_type": "stairs",
        "confidence": "community_report",
        "source": "OpenStreetMap way 628456402, fetched 2026-09-19 via api.openstreetmap.org",
        "notes": "3 steps (OSM-reported); incline: up",
        "step_count": "3",
        "handrail": "yes",
        "surface": "concrete",
        "span_mapped": false
      }
    },
    {
      "type": "Feature",
      "geometry": {
        "type": "LineString",
        "coordinates": [
          [
            -80.4191311,
            37.2303018
          ],
          [
            -80.4189107,
            37.2300871
          ]
        ]
      },
      "properties": {
        "barrier_id": "OSM-STEPS-628456571",
        "name": "Stairs (OpenStreetMap)",
        "barrier_type": "stairs",
        "confidence": "community_report",
        "source": "OpenStreetMap way 628456571, fetched 2026-09-19 via api.openstreetmap.org",
        "notes": "32 steps (OSM-reported); incline: down",
        "step_count": "32",
        "handrail": "yes",
        "surface": "concrete",
        "span_mapped": false
      }
    },
    {
      "type": "Feature",
      "geometry": {
        "type": "LineString",
        "coordinates": [
          [
            -80.4195221,
            37.2300638
          ],
          [
            -80.4195865,
            37.2300677
          ]
        ]
      },
      "properties": {
        "barrier_id": "OSM-STEPS-742733439",
        "name": "Stairs (OpenStreetMap)",
        "barrier_type": "stairs",
        "confidence": "community_report",
        "source": "OpenStreetMap way 742733439, fetched 2026-09-19 via api.openstreetmap.org",
        "notes": "incline: up",
        "step_count": null,
        "handrail": "yes",
        "surface": "concrete",
        "span_mapped": false
      }
    },
    {
      "type": "Feature",
      "geometry": {
        "type": "LineString",
        "coordinates": [
          [
            -80.4241599,
            37.2285332
          ],
          [
            -80.4241441,
            37.2285155
          ]
        ]
      },
      "properties": {
        "barrier_id": "OSM-STEPS-742733445",
        "name": "Stairs (OpenStreetMap)",
        "barrier_type": "stairs",
        "confidence": "community_report",
        "source": "OpenStreetMap way 742733445, fetched 2026-09-19 via api.openstreetmap.org",
        "notes": "6 steps (OSM-reported); incline: down",
        "step_count": "6",
        "handrail": "yes",
        "surface": "concrete",
        "span_mapped": false
      }
    },
    {
      "type": "Feature",
      "geometry": {
        "type": "LineString",
        "coordinates": [
          [
            -80.4194157,
            37.2301879
          ],
          [
            -80.4194196,
            37.2301379
          ]
        ]
      },
      "properties": {
        "barrier_id": "OSM-STEPS-742733447",
        "name": "Stairs (OpenStreetMap)",
        "barrier_type": "stairs",
        "confidence": "community_report",
        "source": "OpenStreetMap way 742733447, fetched 2026-09-19 via api.openstreetmap.org",
        "notes": "incline: down",
        "step_count": null,
        "handrail": "yes",
        "surface": "concrete",
        "span_mapped": false
      }
    },
    {
      "type": "Feature",
      "geometry": {
        "type": "LineString",
        "coordinates": [
          [
            -80.4159347,
            37.2296354
          ],
          [
            -80.4159472,
            37.229617
          ]
        ]
      },
      "properties": {
        "barrier_id": "OSM-STEPS-742734232",
        "name": "Stairs (OpenStreetMap)",
        "barrier_type": "stairs",
        "confidence": "community_report",
        "source": "OpenStreetMap way 742734232, fetched 2026-09-19 via api.openstreetmap.org",
        "notes": "7 steps (OSM-reported); incline: down",
        "step_count": "7",
        "handrail": "yes",
        "surface": "metal",
        "span_mapped": false
      }
    },
    {
      "type": "Feature",
      "geometry": {
        "type": "LineString",
        "coordinates": [
          [
            -80.4250217,
            37.2296539
          ],
          [
            -80.4249881,
            37.2296267
          ]
        ]
      },
      "properties": {
        "barrier_id": "OSM-STEPS-997628394",
        "name": "Stairs (OpenStreetMap)",
        "barrier_type": "stairs",
        "confidence": "community_report",
        "source": "OpenStreetMap way 997628394, fetched 2026-09-19 via api.openstreetmap.org",
        "notes": "12 steps (OSM-reported); incline: up",
        "step_count": "12",
        "handrail": "yes",
        "surface": "concrete",
        "span_mapped": false
      }
    },
    {
      "type": "Feature",
      "geometry": {
        "type": "LineString",
        "coordinates": [
          [
            -80.424942,
            37.2296271
          ],
          [
            -80.424904,
            37.2295982
          ]
        ]
      },
      "properties": {
        "barrier_id": "OSM-STEPS-997628395",
        "name": "Stairs (OpenStreetMap)",
        "barrier_type": "stairs",
        "confidence": "community_report",
        "source": "OpenStreetMap way 997628395, fetched 2026-09-19 via api.openstreetmap.org",
        "notes": "15 steps (OSM-reported); incline: up",
        "step_count": "15",
        "handrail": "yes",
        "surface": "concrete",
        "span_mapped": false
      }
    },
    {
      "type": "Feature",
      "geometry": {
        "type": "LineString",
        "coordinates": [
          [
            -80.4252332,
            37.2297361
          ],
          [
            -80.4251779,
            37.2297756
          ]
        ]
      },
      "properties": {
        "barrier_id": "OSM-STEPS-997628398",
        "name": "Stairs (OpenStreetMap)",
        "barrier_type": "stairs",
        "confidence": "community_report",
        "source": "OpenStreetMap way 997628398, fetched 2026-09-19 via api.openstreetmap.org",
        "notes": "12 steps (OSM-reported); incline: up",
        "step_count": "12",
        "handrail": "yes",
        "surface": "concrete",
        "span_mapped": false
      }
    },
    {
      "type": "Feature",
      "geometry": {
        "type": "LineString",
        "coordinates": [
          [
            -80.4253887,
            37.229621
          ],
          [
            -80.4253381,
            37.2296585
          ]
        ]
      },
      "properties": {
        "barrier_id": "OSM-STEPS-997628400",
        "name": "Stairs (OpenStreetMap)",
        "barrier_type": "stairs",
        "confidence": "community_report",
        "source": "OpenStreetMap way 997628400, fetched 2026-09-19 via api.openstreetmap.org",
        "notes": "incline: up",
        "step_count": null,
        "handrail": "yes",
        "surface": "concrete",
        "span_mapped": false
      }
    },
    {
      "type": "Feature",
      "geometry": {
        "type": "LineString",
        "coordinates": [
          [
            -80.4253563,
            37.2297255
          ],
          [
            -80.4253275,
            37.2297008
          ]
        ]
      },
      "properties": {
        "barrier_id": "OSM-STEPS-997628401",
        "name": "Stairs (OpenStreetMap)",
        "barrier_type": "stairs",
        "confidence": "community_report",
        "source": "OpenStreetMap way 997628401, fetched 2026-09-19 via api.openstreetmap.org",
        "notes": "13 steps (OSM-reported); incline: up",
        "step_count": "13",
        "handrail": "yes",
        "surface": "concrete",
        "span_mapped": false
      }
    },
    {
      "type": "Feature",
      "geometry": {
        "type": "LineString",
        "coordinates": [
          [
            -80.4251332,
            37.2274655
          ],
          [
            -80.4251063,
            37.2274438
          ]
        ]
      },
      "properties": {
        "barrier_id": "OSM-STEPS-1006876382",
        "name": "Stairs (OpenStreetMap)",
        "barrier_type": "stairs",
        "confidence": "community_report",
        "source": "OpenStreetMap way 1006876382, fetched 2026-09-19 via api.openstreetmap.org",
        "notes": "6 steps (OSM-reported); incline: up",
        "step_count": "6",
        "handrail": "yes",
        "surface": "concrete",
        "span_mapped": false
      }
    },
    {
      "type": "Feature",
      "geometry": {
        "type": "LineString",
        "coordinates": [
          [
            -80.4183854,
            37.2258005
          ],
          [
            -80.418384,
            37.2257525
          ],
          [
            -80.4183667,
            37.2257208
          ],
          [
            -80.4183331,
            37.2256996
          ],
          [
            -80.4182977,
            37.225687
          ]
        ]
      },
      "properties": {
        "barrier_id": "OSM-STEPS-1060144360",
        "name": "Stairs (OpenStreetMap)",
        "barrier_type": "stairs",
        "confidence": "community_report",
        "source": "OpenStreetMap way 1060144360, fetched 2026-09-19 via api.openstreetmap.org",
        "notes": "incline: up",
        "step_count": null,
        "handrail": "yes",
        "surface": "concrete",
        "span_mapped": false
      }
    },
    {
      "type": "Feature",
      "geometry": {
        "type": "LineString",
        "coordinates": [
          [
            -80.4174544,
            37.2264837
          ],
          [
            -80.4174127,
            37.2264539
          ]
        ]
      },
      "properties": {
        "barrier_id": "OSM-STEPS-1060144373",
        "name": "Stairs (OpenStreetMap)",
        "barrier_type": "stairs",
        "confidence": "community_report",
        "source": "OpenStreetMap way 1060144373, fetched 2026-09-19 via api.openstreetmap.org",
        "notes": "OpenStreetMap-tagged staircase; no further detail recorded.",
        "step_count": null,
        "handrail": null,
        "surface": null,
        "span_mapped": false
      }
    },
    {
      "type": "Feature",
      "geometry": {
        "type": "LineString",
        "coordinates": [
          [
            -80.4187211,
            37.2247125
          ],
          [
            -80.418728,
            37.2247191
          ]
        ]
      },
      "properties": {
        "barrier_id": "OSM-STEPS-1087763987",
        "name": "Stairs (OpenStreetMap)",
        "barrier_type": "stairs",
        "confidence": "community_report",
        "source": "OpenStreetMap way 1087763987, fetched 2026-09-19 via api.openstreetmap.org",
        "notes": "OpenStreetMap-tagged staircase; no further detail recorded.",
        "step_count": null,
        "handrail": "yes",
        "surface": null,
        "span_mapped": false
      }
    },
    {
      "type": "Feature",
      "geometry": {
        "type": "LineString",
        "coordinates": [
          [
            -80.4228648,
            37.2289814
          ],
          [
            -80.4227934,
            37.2289168
          ]
        ]
      },
      "properties": {
        "barrier_id": "OSM-STEPS-1088206852",
        "name": "Stairs (OpenStreetMap)",
        "barrier_type": "stairs",
        "confidence": "community_report",
        "source": "OpenStreetMap way 1088206852, fetched 2026-09-19 via api.openstreetmap.org",
        "notes": "14 steps (OSM-reported); incline: down",
        "step_count": "14",
        "handrail": "yes",
        "surface": "concrete",
        "span_mapped": false
      }
    },
    {
      "type": "Feature",
      "geometry": {
        "type": "LineString",
        "coordinates": [
          [
            -80.4244451,
            37.2273795
          ],
          [
            -80.424478,
            37.2274049
          ]
        ]
      },
      "properties": {
        "barrier_id": "OSM-STEPS-1090306309",
        "name": "Stairs (OpenStreetMap)",
        "barrier_type": "stairs",
        "confidence": "community_report",
        "source": "OpenStreetMap way 1090306309, fetched 2026-09-19 via api.openstreetmap.org",
        "notes": "4 steps (OSM-reported); incline: up",
        "step_count": "4",
        "handrail": "no",
        "surface": "concrete",
        "span_mapped": false
      }
    },
    {
      "type": "Feature",
      "geometry": {
        "type": "LineString",
        "coordinates": [
          [
            -80.4175097,
            37.2264815
          ],
          [
            -80.4174864,
            37.2265043
          ]
        ]
      },
      "properties": {
        "barrier_id": "OSM-STEPS-1091272848",
        "name": "Stairs (OpenStreetMap)",
        "barrier_type": "stairs",
        "confidence": "community_report",
        "source": "OpenStreetMap way 1091272848, fetched 2026-09-19 via api.openstreetmap.org",
        "notes": "incline: down",
        "step_count": null,
        "handrail": "yes",
        "surface": "concrete",
        "span_mapped": false
      }
    },
    {
      "type": "Feature",
      "geometry": {
        "type": "LineString",
        "coordinates": [
          [
            -80.4249477,
            37.2283741
          ],
          [
            -80.4249837,
            37.2284027
          ]
        ]
      },
      "properties": {
        "barrier_id": "OSM-STEPS-1092488408",
        "name": "Stairs (OpenStreetMap)",
        "barrier_type": "stairs",
        "confidence": "community_report",
        "source": "OpenStreetMap way 1092488408, fetched 2026-09-19 via api.openstreetmap.org",
        "notes": "13 steps (OSM-reported); incline: down",
        "step_count": "13",
        "handrail": "yes",
        "surface": "concrete",
        "span_mapped": false
      }
    },
    {
      "type": "Feature",
      "geometry": {
        "type": "LineString",
        "coordinates": [
          [
            -80.4218249,
            37.2302307
          ],
          [
            -80.421825,
            37.2303095
          ]
        ]
      },
      "properties": {
        "barrier_id": "OSM-STEPS-1093194235",
        "name": "Stairs (OpenStreetMap)",
        "barrier_type": "stairs",
        "confidence": "community_report",
        "source": "OpenStreetMap way 1093194235, fetched 2026-09-19 via api.openstreetmap.org",
        "notes": "incline: up",
        "step_count": null,
        "handrail": "yes",
        "surface": "concrete",
        "span_mapped": false
      }
    },
    {
      "type": "Feature",
      "geometry": {
        "type": "LineString",
        "coordinates": [
          [
            -80.422584,
            37.2296525
          ],
          [
            -80.4225571,
            37.2296274
          ]
        ]
      },
      "properties": {
        "barrier_id": "OSM-STEPS-1093822485",
        "name": "Stairs (OpenStreetMap)",
        "barrier_type": "stairs",
        "confidence": "community_report",
        "source": "OpenStreetMap way 1093822485, fetched 2026-09-19 via api.openstreetmap.org",
        "notes": "2 steps (OSM-reported); incline: down",
        "step_count": "2",
        "handrail": "yes",
        "surface": "concrete",
        "span_mapped": false
      }
    },
    {
      "type": "Feature",
      "geometry": {
        "type": "LineString",
        "coordinates": [
          [
            -80.4251063,
            37.2274438
          ],
          [
            -80.4250861,
            37.2274265
          ]
        ]
      },
      "properties": {
        "barrier_id": "OSM-STEPS-1176014010",
        "name": "Stairs (OpenStreetMap)",
        "barrier_type": "stairs",
        "confidence": "community_report",
        "source": "OpenStreetMap way 1176014010, fetched 2026-09-19 via api.openstreetmap.org",
        "notes": "4 steps (OSM-reported); incline: up",
        "step_count": "4",
        "handrail": "yes",
        "surface": "concrete",
        "span_mapped": false
      }
    },
    {
      "type": "Feature",
      "geometry": {
        "type": "LineString",
        "coordinates": [
          [
            -80.4256434,
            37.22789
          ],
          [
            -80.4255534,
            37.2278178
          ]
        ]
      },
      "properties": {
        "barrier_id": "OSM-STEPS-1176014011",
        "name": "Stairs (OpenStreetMap)",
        "barrier_type": "stairs",
        "confidence": "community_report",
        "source": "OpenStreetMap way 1176014011, fetched 2026-09-19 via api.openstreetmap.org",
        "notes": "incline: down",
        "step_count": null,
        "handrail": null,
        "surface": null,
        "span_mapped": false
      }
    },
    {
      "type": "Feature",
      "geometry": {
        "type": "LineString",
        "coordinates": [
          [
            -80.4206777,
            37.2225749
          ],
          [
            -80.4206798,
            37.2225924
          ]
        ]
      },
      "properties": {
        "barrier_id": "OSM-STEPS-1176132740",
        "name": "Stairs (OpenStreetMap)",
        "barrier_type": "stairs",
        "confidence": "community_report",
        "source": "OpenStreetMap way 1176132740, fetched 2026-09-19 via api.openstreetmap.org",
        "notes": "OpenStreetMap-tagged staircase; no further detail recorded.",
        "step_count": null,
        "handrail": null,
        "surface": null,
        "span_mapped": false
      }
    },
    {
      "type": "Feature",
      "geometry": {
        "type": "LineString",
        "coordinates": [
          [
            -80.4205819,
            37.2231897
          ],
          [
            -80.4205369,
            37.2231981
          ]
        ]
      },
      "properties": {
        "barrier_id": "OSM-STEPS-1176132742",
        "name": "Stairs (OpenStreetMap)",
        "barrier_type": "stairs",
        "confidence": "community_report",
        "source": "OpenStreetMap way 1176132742, fetched 2026-09-19 via api.openstreetmap.org",
        "notes": "OpenStreetMap-tagged staircase; no further detail recorded.",
        "step_count": null,
        "handrail": null,
        "surface": "concrete",
        "span_mapped": false
      }
    },
    {
      "type": "Feature",
      "geometry": {
        "type": "LineString",
        "coordinates": [
          [
            -80.4242947,
            37.2309707
          ],
          [
            -80.4242183,
            37.2309097
          ]
        ]
      },
      "properties": {
        "barrier_id": "OSM-STEPS-1176132751",
        "name": "Stairs (OpenStreetMap)",
        "barrier_type": "stairs",
        "confidence": "community_report",
        "source": "OpenStreetMap way 1176132751, fetched 2026-09-19 via api.openstreetmap.org",
        "notes": "incline: down",
        "step_count": null,
        "handrail": null,
        "surface": null,
        "span_mapped": false
      }
    },
    {
      "type": "Feature",
      "geometry": {
        "type": "LineString",
        "coordinates": [
          [
            -80.4247968,
            37.2307331
          ],
          [
            -80.424949,
            37.2308612
          ]
        ]
      },
      "properties": {
        "barrier_id": "OSM-STEPS-1176132754",
        "name": "Stairs (OpenStreetMap)",
        "barrier_type": "stairs",
        "confidence": "community_report",
        "source": "OpenStreetMap way 1176132754, fetched 2026-09-19 via api.openstreetmap.org",
        "notes": "OpenStreetMap-tagged staircase; no further detail recorded.",
        "step_count": null,
        "handrail": null,
        "surface": "concrete",
        "span_mapped": false
      }
    },
    {
      "type": "Feature",
      "geometry": {
        "type": "LineString",
        "coordinates": [
          [
            -80.4256618,
            37.2313882
          ],
          [
            -80.4256216,
            37.2314213
          ]
        ]
      },
      "properties": {
        "barrier_id": "OSM-STEPS-1250598194",
        "name": "Stairs (OpenStreetMap)",
        "barrier_type": "stairs",
        "confidence": "community_report",
        "source": "OpenStreetMap way 1250598194, fetched 2026-09-19 via api.openstreetmap.org",
        "notes": "incline: up",
        "step_count": null,
        "handrail": "yes",
        "surface": "concrete",
        "span_mapped": false
      }
    },
    {
      "type": "Feature",
      "geometry": {
        "type": "LineString",
        "coordinates": [
          [
            -80.4195828,
            37.2337597
          ],
          [
            -80.4196347,
            37.2337618
          ]
        ]
      },
      "properties": {
        "barrier_id": "OSM-STEPS-1292982224",
        "name": "Stairs (OpenStreetMap)",
        "barrier_type": "stairs",
        "confidence": "community_report",
        "source": "OpenStreetMap way 1292982224, fetched 2026-09-19 via api.openstreetmap.org",
        "notes": "OpenStreetMap-tagged staircase; no further detail recorded.",
        "step_count": null,
        "handrail": null,
        "surface": "concrete",
        "span_mapped": false
      }
    },
    {
      "type": "Feature",
      "geometry": {
        "type": "LineString",
        "coordinates": [
          [
            -80.4195034,
            37.233823
          ],
          [
            -80.4195289,
            37.2338445
          ]
        ]
      },
      "properties": {
        "barrier_id": "OSM-STEPS-1292982227",
        "name": "Stairs (OpenStreetMap)",
        "barrier_type": "stairs",
        "confidence": "community_report",
        "source": "OpenStreetMap way 1292982227, fetched 2026-09-19 via api.openstreetmap.org",
        "notes": "OpenStreetMap-tagged staircase; no further detail recorded.",
        "step_count": null,
        "handrail": null,
        "surface": "concrete",
        "span_mapped": false
      }
    },
    {
      "type": "Feature",
      "geometry": {
        "type": "LineString",
        "coordinates": [
          [
            -80.4205975,
            37.2334786
          ],
          [
            -80.4204976,
            37.2334087
          ]
        ]
      },
      "properties": {
        "barrier_id": "OSM-STEPS-1292994941",
        "name": "Stairs (OpenStreetMap)",
        "barrier_type": "stairs",
        "confidence": "community_report",
        "source": "OpenStreetMap way 1292994941, fetched 2026-09-19 via api.openstreetmap.org",
        "notes": "incline: up",
        "step_count": null,
        "handrail": null,
        "surface": "concrete",
        "span_mapped": false
      }
    },
    {
      "type": "Feature",
      "geometry": {
        "type": "LineString",
        "coordinates": [
          [
            -80.4206402,
            37.2335084
          ],
          [
            -80.4205975,
            37.2334786
          ]
        ]
      },
      "properties": {
        "barrier_id": "OSM-STEPS-1292994942",
        "name": "Stairs (OpenStreetMap)",
        "barrier_type": "stairs",
        "confidence": "community_report",
        "source": "OpenStreetMap way 1292994942, fetched 2026-09-19 via api.openstreetmap.org",
        "notes": "incline: up",
        "step_count": null,
        "handrail": null,
        "surface": "concrete",
        "span_mapped": false
      }
    },
    {
      "type": "Feature",
      "geometry": {
        "type": "LineString",
        "coordinates": [
          [
            -80.4207908,
            37.2346945
          ],
          [
            -80.4207612,
            37.2346671
          ]
        ]
      },
      "properties": {
        "barrier_id": "OSM-STEPS-1293737595",
        "name": "Stairs (OpenStreetMap)",
        "barrier_type": "stairs",
        "confidence": "community_report",
        "source": "OpenStreetMap way 1293737595, fetched 2026-09-19 via api.openstreetmap.org",
        "notes": "6 steps (OSM-reported); incline: down",
        "step_count": "6",
        "handrail": "yes",
        "surface": "concrete",
        "span_mapped": false
      }
    },
    {
      "type": "Feature",
      "geometry": {
        "type": "LineString",
        "coordinates": [
          [
            -80.4275011,
            37.2303098
          ],
          [
            -80.4274501,
            37.2302698
          ]
        ]
      },
      "properties": {
        "barrier_id": "OSM-STEPS-1323420258",
        "name": "Stairs (OpenStreetMap)",
        "barrier_type": "stairs",
        "confidence": "community_report",
        "source": "OpenStreetMap way 1323420258, fetched 2026-09-19 via api.openstreetmap.org",
        "notes": "5 steps (OSM-reported); incline: up",
        "step_count": "5",
        "handrail": "yes",
        "surface": "concrete",
        "span_mapped": false
      }
    },
    {
      "type": "Feature",
      "geometry": {
        "type": "LineString",
        "coordinates": [
          [
            -80.4241427,
            37.2313329
          ],
          [
            -80.4243625,
            37.2315098
          ]
        ]
      },
      "properties": {
        "barrier_id": "OSM-STEPS-1344383903",
        "name": "Stairs (OpenStreetMap)",
        "barrier_type": "stairs",
        "confidence": "community_report",
        "source": "OpenStreetMap way 1344383903, fetched 2026-09-19 via api.openstreetmap.org",
        "notes": "incline: down",
        "step_count": null,
        "handrail": "yes",
        "surface": "concrete",
        "span_mapped": false
      }
    },
    {
      "type": "Feature",
      "geometry": {
        "type": "LineString",
        "coordinates": [
          [
            -80.4276714,
            37.2301032
          ],
          [
            -80.4277167,
            37.2301407
          ]
        ]
      },
      "properties": {
        "barrier_id": "OSM-STEPS-1367938047",
        "name": "Stairs (OpenStreetMap)",
        "barrier_type": "stairs",
        "confidence": "community_report",
        "source": "OpenStreetMap way 1367938047, fetched 2026-09-19 via api.openstreetmap.org",
        "notes": "8 steps (OSM-reported); incline: up",
        "step_count": "8",
        "handrail": "yes",
        "surface": "concrete",
        "span_mapped": false
      }
    },
    {
      "type": "Feature",
      "geometry": {
        "type": "LineString",
        "coordinates": [
          [
            -80.4260334,
            37.2291978
          ],
          [
            -80.426004,
            37.2292247
          ]
        ]
      },
      "properties": {
        "barrier_id": "OSM-STEPS-1367938055",
        "name": "Stairs (OpenStreetMap)",
        "barrier_type": "stairs",
        "confidence": "community_report",
        "source": "OpenStreetMap way 1367938055, fetched 2026-09-19 via api.openstreetmap.org",
        "notes": "incline: up",
        "step_count": null,
        "handrail": "yes",
        "surface": "concrete",
        "span_mapped": false
      }
    },
    {
      "type": "Feature",
      "geometry": {
        "type": "LineString",
        "coordinates": [
          [
            -80.4253779,
            37.2301554
          ],
          [
            -80.4254117,
            37.2301287
          ]
        ]
      },
      "properties": {
        "barrier_id": "OSM-STEPS-1367952986",
        "name": "Stairs (OpenStreetMap)",
        "barrier_type": "stairs",
        "confidence": "community_report",
        "source": "OpenStreetMap way 1367952986, fetched 2026-09-19 via api.openstreetmap.org",
        "notes": "OpenStreetMap-tagged staircase; no further detail recorded.",
        "step_count": null,
        "handrail": null,
        "surface": "concrete",
        "span_mapped": false
      }
    },
    {
      "type": "Feature",
      "geometry": {
        "type": "LineString",
        "coordinates": [
          [
            -80.4260806,
            37.2304122
          ],
          [
            -80.4260796,
            37.2304683
          ]
        ]
      },
      "properties": {
        "barrier_id": "OSM-STEPS-1373935263",
        "name": "Stairs (OpenStreetMap)",
        "barrier_type": "stairs",
        "confidence": "community_report",
        "source": "OpenStreetMap way 1373935263, fetched 2026-09-19 via api.openstreetmap.org",
        "notes": "4 steps (OSM-reported); incline: up",
        "step_count": "4",
        "handrail": "yes",
        "surface": "concrete",
        "span_mapped": false
      }
    },
    {
      "type": "Feature",
      "geometry": {
        "type": "LineString",
        "coordinates": [
          [
            -80.4255886,
            37.2308409
          ],
          [
            -80.4256538,
            37.2308505
          ]
        ]
      },
      "properties": {
        "barrier_id": "OSM-STEPS-1373935265",
        "name": "Stairs (OpenStreetMap)",
        "barrier_type": "stairs",
        "confidence": "community_report",
        "source": "OpenStreetMap way 1373935265, fetched 2026-09-19 via api.openstreetmap.org",
        "notes": "3 steps (OSM-reported); incline: up",
        "step_count": "3",
        "handrail": "yes",
        "surface": "concrete",
        "span_mapped": false
      }
    },
    {
      "type": "Feature",
      "geometry": {
        "type": "LineString",
        "coordinates": [
          [
            -80.4255374,
            37.2308663
          ],
          [
            -80.4255458,
            37.2308407
          ]
        ]
      },
      "properties": {
        "barrier_id": "OSM-STEPS-1373935266",
        "name": "Stairs (OpenStreetMap)",
        "barrier_type": "stairs",
        "confidence": "community_report",
        "source": "OpenStreetMap way 1373935266, fetched 2026-09-19 via api.openstreetmap.org",
        "notes": "2 steps (OSM-reported); incline: up",
        "step_count": "2",
        "handrail": "yes",
        "surface": "concrete",
        "span_mapped": false
      }
    },
    {
      "type": "Feature",
      "geometry": {
        "type": "LineString",
        "coordinates": [
          [
            -80.4254231,
            37.2308335
          ],
          [
            -80.4254654,
            37.2308356
          ],
          [
            -80.4255458,
            37.2308407
          ]
        ]
      },
      "properties": {
        "barrier_id": "OSM-STEPS-1373935267",
        "name": "Stairs (OpenStreetMap)",
        "barrier_type": "stairs",
        "confidence": "community_report",
        "source": "OpenStreetMap way 1373935267, fetched 2026-09-19 via api.openstreetmap.org",
        "notes": "incline: up",
        "step_count": null,
        "handrail": "yes",
        "surface": "concrete",
        "span_mapped": false
      }
    },
    {
      "type": "Feature",
      "geometry": {
        "type": "LineString",
        "coordinates": [
          [
            -80.4256982,
            37.2305469
          ],
          [
            -80.4257821,
            37.2306172
          ]
        ]
      },
      "properties": {
        "barrier_id": "OSM-STEPS-1373935287",
        "name": "Stairs (OpenStreetMap)",
        "barrier_type": "stairs",
        "confidence": "community_report",
        "source": "OpenStreetMap way 1373935287, fetched 2026-09-19 via api.openstreetmap.org",
        "notes": "10 steps (OSM-reported); incline: up",
        "step_count": "10",
        "handrail": "yes",
        "surface": "concrete",
        "span_mapped": false
      }
    },
    {
      "type": "Feature",
      "geometry": {
        "type": "LineString",
        "coordinates": [
          [
            -80.418231,
            37.2306054
          ],
          [
            -80.4182196,
            37.2305937
          ]
        ]
      },
      "properties": {
        "barrier_id": "OSM-STEPS-1383085147",
        "name": "Stairs (OpenStreetMap)",
        "barrier_type": "stairs",
        "confidence": "community_report",
        "source": "OpenStreetMap way 1383085147, fetched 2026-09-19 via api.openstreetmap.org",
        "notes": "4 steps (OSM-reported); incline: down",
        "step_count": "4",
        "handrail": "yes",
        "surface": "concrete",
        "span_mapped": false
      }
    },
    {
      "type": "Feature",
      "geometry": {
        "type": "LineString",
        "coordinates": [
          [
            -80.4182024,
            37.2305761
          ],
          [
            -80.4181853,
            37.2305586
          ]
        ]
      },
      "properties": {
        "barrier_id": "OSM-STEPS-1383085149",
        "name": "Stairs (OpenStreetMap)",
        "barrier_type": "stairs",
        "confidence": "community_report",
        "source": "OpenStreetMap way 1383085149, fetched 2026-09-19 via api.openstreetmap.org",
        "notes": "5 steps (OSM-reported); incline: down",
        "step_count": "5",
        "handrail": "yes",
        "surface": "concrete",
        "span_mapped": false
      }
    },
    {
      "type": "Feature",
      "geometry": {
        "type": "LineString",
        "coordinates": [
          [
            -80.4181668,
            37.2305397
          ],
          [
            -80.4181509,
            37.2305234
          ]
        ]
      },
      "properties": {
        "barrier_id": "OSM-STEPS-1383085151",
        "name": "Stairs (OpenStreetMap)",
        "barrier_type": "stairs",
        "confidence": "community_report",
        "source": "OpenStreetMap way 1383085151, fetched 2026-09-19 via api.openstreetmap.org",
        "notes": "5 steps (OSM-reported); incline: down",
        "step_count": "5",
        "handrail": "yes",
        "surface": "concrete",
        "span_mapped": false
      }
    },
    {
      "type": "Feature",
      "geometry": {
        "type": "LineString",
        "coordinates": [
          [
            -80.4249837,
            37.2284027
          ],
          [
            -80.4249884,
            37.2284064
          ]
        ]
      },
      "properties": {
        "barrier_id": "OSM-STEPS-1395891686",
        "name": "Stairs (OpenStreetMap)",
        "barrier_type": "stairs",
        "confidence": "community_report",
        "source": "OpenStreetMap way 1395891686, fetched 2026-09-19 via api.openstreetmap.org",
        "notes": "13 steps (OSM-reported); incline: down",
        "step_count": "13",
        "handrail": "yes",
        "surface": "concrete",
        "span_mapped": false
      }
    },
    {
      "type": "Feature",
      "geometry": {
        "type": "LineString",
        "coordinates": [
          [
            -80.424053,
            37.2226125
          ],
          [
            -80.4238722,
            37.2226666
          ]
        ]
      },
      "properties": {
        "barrier_id": "OSM-STEPS-1395891695",
        "name": "Stairs (OpenStreetMap)",
        "barrier_type": "stairs",
        "confidence": "community_report",
        "source": "OpenStreetMap way 1395891695, fetched 2026-09-19 via api.openstreetmap.org",
        "notes": "OpenStreetMap-tagged staircase; no further detail recorded.",
        "step_count": null,
        "handrail": "yes",
        "surface": "concrete",
        "span_mapped": false
      }
    },
    {
      "type": "Feature",
      "geometry": {
        "type": "LineString",
        "coordinates": [
          [
            -80.4203814,
            37.2307345
          ],
          [
            -80.4206154,
            37.2305744
          ]
        ]
      },
      "properties": {
        "barrier_id": "OSM-STEPS-1408178213",
        "name": "Stairs (OpenStreetMap)",
        "barrier_type": "stairs",
        "confidence": "community_report",
        "source": "OpenStreetMap way 1408178213, fetched 2026-09-19 via api.openstreetmap.org",
        "notes": "20 steps (OSM-reported); incline: down",
        "step_count": "20",
        "handrail": "yes",
        "surface": "concrete",
        "span_mapped": false
      }
    },
    {
      "type": "Feature",
      "geometry": {
        "type": "LineString",
        "coordinates": [
          [
            -80.420986,
            37.2310086
          ],
          [
            -80.4210254,
            37.2310526
          ]
        ]
      },
      "properties": {
        "barrier_id": "OSM-STEPS-1408189914",
        "name": "Stairs (OpenStreetMap)",
        "barrier_type": "stairs",
        "confidence": "community_report",
        "source": "OpenStreetMap way 1408189914, fetched 2026-09-19 via api.openstreetmap.org",
        "notes": "incline: up",
        "step_count": null,
        "handrail": "yes",
        "surface": "concrete",
        "span_mapped": false
      }
    },
    {
      "type": "Feature",
      "geometry": {
        "type": "LineString",
        "coordinates": [
          [
            -80.4168024,
            37.2271345
          ],
          [
            -80.416693,
            37.2272247
          ]
        ]
      },
      "properties": {
        "barrier_id": "OSM-STEPS-1408934673",
        "name": "Stairs (OpenStreetMap)",
        "barrier_type": "stairs",
        "confidence": "community_report",
        "source": "OpenStreetMap way 1408934673, fetched 2026-09-19 via api.openstreetmap.org",
        "notes": "18 steps (OSM-reported); incline: up; has an adjoining ramp per OSM",
        "step_count": "18",
        "handrail": "yes",
        "surface": "concrete",
        "span_mapped": false
      }
    },
    {
      "type": "Feature",
      "geometry": {
        "type": "LineString",
        "coordinates": [
          [
            -80.4216492,
            37.2298057
          ],
          [
            -80.4218835,
            37.2299663
          ]
        ]
      },
      "properties": {
        "barrier_id": "OSM-STEPS-1533712992",
        "name": "Stairs (OpenStreetMap)",
        "barrier_type": "stairs",
        "confidence": "community_report",
        "source": "OpenStreetMap way 1533712992, fetched 2026-09-19 via api.openstreetmap.org",
        "notes": "incline: up",
        "step_count": null,
        "handrail": "yes",
        "surface": "concrete",
        "span_mapped": false
      }
    },
    {
      "type": "Feature",
      "geometry": {
        "type": "LineString",
        "coordinates": [
          [
            -80.4273288,
            37.2320577
          ],
          [
            -80.4273261,
            37.2320844
          ]
        ]
      },
      "properties": {
        "barrier_id": "OSM-STEPS-1536070348",
        "name": "Stairs (OpenStreetMap)",
        "barrier_type": "stairs",
        "confidence": "community_report",
        "source": "OpenStreetMap way 1536070348, fetched 2026-09-19 via api.openstreetmap.org",
        "notes": "OpenStreetMap-tagged staircase; no further detail recorded.",
        "step_count": null,
        "handrail": "yes",
        "surface": "concrete",
        "span_mapped": false
      }
    },
    {
      "type": "Feature",
      "geometry": {
        "type": "LineString",
        "coordinates": [
          [
            -80.4263153,
            37.2321741
          ],
          [
            -80.4262844,
            37.2321978
          ]
        ]
      },
      "properties": {
        "barrier_id": "OSM-STEPS-1543115061",
        "name": "Stairs (OpenStreetMap)",
        "barrier_type": "stairs",
        "confidence": "community_report",
        "source": "OpenStreetMap way 1543115061, fetched 2026-09-19 via api.openstreetmap.org",
        "notes": "OpenStreetMap-tagged staircase; no further detail recorded.",
        "step_count": null,
        "handrail": null,
        "surface": null,
        "span_mapped": false
      }
    },
    {
      "type": "Feature",
      "geometry": {
        "type": "LineString",
        "coordinates": [
          [
            -80.4179995,
            37.2250287
          ],
          [
            -80.4179941,
            37.2250174
          ]
        ]
      },
      "properties": {
        "barrier_id": "OSM-STEPS-1553533589",
        "name": "Stairs (OpenStreetMap)",
        "barrier_type": "stairs",
        "confidence": "community_report",
        "source": "OpenStreetMap way 1553533589, fetched 2026-09-19 via api.openstreetmap.org",
        "notes": "OpenStreetMap-tagged staircase; no further detail recorded.",
        "step_count": null,
        "handrail": null,
        "surface": "concrete",
        "span_mapped": false
      }
    },
    {
      "type": "Feature",
      "geometry": {
        "type": "LineString",
        "coordinates": [
          [
            -80.4176908,
            37.2248466
          ],
          [
            -80.417704,
            37.2248295
          ]
        ]
      },
      "properties": {
        "barrier_id": "OSM-STEPS-1553533590",
        "name": "Stairs (OpenStreetMap)",
        "barrier_type": "stairs",
        "confidence": "community_report",
        "source": "OpenStreetMap way 1553533590, fetched 2026-09-19 via api.openstreetmap.org",
        "notes": "OpenStreetMap-tagged staircase; no further detail recorded.",
        "step_count": null,
        "handrail": null,
        "surface": "concrete",
        "span_mapped": false
      }
    },
    {
      "type": "Feature",
      "geometry": {
        "type": "LineString",
        "coordinates": [
          [
            -80.4206841,
            37.2243087
          ],
          [
            -80.4206621,
            37.2243005
          ]
        ]
      },
      "properties": {
        "barrier_id": "OSM-STEPS-1553533601",
        "name": "Stairs (OpenStreetMap)",
        "barrier_type": "stairs",
        "confidence": "community_report",
        "source": "OpenStreetMap way 1553533601, fetched 2026-09-19 via api.openstreetmap.org",
        "notes": "OpenStreetMap-tagged staircase; no further detail recorded.",
        "step_count": null,
        "handrail": null,
        "surface": null,
        "span_mapped": false
      }
    },
    {
      "type": "Feature",
      "geometry": {
        "type": "LineString",
        "coordinates": [
          [
            -80.4205447,
            37.2289408
          ],
          [
            -80.4204711,
            37.2289739
          ]
        ]
      },
      "properties": {
        "barrier_id": "OSM-STEPS-1554370603",
        "name": "Stairs (OpenStreetMap)",
        "barrier_type": "stairs",
        "confidence": "community_report",
        "source": "OpenStreetMap way 1554370603, fetched 2026-09-19 via api.openstreetmap.org",
        "notes": "33 steps (OSM-reported); incline: up",
        "step_count": "33",
        "handrail": "yes",
        "surface": "concrete",
        "span_mapped": false
      }
    },
    {
      "type": "Feature",
      "geometry": {
        "type": "LineString",
        "coordinates": [
          [
            -80.4213392,
            37.226197
          ],
          [
            -80.4213215,
            37.2261765
          ]
        ]
      },
      "properties": {
        "barrier_id": "OSM-STEPS-1554370621",
        "name": "Stairs (OpenStreetMap)",
        "barrier_type": "stairs",
        "confidence": "community_report",
        "source": "OpenStreetMap way 1554370621, fetched 2026-09-19 via api.openstreetmap.org",
        "notes": "incline: up",
        "step_count": null,
        "handrail": null,
        "surface": "concrete",
        "span_mapped": false
      }
    },
    {
      "type": "Feature",
      "geometry": {
        "type": "LineString",
        "coordinates": [
          [
            -80.4213003,
            37.2261506
          ],
          [
            -80.421288,
            37.2261366
          ]
        ]
      },
      "properties": {
        "barrier_id": "OSM-STEPS-1554370622",
        "name": "Stairs (OpenStreetMap)",
        "barrier_type": "stairs",
        "confidence": "community_report",
        "source": "OpenStreetMap way 1554370622, fetched 2026-09-19 via api.openstreetmap.org",
        "notes": "incline: up",
        "step_count": null,
        "handrail": null,
        "surface": "concrete",
        "span_mapped": false
      }
    },
    {
      "type": "Feature",
      "geometry": {
        "type": "LineString",
        "coordinates": [
          [
            -80.4218093,
            37.2263424
          ],
          [
            -80.4218146,
            37.2263488
          ]
        ]
      },
      "properties": {
        "barrier_id": "OSM-STEPS-1554370627",
        "name": "Stairs (OpenStreetMap)",
        "barrier_type": "stairs",
        "confidence": "community_report",
        "source": "OpenStreetMap way 1554370627, fetched 2026-09-19 via api.openstreetmap.org",
        "notes": "OpenStreetMap-tagged staircase; no further detail recorded.",
        "step_count": null,
        "handrail": null,
        "surface": "concrete",
        "span_mapped": false
      }
    },
    {
      "type": "Feature",
      "geometry": {
        "type": "LineString",
        "coordinates": [
          [
            -80.421582,
            37.2261692
          ],
          [
            -80.4216013,
            37.2261741
          ]
        ]
      },
      "properties": {
        "barrier_id": "OSM-STEPS-1554370629",
        "name": "Stairs (OpenStreetMap)",
        "barrier_type": "stairs",
        "confidence": "community_report",
        "source": "OpenStreetMap way 1554370629, fetched 2026-09-19 via api.openstreetmap.org",
        "notes": "OpenStreetMap-tagged staircase; no further detail recorded.",
        "step_count": null,
        "handrail": null,
        "surface": "concrete",
        "span_mapped": false
      }
    }
  ]
}
