{"type":"FeatureCollection","features":[{"type":"Feature","geometry":{"type":"Point","coordinates":[-80.43824016076879,37.22400799787496]},"properties":{"entrance_id":"APPROACH-OSM-VT-GAZEBO","node_id":"N-APPROACH-OSM-VT-GAZEBO","building_id":"VT-GAZEBO","entrance_name":"Nearby sidewalk (OSM) \u2014 door not mapped","node_role":"approach","geometry_precision":"nearest_mapped_sidewalk","accessibility_status":"unknown","operational_status":"unknown","confidence":"inferred","source":"OpenStreetMap footway geometry; nearest approach, not a surveyed entrance","building_offset_m":12.3}},{"type":"Feature","geometry":{"type":"Point","coordinates":[-80.4305932,37.2242922]},"properties":{"entrance_id":"APPROACH-OSM-VT-NEW-PUMP-HOUSE-AT-DUCK-POND","node_id":"N-APPROACH-OSM-VT-NEW-PUMP-HOUSE-AT-DUCK-POND","building_id":"VT-NEW-PUMP-HOUSE-AT-DUCK-POND","entrance_name":"Nearby sidewalk (OSM) \u2014 door not mapped","node_role":"approach","geometry_precision":"nearest_mapped_sidewalk","accessibility_status":"unknown","operational_status":"unknown","confidence":"inferred","source":"OpenStreetMap footway geometry; nearest approach, not a surveyed entrance","building_offset_m":46.5}},{"type":"Feature","geometry":{"type":"Point","coordinates":[-80.4394859174066,37.22754685135617]},"properties":{"entrance_id":"APPROACH-OSM-VT-OAK-LANE-GAZEBO","node_id":"N-APPROACH-OSM-VT-OAK-LANE-GAZEBO","building_id":"VT-OAK-LANE-GAZEBO","entrance_name":"Nearby sidewalk (OSM) \u2014 door not mapped","node_role":"approach","geometry_precision":"nearest_mapped_sidewalk","accessibility_status":"unknown","operational_status":"unknown","confidence":"inferred","source":"OpenStreetMap footway geometry; nearest approach, not a surveyed entrance","building_offset_m":50.2}},{"type":"Feature","geometry":{"type":"Point","coordinates":[-80.42134467365743,37.217053900026706]},"properties":{"entrance_id":"APPROACH-OSM-VT-ATHLETICS-STORAGE","node_id":"N-APPROACH-OSM-VT-ATHLETICS-STORAGE","building_id":"VT-ATHLETICS-STORAGE","entrance_name":"Nearby sidewalk (OSM) \u2014 door not mapped","node_role":"approach","geometry_precision":"nearest_mapped_sidewalk","accessibility_status":"unknown","operational_status":"unknown","confidence":"inferred","source":"OpenStreetMap footway geometry; nearest approach, not a surveyed entrance","building_offset_m":17.9}},{"type":"Feature","geometry":{"type":"Point","coordinates":[-80.41995354762115,37.23030636631213]},"properties":{"entrance_id":"APPROACH-OSM-VT-PEARSON-HALL-WEST","node_id":"N-APPROACH-OSM-VT-PEARSON-HALL-WEST","building_id":"VT-PEARSON-HALL-WEST","entrance_name":"Nearby sidewalk (OSM) \u2014 door not mapped","node_role":"approach","geometry_precision":"nearest_mapped_sidewalk","accessibility_status":"unknown","operational_status":"unknown","confidence":"inferred","source":"OpenStreetMap footway geometry; nearest approach, not a surveyed entrance","building_offset_m":2.4}},{"type":"Feature","geometry":{"type":"Point","coordinates":[-80.426266,37.2246046]},"properties":{"entrance_id":"APPROACH-OSM-VT-THE-GROVE-CARRIAGE-HOUSE","node_id":"N-APPROACH-OSM-VT-THE-GROVE-CARRIAGE-HOUSE","building_id":"VT-THE-GROVE-CARRIAGE-HOUSE","entrance_name":"Nearby sidewalk (OSM) \u2014 door not mapped","node_role":"approach","geometry_precision":"nearest_mapped_sidewalk","accessibility_status":"unknown","operational_status":"unknown","confidence":"inferred","source":"OpenStreetMap footway geometry; nearest approach, not a surveyed entrance","building_offset_m":73.8}},{"type":"Feature","geometry":{"type":"Point","coordinates":[-80.4371123,37.2302355]},"properties":{"entrance_id":"APPROACH-OSM-VT-COOLING-TOWER","node_id":"N-APPROACH-OSM-VT-COOLING-TOWER","building_id":"VT-COOLING-TOWER","entrance_name":"Nearby sidewalk (OSM) \u2014 door not mapped","node_role":"approach","geometry_precision":"nearest_mapped_sidewalk","accessibility_status":"unknown","operational_status":"unknown","confidence":"inferred","source":"OpenStreetMap footway geometry; nearest approach, not a surveyed entrance","building_offset_m":73.7}},{"type":"Feature","geometry":{"type":"Point","coordinates":[-80.43650619597668,37.23049562488723]},"properties":{"entrance_id":"APPROACH-OSM-VT-LOADING-CHUTE","node_id":"N-APPROACH-OSM-VT-LOADING-CHUTE","building_id":"VT-LOADING-CHUTE","entrance_name":"Nearby sidewalk (OSM) \u2014 door not mapped","node_role":"approach","geometry_precision":"nearest_mapped_sidewalk","accessibility_status":"unknown","operational_status":"unknown","confidence":"inferred","source":"OpenStreetMap footway geometry; nearest approach, not a surveyed entrance","building_offset_m":84.7}},{"type":"Feature","geometry":{"type":"Point","coordinates":[-80.43530086343138,37.231233990025615]},"properties":{"entrance_id":"APPROACH-OSM-VT-FUEL-STORAGE","node_id":"N-APPROACH-OSM-VT-FUEL-STORAGE","building_id":"VT-FUEL-STORAGE","entrance_name":"Nearby sidewalk (OSM) \u2014 door not mapped","node_role":"approach","geometry_precision":"nearest_mapped_sidewalk","accessibility_status":"unknown","operational_status":"unknown","confidence":"inferred","source":"OpenStreetMap footway geometry; nearest approach, not a surveyed entrance","building_offset_m":50.1}},{"type":"Feature","geometry":{"type":"Point","coordinates":[-80.43553872409616,37.23109169209802]},"properties":{"entrance_id":"APPROACH-OSM-VT-PLANT-PATHOLOGY-GREENHOUSES","node_id":"N-APPROACH-OSM-VT-PLANT-PATHOLOGY-GREENHOUSES","building_id":"VT-PLANT-PATHOLOGY-GREENHOUSES","entrance_name":"Nearby sidewalk (OSM) \u2014 door not mapped","node_role":"approach","geometry_precision":"nearest_mapped_sidewalk","accessibility_status":"unknown","operational_status":"unknown","confidence":"inferred","source":"OpenStreetMap footway geometry; nearest approach, not a surveyed entrance","building_offset_m":80.0}},{"type":"Feature","geometry":{"type":"Point","coordinates":[-80.42052890329528,37.2321322109978]},"properties":{"entrance_id":"APPROACH-OSM-VT-NUMBER-11-BAGHOUSE","node_id":"N-APPROACH-OSM-VT-NUMBER-11-BAGHOUSE","building_id":"VT-NUMBER-11-BAGHOUSE","entrance_name":"Nearby sidewalk (OSM) \u2014 door not mapped","node_role":"approach","geometry_precision":"nearest_mapped_sidewalk","accessibility_status":"unknown","operational_status":"unknown","confidence":"inferred","source":"OpenStreetMap footway geometry; nearest approach, not a surveyed entrance","building_offset_m":9.8}},{"type":"Feature","geometry":{"type":"Point","coordinates":[-80.4139628,37.2136718]},"properties":{"entrance_id":"APPROACH-OSM-VT-REC-FIELDS-STORAGE","node_id":"N-APPROACH-OSM-VT-REC-FIELDS-STORAGE","building_id":"VT-REC-FIELDS-STORAGE","entrance_name":"Nearby sidewalk (OSM) \u2014 door not mapped","node_role":"approach","geometry_precision":"nearest_mapped_sidewalk","accessibility_status":"unknown","operational_status":"unknown","confidence":"inferred","source":"OpenStreetMap footway geometry; nearest approach, not a surveyed entrance","building_offset_m":94.2}},{"type":"Feature","geometry":{"type":"Point","coordinates":[-80.4181307,37.2137862]},"properties":{"entrance_id":"APPROACH-OSM-VT-RESIDENCE-STORAGE-FOR-BUILDING-0315","node_id":"N-APPROACH-OSM-VT-RESIDENCE-STORAGE-FOR-BUILDING-0315","building_id":"VT-RESIDENCE-STORAGE-FOR-BUILDING-0315","entrance_name":"Nearby sidewalk (OSM) \u2014 door not mapped","node_role":"approach","geometry_precision":"nearest_mapped_sidewalk","accessibility_status":"unknown","operational_status":"unknown","confidence":"inferred","source":"OpenStreetMap footway geometry; nearest approach, not a surveyed entrance","building_offset_m":33.0}},{"type":"Feature","geometry":{"type":"Point","coordinates":[-80.4185066,37.2151389]},"properties":{"entrance_id":"APPROACH-OSM-VT-HEALTH-SAFETY-STORAGE-A","node_id":"N-APPROACH-OSM-VT-HEALTH-SAFETY-STORAGE-A","building_id":"VT-HEALTH-SAFETY-STORAGE-A","entrance_name":"Nearby sidewalk (OSM) \u2014 door not mapped","node_role":"approach","geometry_precision":"nearest_mapped_sidewalk","accessibility_status":"unknown","operational_status":"unknown","confidence":"inferred","source":"OpenStreetMap footway geometry; nearest approach, not a surveyed entrance","building_offset_m":52.1}},{"type":"Feature","geometry":{"type":"Point","coordinates":[-80.41854567066859,37.215479193912266]},"properties":{"entrance_id":"APPROACH-OSM-VT-ORANGE-HOUSE-STORAGE-SHED","node_id":"N-APPROACH-OSM-VT-ORANGE-HOUSE-STORAGE-SHED","building_id":"VT-ORANGE-HOUSE-STORAGE-SHED","entrance_name":"Nearby sidewalk (OSM) \u2014 door not mapped","node_role":"approach","geometry_precision":"nearest_mapped_sidewalk","accessibility_status":"unknown","operational_status":"unknown","confidence":"inferred","source":"OpenStreetMap footway geometry; nearest approach, not a surveyed entrance","building_offset_m":38.6}},{"type":"Feature","geometry":{"type":"Point","coordinates":[-80.42907591977175,37.216571843310376]},"properties":{"entrance_id":"APPROACH-OSM-VT-VET-MED-TRAILER-STORAGE","node_id":"N-APPROACH-OSM-VT-VET-MED-TRAILER-STORAGE","building_id":"VT-VET-MED-TRAILER-STORAGE","entrance_name":"Nearby sidewalk (OSM) \u2014 door not mapped","node_role":"approach","geometry_precision":"nearest_mapped_sidewalk","accessibility_status":"unknown","operational_status":"unknown","confidence":"inferred","source":"OpenStreetMap footway geometry; nearest approach, not a surveyed entrance","building_offset_m":72.1}},{"type":"Feature","geometry":{"type":"Point","coordinates":[-80.4288647719999,37.21658556871353]},"properties":{"entrance_id":"APPROACH-OSM-VT-VET-MED-STORAGE","node_id":"N-APPROACH-OSM-VT-VET-MED-STORAGE","building_id":"VT-VET-MED-STORAGE","entrance_name":"Nearby sidewalk (OSM) \u2014 door not mapped","node_role":"approach","geometry_precision":"nearest_mapped_sidewalk","accessibility_status":"unknown","operational_status":"unknown","confidence":"inferred","source":"OpenStreetMap footway geometry; nearest approach, not a surveyed entrance","building_offset_m":93.6}},{"type":"Feature","geometry":{"type":"Point","coordinates":[-80.4240487,37.2186141]},"properties":{"entrance_id":"APPROACH-OSM-VT-FIRST-BASE-BASEBALL-DUGOUT-AT-ENGLISH-FI","node_id":"N-APPROACH-OSM-VT-FIRST-BASE-BASEBALL-DUGOUT-AT-ENGLISH-FI","building_id":"VT-FIRST-BASE-BASEBALL-DUGOUT-AT-ENGLISH-FI","entrance_name":"Nearby sidewalk (OSM) \u2014 door not mapped","node_role":"approach","geometry_precision":"nearest_mapped_sidewalk","accessibility_status":"unknown","operational_status":"unknown","confidence":"inferred","source":"OpenStreetMap footway geometry; nearest approach, not a surveyed entrance","building_offset_m":59.3}},{"type":"Feature","geometry":{"type":"Point","coordinates":[-80.42364488462098,37.21862903154972]},"properties":{"entrance_id":"APPROACH-OSM-VT-THIRD-BASE-BASEBALL-DUGOUT-AT-ENGLISH-FI","node_id":"N-APPROACH-OSM-VT-THIRD-BASE-BASEBALL-DUGOUT-AT-ENGLISH-FI","building_id":"VT-THIRD-BASE-BASEBALL-DUGOUT-AT-ENGLISH-FI","entrance_name":"Nearby sidewalk (OSM) \u2014 door not mapped","node_role":"approach","geometry_precision":"nearest_mapped_sidewalk","accessibility_status":"unknown","operational_status":"unknown","confidence":"inferred","source":"OpenStreetMap footway geometry; nearest approach, not a surveyed entrance","building_offset_m":19.2}},{"type":"Feature","geometry":{"type":"Point","coordinates":[-80.44074527180743,37.231096225146]},"properties":{"entrance_id":"APPROACH-OSM-VT-CINDER-BLOCK-CHICKEN-HOUSE","node_id":"N-APPROACH-OSM-VT-CINDER-BLOCK-CHICKEN-HOUSE","building_id":"VT-CINDER-BLOCK-CHICKEN-HOUSE","entrance_name":"Nearby sidewalk (OSM) \u2014 door not mapped","node_role":"approach","geometry_precision":"nearest_mapped_sidewalk","accessibility_status":"unknown","operational_status":"unknown","confidence":"inferred","source":"OpenStreetMap footway geometry; nearest approach, not a surveyed entrance","building_offset_m":75.4}},{"type":"Feature","geometry":{"type":"Point","coordinates":[-80.4240487,37.2186141]},"properties":{"entrance_id":"APPROACH-OSM-VT-BASEBALL-STADIUM-AT-ENGLISH-FIELD","node_id":"N-APPROACH-OSM-VT-BASEBALL-STADIUM-AT-ENGLISH-FIELD","building_id":"VT-BASEBALL-STADIUM-AT-ENGLISH-FIELD","entrance_name":"Nearby sidewalk (OSM) \u2014 door not mapped","node_role":"approach","geometry_precision":"nearest_mapped_sidewalk","accessibility_status":"unknown","operational_status":"unknown","confidence":"inferred","source":"OpenStreetMap footway geometry; nearest approach, not a surveyed entrance","building_offset_m":33.4}},{"type":"Feature","geometry":{"type":"Point","coordinates":[-80.4212185,37.2195206]},"properties":{"entrance_id":"APPROACH-OSM-VT-STORAGE","node_id":"N-APPROACH-OSM-VT-STORAGE","building_id":"VT-STORAGE","entrance_name":"Nearby sidewalk (OSM) \u2014 door not mapped","node_role":"approach","geometry_precision":"nearest_mapped_sidewalk","accessibility_status":"unknown","operational_status":"unknown","confidence":"inferred","source":"OpenStreetMap footway geometry; nearest approach, not a surveyed entrance","building_offset_m":8.2}},{"type":"Feature","geometry":{"type":"Point","coordinates":[-80.4187759,37.220996]},"properties":{"entrance_id":"APPROACH-OSM-VT-LANE-STADIUM-SCOREBOARD","node_id":"N-APPROACH-OSM-VT-LANE-STADIUM-SCOREBOARD","building_id":"VT-LANE-STADIUM-SCOREBOARD","entrance_name":"Nearby sidewalk (OSM) \u2014 door not mapped","node_role":"approach","geometry_precision":"nearest_mapped_sidewalk","accessibility_status":"unknown","operational_status":"unknown","confidence":"inferred","source":"OpenStreetMap footway geometry; nearest approach, not a surveyed entrance","building_offset_m":58.1}},{"type":"Feature","geometry":{"type":"Point","coordinates":[-80.421228,37.21966213]},"properties":{"entrance_id":"APPROACH-OSM-VT-SOCCER-RESTROOMS","node_id":"N-APPROACH-OSM-VT-SOCCER-RESTROOMS","building_id":"VT-SOCCER-RESTROOMS","entrance_name":"Nearby sidewalk (OSM) \u2014 door not mapped","node_role":"approach","geometry_precision":"nearest_mapped_sidewalk","accessibility_status":"unknown","operational_status":"unknown","confidence":"inferred","source":"OpenStreetMap footway geometry; nearest approach, not a surveyed entrance","building_offset_m":7.3}},{"type":"Feature","geometry":{"type":"Point","coordinates":[-80.4223327,37.2199775]},"properties":{"entrance_id":"APPROACH-OSM-VT-SOCCER-DUGOUT","node_id":"N-APPROACH-OSM-VT-SOCCER-DUGOUT","building_id":"VT-SOCCER-DUGOUT","entrance_name":"Nearby sidewalk (OSM) \u2014 door not mapped","node_role":"approach","geometry_precision":"nearest_mapped_sidewalk","accessibility_status":"unknown","operational_status":"unknown","confidence":"inferred","source":"OpenStreetMap footway geometry; nearest approach, not a surveyed entrance","building_offset_m":14.6}},{"type":"Feature","geometry":{"type":"Point","coordinates":[-80.4298677,37.22545]},"properties":{"entrance_id":"APPROACH-OSM-VT-DUCK-POND-GAZEBO","node_id":"N-APPROACH-OSM-VT-DUCK-POND-GAZEBO","building_id":"VT-DUCK-POND-GAZEBO","entrance_name":"Nearby sidewalk (OSM) \u2014 door not mapped","node_role":"approach","geometry_precision":"nearest_mapped_sidewalk","accessibility_status":"unknown","operational_status":"unknown","confidence":"inferred","source":"OpenStreetMap footway geometry; nearest approach, not a surveyed entrance","building_offset_m":92.1}},{"type":"Feature","geometry":{"type":"Point","coordinates":[-80.4266172,37.2249821]},"properties":{"entrance_id":"APPROACH-OSM-VT-DUCK-POND-BATHROOMS","node_id":"N-APPROACH-OSM-VT-DUCK-POND-BATHROOMS","building_id":"VT-DUCK-POND-BATHROOMS","entrance_name":"Nearby sidewalk (OSM) \u2014 door not mapped","node_role":"approach","geometry_precision":"nearest_mapped_sidewalk","accessibility_status":"unknown","operational_status":"unknown","confidence":"inferred","source":"OpenStreetMap footway geometry; nearest approach, not a surveyed entrance","building_offset_m":29.3}},{"type":"Feature","geometry":{"type":"Point","coordinates":[-80.4269271,37.2260667]},"properties":{"entrance_id":"APPROACH-OSM-VT-SPRING-HOUSE","node_id":"N-APPROACH-OSM-VT-SPRING-HOUSE","building_id":"VT-SPRING-HOUSE","entrance_name":"Nearby sidewalk (OSM) \u2014 door not mapped","node_role":"approach","geometry_precision":"nearest_mapped_sidewalk","accessibility_status":"unknown","operational_status":"unknown","confidence":"inferred","source":"OpenStreetMap footway geometry; nearest approach, not a surveyed entrance","building_offset_m":18.5}},{"type":"Feature","geometry":{"type":"Point","coordinates":[-80.439217,37.225663]},"properties":{"entrance_id":"APPROACH-OSM-VT-OAK-LANE-PICNIC-SHELTER","node_id":"N-APPROACH-OSM-VT-OAK-LANE-PICNIC-SHELTER","building_id":"VT-OAK-LANE-PICNIC-SHELTER","entrance_name":"Nearby sidewalk (OSM) \u2014 door not mapped","node_role":"approach","geometry_precision":"nearest_mapped_sidewalk","accessibility_status":"unknown","operational_status":"unknown","confidence":"inferred","source":"OpenStreetMap footway geometry; nearest approach, not a surveyed entrance","building_offset_m":21.2}},{"type":"Feature","geometry":{"type":"Point","coordinates":[-80.43785858927835,37.22633846126936]},"properties":{"entrance_id":"APPROACH-OSM-VT-LEONARD-BUILDING","node_id":"N-APPROACH-OSM-VT-LEONARD-BUILDING","building_id":"VT-LEONARD-BUILDING","entrance_name":"Nearby sidewalk (OSM) \u2014 door not mapped","node_role":"approach","geometry_precision":"nearest_mapped_sidewalk","accessibility_status":"unknown","operational_status":"unknown","confidence":"inferred","source":"OpenStreetMap footway geometry; nearest approach, not a surveyed entrance","building_offset_m":12.8}},{"type":"Feature","geometry":{"type":"Point","coordinates":[-80.4243025,37.2210503]},"properties":{"entrance_id":"APPROACH-OSM-VT-LIFE-SCIENCES-I-FACILITY","node_id":"N-APPROACH-OSM-VT-LIFE-SCIENCES-I-FACILITY","building_id":"VT-LIFE-SCIENCES-I-FACILITY","entrance_name":"Nearby sidewalk (OSM) \u2014 door not mapped","node_role":"approach","geometry_precision":"nearest_mapped_sidewalk","accessibility_status":"unknown","operational_status":"unknown","confidence":"inferred","source":"OpenStreetMap footway geometry; nearest approach, not a surveyed entrance","building_offset_m":30.9}},{"type":"Feature","geometry":{"type":"Point","coordinates":[-80.4226264,37.2215844]},"properties":{"entrance_id":"APPROACH-OSM-VT-SMITH-CAREER-CENTER","node_id":"N-APPROACH-OSM-VT-SMITH-CAREER-CENTER","building_id":"VT-SMITH-CAREER-CENTER","entrance_name":"Nearby sidewalk (OSM) \u2014 door not mapped","node_role":"approach","geometry_precision":"nearest_mapped_sidewalk","accessibility_status":"unknown","operational_status":"unknown","confidence":"inferred","source":"OpenStreetMap footway geometry; nearest approach, not a surveyed entrance","building_offset_m":6.0}},{"type":"Feature","geometry":{"type":"Point","coordinates":[-80.4242018,37.2217986]},"properties":{"entrance_id":"APPROACH-OSM-VT-LITTON-REAVES-HALL","node_id":"N-APPROACH-OSM-VT-LITTON-REAVES-HALL","building_id":"VT-LITTON-REAVES-HALL","entrance_name":"Nearby sidewalk (OSM) \u2014 door not mapped","node_role":"approach","geometry_precision":"nearest_mapped_sidewalk","accessibility_status":"unknown","operational_status":"unknown","confidence":"inferred","source":"OpenStreetMap footway geometry; nearest approach, not a surveyed entrance","building_offset_m":39.3}},{"type":"Feature","geometry":{"type":"Point","coordinates":[-80.41852827114185,37.22202819513908]},"properties":{"entrance_id":"APPROACH-OSM-VT-JAMERSON-ATHLETIC-CENTER","node_id":"N-APPROACH-OSM-VT-JAMERSON-ATHLETIC-CENTER","building_id":"VT-JAMERSON-ATHLETIC-CENTER","entrance_name":"Nearby sidewalk (OSM) \u2014 door not mapped","node_role":"approach","geometry_precision":"nearest_mapped_sidewalk","accessibility_status":"unknown","operational_status":"unknown","confidence":"inferred","source":"OpenStreetMap footway geometry; nearest approach, not a surveyed entrance","building_offset_m":12.6}},{"type":"Feature","geometry":{"type":"Point","coordinates":[-80.4174502,37.2224551]},"properties":{"entrance_id":"APPROACH-OSM-VT-BEAMER-LAWSON-INDOOR-PRACTICE-FACILITY","node_id":"N-APPROACH-OSM-VT-BEAMER-LAWSON-INDOOR-PRACTICE-FACILITY","building_id":"VT-BEAMER-LAWSON-INDOOR-PRACTICE-FACILITY","entrance_name":"Nearby sidewalk (OSM) \u2014 door not mapped","node_role":"approach","geometry_precision":"nearest_mapped_sidewalk","accessibility_status":"unknown","operational_status":"unknown","confidence":"inferred","source":"OpenStreetMap footway geometry; nearest approach, not a surveyed entrance","building_offset_m":63.2}},{"type":"Feature","geometry":{"type":"Point","coordinates":[-80.4226082515534,37.222235343157536]},"properties":{"entrance_id":"APPROACH-OSM-VT-NEW-HALL-WEST","node_id":"N-APPROACH-OSM-VT-NEW-HALL-WEST","building_id":"VT-NEW-HALL-WEST","entrance_name":"Nearby sidewalk (OSM) \u2014 door not mapped","node_role":"approach","geometry_precision":"nearest_mapped_sidewalk","accessibility_status":"unknown","operational_status":"unknown","confidence":"inferred","source":"OpenStreetMap footway geometry; nearest approach, not a surveyed entrance","building_offset_m":2.9}},{"type":"Feature","geometry":{"type":"Point","coordinates":[-80.41804580950686,37.22236310449594]},"properties":{"entrance_id":"APPROACH-OSM-VT-FOOTBALL-LOCKER-ROOM","node_id":"N-APPROACH-OSM-VT-FOOTBALL-LOCKER-ROOM","building_id":"VT-FOOTBALL-LOCKER-ROOM","entrance_name":"Nearby sidewalk (OSM) \u2014 door not mapped","node_role":"approach","geometry_precision":"nearest_mapped_sidewalk","accessibility_status":"unknown","operational_status":"unknown","confidence":"inferred","source":"OpenStreetMap footway geometry; nearest approach, not a surveyed entrance","building_offset_m":15.9}},{"type":"Feature","geometry":{"type":"Point","coordinates":[-80.4360989,37.2247596]},"properties":{"entrance_id":"APPROACH-OSM-VT-NATIONAL-PAN-HELLENIC-COUNCIL-HOUSE","node_id":"N-APPROACH-OSM-VT-NATIONAL-PAN-HELLENIC-COUNCIL-HOUSE","building_id":"VT-NATIONAL-PAN-HELLENIC-COUNCIL-HOUSE","entrance_name":"Nearby sidewalk (OSM) \u2014 door not mapped","node_role":"approach","geometry_precision":"nearest_mapped_sidewalk","accessibility_status":"unknown","operational_status":"unknown","confidence":"inferred","source":"OpenStreetMap footway geometry; nearest approach, not a surveyed entrance","building_offset_m":35.8}},{"type":"Feature","geometry":{"type":"Point","coordinates":[-80.41988748230317,37.227385539532584]},"properties":{"entrance_id":"APPROACH-OSM-VT-EGGLESTON-HALL-MAIN-WING","node_id":"N-APPROACH-OSM-VT-EGGLESTON-HALL-MAIN-WING","building_id":"VT-EGGLESTON-HALL-MAIN-WING","entrance_name":"Nearby sidewalk (OSM) \u2014 door not mapped","node_role":"approach","geometry_precision":"nearest_mapped_sidewalk","accessibility_status":"unknown","operational_status":"unknown","confidence":"inferred","source":"OpenStreetMap footway geometry; nearest approach, not a surveyed entrance","building_offset_m":16.8}},{"type":"Feature","geometry":{"type":"Point","coordinates":[-80.41920424872254,37.22566931876489]},"properties":{"entrance_id":"APPROACH-OSM-VT-NEW-RESIDENCE-HALL-EAST","node_id":"N-APPROACH-OSM-VT-NEW-RESIDENCE-HALL-EAST","building_id":"VT-NEW-RESIDENCE-HALL-EAST","entrance_name":"Nearby sidewalk (OSM) \u2014 door not mapped","node_role":"approach","geometry_precision":"nearest_mapped_sidewalk","accessibility_status":"unknown","operational_status":"unknown","confidence":"inferred","source":"OpenStreetMap footway geometry; nearest approach, not a surveyed entrance","building_offset_m":1.0}},{"type":"Feature","geometry":{"type":"Point","coordinates":[-80.42307025878529,37.22267411360081]},"properties":{"entrance_id":"APPROACH-OSM-VT-HARPER-HALL","node_id":"N-APPROACH-OSM-VT-HARPER-HALL","building_id":"VT-HARPER-HALL","entrance_name":"Nearby sidewalk (OSM) \u2014 door not mapped","node_role":"approach","geometry_precision":"nearest_mapped_sidewalk","accessibility_status":"unknown","operational_status":"unknown","confidence":"inferred","source":"OpenStreetMap footway geometry; nearest approach, not a surveyed entrance","building_offset_m":1.9}},{"type":"Feature","geometry":{"type":"Point","coordinates":[-80.4186484,37.2228025]},"properties":{"entrance_id":"APPROACH-OSM-VT-CASSELL-COLISEUM","node_id":"N-APPROACH-OSM-VT-CASSELL-COLISEUM","building_id":"VT-CASSELL-COLISEUM","entrance_name":"Nearby sidewalk (OSM) \u2014 door not mapped","node_role":"approach","geometry_precision":"nearest_mapped_sidewalk","accessibility_status":"unknown","operational_status":"unknown","confidence":"inferred","source":"OpenStreetMap footway geometry; nearest approach, not a surveyed entrance","building_offset_m":40.7}},{"type":"Feature","geometry":{"type":"Point","coordinates":[-80.4423744,37.2229866]},"properties":{"entrance_id":"APPROACH-OSM-VT-SHEEP-BARN","node_id":"N-APPROACH-OSM-VT-SHEEP-BARN","building_id":"VT-SHEEP-BARN","entrance_name":"Nearby sidewalk (OSM) \u2014 door not mapped","node_role":"approach","geometry_precision":"nearest_mapped_sidewalk","accessibility_status":"unknown","operational_status":"unknown","confidence":"inferred","source":"OpenStreetMap footway geometry; nearest approach, not a surveyed entrance","building_offset_m":97.0}},{"type":"Feature","geometry":{"type":"Point","coordinates":[-80.44192355486146,37.2229877841214]},"properties":{"entrance_id":"APPROACH-OSM-VT-MINING-AND-MINERALS-LABORATORY","node_id":"N-APPROACH-OSM-VT-MINING-AND-MINERALS-LABORATORY","building_id":"VT-MINING-AND-MINERALS-LABORATORY","entrance_name":"Nearby sidewalk (OSM) \u2014 door not mapped","node_role":"approach","geometry_precision":"nearest_mapped_sidewalk","accessibility_status":"unknown","operational_status":"unknown","confidence":"inferred","source":"OpenStreetMap footway geometry; nearest approach, not a surveyed entrance","building_offset_m":20.0}},{"type":"Feature","geometry":{"type":"Point","coordinates":[-80.43491420035832,37.23142655101146]},"properties":{"entrance_id":"APPROACH-OSM-VT-TOWN-OF-BLACKSBURG-BUS-SHELTER","node_id":"N-APPROACH-OSM-VT-TOWN-OF-BLACKSBURG-BUS-SHELTER","building_id":"VT-TOWN-OF-BLACKSBURG-BUS-SHELTER","entrance_name":"Nearby sidewalk (OSM) \u2014 door not mapped","node_role":"approach","geometry_precision":"nearest_mapped_sidewalk","accessibility_status":"unknown","operational_status":"unknown","confidence":"inferred","source":"OpenStreetMap footway geometry; nearest approach, not a surveyed entrance","building_offset_m":1.9}},{"type":"Feature","geometry":{"type":"Point","coordinates":[-80.4232318,37.2193099]},"properties":{"entrance_id":"APPROACH-OSM-VT-STORAGE-BUILDING","node_id":"N-APPROACH-OSM-VT-STORAGE-BUILDING","building_id":"VT-STORAGE-BUILDING","entrance_name":"Nearby sidewalk (OSM) \u2014 door not mapped","node_role":"approach","geometry_precision":"nearest_mapped_sidewalk","accessibility_status":"unknown","operational_status":"unknown","confidence":"inferred","source":"OpenStreetMap footway geometry; nearest approach, not a surveyed entrance","building_offset_m":17.6}},{"type":"Feature","geometry":{"type":"Point","coordinates":[-80.4244974,37.2229248]},"properties":{"entrance_id":"APPROACH-OSM-VT-WALLACE-HALL","node_id":"N-APPROACH-OSM-VT-WALLACE-HALL","building_id":"VT-WALLACE-HALL","entrance_name":"Nearby sidewalk (OSM) \u2014 door not mapped","node_role":"approach","geometry_precision":"nearest_mapped_sidewalk","accessibility_status":"unknown","operational_status":"unknown","confidence":"inferred","source":"OpenStreetMap footway geometry; nearest approach, not a surveyed entrance","building_offset_m":21.9}},{"type":"Feature","geometry":{"type":"Point","coordinates":[-80.4220641,37.2229747]},"properties":{"entrance_id":"APPROACH-OSM-VT-COCHRANE-HALL","node_id":"N-APPROACH-OSM-VT-COCHRANE-HALL","building_id":"VT-COCHRANE-HALL","entrance_name":"Nearby sidewalk (OSM) \u2014 door not mapped","node_role":"approach","geometry_precision":"nearest_mapped_sidewalk","accessibility_status":"unknown","operational_status":"unknown","confidence":"inferred","source":"OpenStreetMap footway geometry; nearest approach, not a surveyed entrance","building_offset_m":4.6}},{"type":"Feature","geometry":{"type":"Point","coordinates":[-80.41789064300262,37.223144011237075]},"properties":{"entrance_id":"APPROACH-OSM-VT-HAHN-HURST-BASKETBALL-PRACTICE-FACILITY","node_id":"N-APPROACH-OSM-VT-HAHN-HURST-BASKETBALL-PRACTICE-FACILITY","building_id":"VT-HAHN-HURST-BASKETBALL-PRACTICE-FACILITY","entrance_name":"Nearby sidewalk (OSM) \u2014 door not mapped","node_role":"approach","geometry_precision":"nearest_mapped_sidewalk","accessibility_status":"unknown","operational_status":"unknown","confidence":"inferred","source":"OpenStreetMap footway geometry; nearest approach, not a surveyed entrance","building_offset_m":26.3}},{"type":"Feature","geometry":{"type":"Point","coordinates":[-80.4250116,37.2238466]},"properties":{"entrance_id":"APPROACH-OSM-VT-HILLCREST-HALL","node_id":"N-APPROACH-OSM-VT-HILLCREST-HALL","building_id":"VT-HILLCREST-HALL","entrance_name":"Nearby sidewalk (OSM) \u2014 door not mapped","node_role":"approach","geometry_precision":"nearest_mapped_sidewalk","accessibility_status":"unknown","operational_status":"unknown","confidence":"inferred","source":"OpenStreetMap footway geometry; nearest approach, not a surveyed entrance","building_offset_m":4.5}},{"type":"Feature","geometry":{"type":"Point","coordinates":[-80.4259228124413,37.22396531757021]},"properties":{"entrance_id":"APPROACH-OSM-VT-INSTITUTE-FOR-SOCIETY-CULTURE-AND-ENVIRO","node_id":"N-APPROACH-OSM-VT-INSTITUTE-FOR-SOCIETY-CULTURE-AND-ENVIRO","building_id":"VT-INSTITUTE-FOR-SOCIETY-CULTURE-AND-ENVIRO","entrance_name":"Nearby sidewalk (OSM) \u2014 door not mapped","node_role":"approach","geometry_precision":"nearest_mapped_sidewalk","accessibility_status":"unknown","operational_status":"unknown","confidence":"inferred","source":"OpenStreetMap footway geometry; nearest approach, not a surveyed entrance","building_offset_m":8.8}},{"type":"Feature","geometry":{"type":"Point","coordinates":[-80.4222812,37.2238387]},"properties":{"entrance_id":"APPROACH-OSM-VT-CHEATHAM-HALL","node_id":"N-APPROACH-OSM-VT-CHEATHAM-HALL","building_id":"VT-CHEATHAM-HALL","entrance_name":"Nearby sidewalk (OSM) \u2014 door not mapped","node_role":"approach","geometry_precision":"nearest_mapped_sidewalk","accessibility_status":"unknown","operational_status":"unknown","confidence":"inferred","source":"OpenStreetMap footway geometry; nearest approach, not a surveyed entrance","building_offset_m":22.2}},{"type":"Feature","geometry":{"type":"Point","coordinates":[-80.4212427,37.2230549]},"properties":{"entrance_id":"APPROACH-OSM-VT-AMBLER-JOHNSTON-HALL-WEST-WING","node_id":"N-APPROACH-OSM-VT-AMBLER-JOHNSTON-HALL-WEST-WING","building_id":"VT-AMBLER-JOHNSTON-HALL-WEST-WING","entrance_name":"Nearby sidewalk (OSM) \u2014 door not mapped","node_role":"approach","geometry_precision":"nearest_mapped_sidewalk","accessibility_status":"unknown","operational_status":"unknown","confidence":"inferred","source":"OpenStreetMap footway geometry; nearest approach, not a surveyed entrance","building_offset_m":6.4}},{"type":"Feature","geometry":{"type":"Point","coordinates":[-80.4207975,37.2230679]},"properties":{"entrance_id":"APPROACH-OSM-VT-AMBLER-JOHNSTON-HALL-EAST-WING","node_id":"N-APPROACH-OSM-VT-AMBLER-JOHNSTON-HALL-EAST-WING","building_id":"VT-AMBLER-JOHNSTON-HALL-EAST-WING","entrance_name":"Nearby sidewalk (OSM) \u2014 door not mapped","node_role":"approach","geometry_precision":"nearest_mapped_sidewalk","accessibility_status":"unknown","operational_status":"unknown","confidence":"inferred","source":"OpenStreetMap footway geometry; nearest approach, not a surveyed entrance","building_offset_m":12.1}},{"type":"Feature","geometry":{"type":"Point","coordinates":[-80.4238087,37.2235917]},"properties":{"entrance_id":"APPROACH-OSM-VT-ENGEL-HALL","node_id":"N-APPROACH-OSM-VT-ENGEL-HALL","building_id":"VT-ENGEL-HALL","entrance_name":"Nearby sidewalk (OSM) \u2014 door not mapped","node_role":"approach","geometry_precision":"nearest_mapped_sidewalk","accessibility_status":"unknown","operational_status":"unknown","confidence":"inferred","source":"OpenStreetMap footway geometry; nearest approach, not a surveyed entrance","building_offset_m":22.7}},{"type":"Feature","geometry":{"type":"Point","coordinates":[-80.4370559,37.2240535]},"properties":{"entrance_id":"APPROACH-OSM-VT-SPECIAL-PURPOSE-HOUSING-BLDG-I","node_id":"N-APPROACH-OSM-VT-SPECIAL-PURPOSE-HOUSING-BLDG-I","building_id":"VT-SPECIAL-PURPOSE-HOUSING-BLDG-I","entrance_name":"Nearby sidewalk (OSM) \u2014 door not mapped","node_role":"approach","geometry_precision":"nearest_mapped_sidewalk","accessibility_status":"unknown","operational_status":"unknown","confidence":"inferred","source":"OpenStreetMap footway geometry; nearest approach, not a surveyed entrance","building_offset_m":43.3}},{"type":"Feature","geometry":{"type":"Point","coordinates":[-80.4367824,37.224357]},"properties":{"entrance_id":"APPROACH-OSM-VT-SPECIAL-PURPOSE-HOUSING-BLDG-J","node_id":"N-APPROACH-OSM-VT-SPECIAL-PURPOSE-HOUSING-BLDG-J","building_id":"VT-SPECIAL-PURPOSE-HOUSING-BLDG-J","entrance_name":"Nearby sidewalk (OSM) \u2014 door not mapped","node_role":"approach","geometry_precision":"nearest_mapped_sidewalk","accessibility_status":"unknown","operational_status":"unknown","confidence":"inferred","source":"OpenStreetMap footway geometry; nearest approach, not a surveyed entrance","building_offset_m":78.9}},{"type":"Feature","geometry":{"type":"Point","coordinates":[-80.4233024,37.2239721]},"properties":{"entrance_id":"APPROACH-OSM-VT-FRALIN-BIOTECHNOLOGY-CENTER","node_id":"N-APPROACH-OSM-VT-FRALIN-BIOTECHNOLOGY-CENTER","building_id":"VT-FRALIN-BIOTECHNOLOGY-CENTER","entrance_name":"Nearby sidewalk (OSM) \u2014 door not mapped","node_role":"approach","geometry_precision":"nearest_mapped_sidewalk","accessibility_status":"unknown","operational_status":"unknown","confidence":"inferred","source":"OpenStreetMap footway geometry; nearest approach, not a surveyed entrance","building_offset_m":21.7}},{"type":"Feature","geometry":{"type":"Point","coordinates":[-80.43764679803331,37.223894490113146]},"properties":{"entrance_id":"APPROACH-OSM-VT-SPECIAL-PURPOSE-HOUSING-BLDG-KL","node_id":"N-APPROACH-OSM-VT-SPECIAL-PURPOSE-HOUSING-BLDG-KL","building_id":"VT-SPECIAL-PURPOSE-HOUSING-BLDG-KL","entrance_name":"Nearby sidewalk (OSM) \u2014 door not mapped","node_role":"approach","geometry_precision":"nearest_mapped_sidewalk","accessibility_status":"unknown","operational_status":"unknown","confidence":"inferred","source":"OpenStreetMap footway geometry; nearest approach, not a surveyed entrance","building_offset_m":22.9}},{"type":"Feature","geometry":{"type":"Point","coordinates":[-80.4241099,37.2258218]},"properties":{"entrance_id":"APPROACH-OSM-VT-PRICE-HALL","node_id":"N-APPROACH-OSM-VT-PRICE-HALL","building_id":"VT-PRICE-HALL","entrance_name":"Nearby sidewalk (OSM) \u2014 door not mapped","node_role":"approach","geometry_precision":"nearest_mapped_sidewalk","accessibility_status":"unknown","operational_status":"unknown","confidence":"inferred","source":"OpenStreetMap footway geometry; nearest approach, not a surveyed entrance","building_offset_m":9.8}},{"type":"Feature","geometry":{"type":"Point","coordinates":[-80.43864994885108,37.22398656217437]},"properties":{"entrance_id":"APPROACH-OSM-VT-SPECIAL-PURPOSE-HOUSING-BLDG-MN","node_id":"N-APPROACH-OSM-VT-SPECIAL-PURPOSE-HOUSING-BLDG-MN","building_id":"VT-SPECIAL-PURPOSE-HOUSING-BLDG-MN","entrance_name":"Nearby sidewalk (OSM) \u2014 door not mapped","node_role":"approach","geometry_precision":"nearest_mapped_sidewalk","accessibility_status":"unknown","operational_status":"unknown","confidence":"inferred","source":"OpenStreetMap footway geometry; nearest approach, not a surveyed entrance","building_offset_m":22.5}},{"type":"Feature","geometry":{"type":"Point","coordinates":[-80.41970552329154,37.22426564939825]},"properties":{"entrance_id":"APPROACH-OSM-VT-PRITCHARD-HALL","node_id":"N-APPROACH-OSM-VT-PRITCHARD-HALL","building_id":"VT-PRITCHARD-HALL","entrance_name":"Nearby sidewalk (OSM) \u2014 door not mapped","node_role":"approach","geometry_precision":"nearest_mapped_sidewalk","accessibility_status":"unknown","operational_status":"unknown","confidence":"inferred","source":"OpenStreetMap footway geometry; nearest approach, not a surveyed entrance","building_offset_m":4.7}},{"type":"Feature","geometry":{"type":"Point","coordinates":[-80.41870876423431,37.224690103864944]},"properties":{"entrance_id":"APPROACH-OSM-VT-HOGE-HALL","node_id":"N-APPROACH-OSM-VT-HOGE-HALL","building_id":"VT-HOGE-HALL","entrance_name":"Nearby sidewalk (OSM) \u2014 door not mapped","node_role":"approach","geometry_precision":"nearest_mapped_sidewalk","accessibility_status":"unknown","operational_status":"unknown","confidence":"inferred","source":"OpenStreetMap footway geometry; nearest approach, not a surveyed entrance","building_offset_m":31.4}},{"type":"Feature","geometry":{"type":"Point","coordinates":[-80.43691580148189,37.22445297184418]},"properties":{"entrance_id":"APPROACH-OSM-VT-SPECIAL-PURPOSE-HOUSING-BLDG-H","node_id":"N-APPROACH-OSM-VT-SPECIAL-PURPOSE-HOUSING-BLDG-H","building_id":"VT-SPECIAL-PURPOSE-HOUSING-BLDG-H","entrance_name":"Nearby sidewalk (OSM) \u2014 door not mapped","node_role":"approach","geometry_precision":"nearest_mapped_sidewalk","accessibility_status":"unknown","operational_status":"unknown","confidence":"inferred","source":"OpenStreetMap footway geometry; nearest approach, not a surveyed entrance","building_offset_m":27.6}},{"type":"Feature","geometry":{"type":"Point","coordinates":[-80.4360989,37.2247596]},"properties":{"entrance_id":"APPROACH-OSM-VT-SPH-FIBER-HUT","node_id":"N-APPROACH-OSM-VT-SPH-FIBER-HUT","building_id":"VT-SPH-FIBER-HUT","entrance_name":"Nearby sidewalk (OSM) \u2014 door not mapped","node_role":"approach","geometry_precision":"nearest_mapped_sidewalk","accessibility_status":"unknown","operational_status":"unknown","confidence":"inferred","source":"OpenStreetMap footway geometry; nearest approach, not a surveyed entrance","building_offset_m":41.8}},{"type":"Feature","geometry":{"type":"Point","coordinates":[-80.4223369,37.2245095]},"properties":{"entrance_id":"APPROACH-OSM-VT-LATHAM-HALL","node_id":"N-APPROACH-OSM-VT-LATHAM-HALL","building_id":"VT-LATHAM-HALL","entrance_name":"Nearby sidewalk (OSM) \u2014 door not mapped","node_role":"approach","geometry_precision":"nearest_mapped_sidewalk","accessibility_status":"unknown","operational_status":"unknown","confidence":"inferred","source":"OpenStreetMap footway geometry; nearest approach, not a surveyed entrance","building_offset_m":19.5}},{"type":"Feature","geometry":{"type":"Point","coordinates":[-80.4242831,37.2247546]},"properties":{"entrance_id":"APPROACH-OSM-VT-AGNEW-HALL","node_id":"N-APPROACH-OSM-VT-AGNEW-HALL","building_id":"VT-AGNEW-HALL","entrance_name":"Nearby sidewalk (OSM) \u2014 door not mapped","node_role":"approach","geometry_precision":"nearest_mapped_sidewalk","accessibility_status":"unknown","operational_status":"unknown","confidence":"inferred","source":"OpenStreetMap footway geometry; nearest approach, not a surveyed entrance","building_offset_m":14.3}},{"type":"Feature","geometry":{"type":"Point","coordinates":[-80.42094089074507,37.22437089760182]},"properties":{"entrance_id":"APPROACH-OSM-VT-DIETRICK-HALL","node_id":"N-APPROACH-OSM-VT-DIETRICK-HALL","building_id":"VT-DIETRICK-HALL","entrance_name":"Nearby sidewalk (OSM) \u2014 door not mapped","node_role":"approach","geometry_precision":"nearest_mapped_sidewalk","accessibility_status":"unknown","operational_status":"unknown","confidence":"inferred","source":"OpenStreetMap footway geometry; nearest approach, not a surveyed entrance","building_offset_m":23.7}},{"type":"Feature","geometry":{"type":"Point","coordinates":[-80.42348937615611,37.22479061685746]},"properties":{"entrance_id":"APPROACH-OSM-VT-SEITZ-HALL","node_id":"N-APPROACH-OSM-VT-SEITZ-HALL","building_id":"VT-SEITZ-HALL","entrance_name":"Nearby sidewalk (OSM) \u2014 door not mapped","node_role":"approach","geometry_precision":"nearest_mapped_sidewalk","accessibility_status":"unknown","operational_status":"unknown","confidence":"inferred","source":"OpenStreetMap footway geometry; nearest approach, not a surveyed entrance","building_offset_m":12.2}},{"type":"Feature","geometry":{"type":"Point","coordinates":[-80.4242831,37.2247546]},"properties":{"entrance_id":"APPROACH-OSM-VT-SAUNDERS-HALL","node_id":"N-APPROACH-OSM-VT-SAUNDERS-HALL","building_id":"VT-SAUNDERS-HALL","entrance_name":"Nearby sidewalk (OSM) \u2014 door not mapped","node_role":"approach","geometry_precision":"nearest_mapped_sidewalk","accessibility_status":"unknown","operational_status":"unknown","confidence":"inferred","source":"OpenStreetMap footway geometry; nearest approach, not a surveyed entrance","building_offset_m":19.6}},{"type":"Feature","geometry":{"type":"Point","coordinates":[-80.4198907,37.2251707]},"properties":{"entrance_id":"APPROACH-OSM-VT-PEDDREW-YATES-HALL","node_id":"N-APPROACH-OSM-VT-PEDDREW-YATES-HALL","building_id":"VT-PEDDREW-YATES-HALL","entrance_name":"Nearby sidewalk (OSM) \u2014 door not mapped","node_role":"approach","geometry_precision":"nearest_mapped_sidewalk","accessibility_status":"unknown","operational_status":"unknown","confidence":"inferred","source":"OpenStreetMap footway geometry; nearest approach, not a surveyed entrance","building_offset_m":3.5}},{"type":"Feature","geometry":{"type":"Point","coordinates":[-80.43937664019053,37.224719314819694]},"properties":{"entrance_id":"APPROACH-OSM-VT-SPECIAL-PURPOSE-HOUSING-BLDG-OP","node_id":"N-APPROACH-OSM-VT-SPECIAL-PURPOSE-HOUSING-BLDG-OP","building_id":"VT-SPECIAL-PURPOSE-HOUSING-BLDG-OP","entrance_name":"Nearby sidewalk (OSM) \u2014 door not mapped","node_role":"approach","geometry_precision":"nearest_mapped_sidewalk","accessibility_status":"unknown","operational_status":"unknown","confidence":"inferred","source":"OpenStreetMap footway geometry; nearest approach, not a surveyed entrance","building_offset_m":24.0}},{"type":"Feature","geometry":{"type":"Point","coordinates":[-80.42322211594168,37.22506701495427]},"properties":{"entrance_id":"APPROACH-OSM-VT-SMYTH-HALL","node_id":"N-APPROACH-OSM-VT-SMYTH-HALL","building_id":"VT-SMYTH-HALL","entrance_name":"Nearby sidewalk (OSM) \u2014 door not mapped","node_role":"approach","geometry_precision":"nearest_mapped_sidewalk","accessibility_status":"unknown","operational_status":"unknown","confidence":"inferred","source":"OpenStreetMap footway geometry; nearest approach, not a surveyed entrance","building_offset_m":9.6}},{"type":"Feature","geometry":{"type":"Point","coordinates":[-80.43719181619505,37.22534817581773]},"properties":{"entrance_id":"APPROACH-OSM-VT-SPECIAL-PURPOSE-HOUSING-BLDG-G","node_id":"N-APPROACH-OSM-VT-SPECIAL-PURPOSE-HOUSING-BLDG-G","building_id":"VT-SPECIAL-PURPOSE-HOUSING-BLDG-G","entrance_name":"Nearby sidewalk (OSM) \u2014 door not mapped","node_role":"approach","geometry_precision":"nearest_mapped_sidewalk","accessibility_status":"unknown","operational_status":"unknown","confidence":"inferred","source":"OpenStreetMap footway geometry; nearest approach, not a surveyed entrance","building_offset_m":27.0}},{"type":"Feature","geometry":{"type":"Point","coordinates":[-80.4215159370355,37.226131566560696]},"properties":{"entrance_id":"APPROACH-OSM-VT-CAMPBELL-HALL-EAST-WING","node_id":"N-APPROACH-OSM-VT-CAMPBELL-HALL-EAST-WING","building_id":"VT-CAMPBELL-HALL-EAST-WING","entrance_name":"Nearby sidewalk (OSM) \u2014 door not mapped","node_role":"approach","geometry_precision":"nearest_mapped_sidewalk","accessibility_status":"unknown","operational_status":"unknown","confidence":"inferred","source":"OpenStreetMap footway geometry; nearest approach, not a surveyed entrance","building_offset_m":5.7}},{"type":"Feature","geometry":{"type":"Point","coordinates":[-80.42187119885033,37.22545795120094]},"properties":{"entrance_id":"APPROACH-OSM-VT-SLUSHER-HALL","node_id":"N-APPROACH-OSM-VT-SLUSHER-HALL","building_id":"VT-SLUSHER-HALL","entrance_name":"Nearby sidewalk (OSM) \u2014 door not mapped","node_role":"approach","geometry_precision":"nearest_mapped_sidewalk","accessibility_status":"unknown","operational_status":"unknown","confidence":"inferred","source":"OpenStreetMap footway geometry; nearest approach, not a surveyed entrance","building_offset_m":17.9}},{"type":"Feature","geometry":{"type":"Point","coordinates":[-80.4176741,37.2255901]},"properties":{"entrance_id":"APPROACH-OSM-VT-JOHNSON-HALL","node_id":"N-APPROACH-OSM-VT-JOHNSON-HALL","building_id":"VT-JOHNSON-HALL","entrance_name":"Nearby sidewalk (OSM) \u2014 door not mapped","node_role":"approach","geometry_precision":"nearest_mapped_sidewalk","accessibility_status":"unknown","operational_status":"unknown","confidence":"inferred","source":"OpenStreetMap footway geometry; nearest approach, not a surveyed entrance","building_offset_m":7.1}},{"type":"Feature","geometry":{"type":"Point","coordinates":[-80.41707982099783,37.22557189213199]},"properties":{"entrance_id":"APPROACH-OSM-VT-MILES-HALL","node_id":"N-APPROACH-OSM-VT-MILES-HALL","building_id":"VT-MILES-HALL","entrance_name":"Nearby sidewalk (OSM) \u2014 door not mapped","node_role":"approach","geometry_precision":"nearest_mapped_sidewalk","accessibility_status":"unknown","operational_status":"unknown","confidence":"inferred","source":"OpenStreetMap footway geometry; nearest approach, not a surveyed entrance","building_offset_m":12.9}},{"type":"Feature","geometry":{"type":"Point","coordinates":[-80.42358726713098,37.22566356297079]},"properties":{"entrance_id":"APPROACH-OSM-VT-SANDY-HALL","node_id":"N-APPROACH-OSM-VT-SANDY-HALL","building_id":"VT-SANDY-HALL","entrance_name":"Nearby sidewalk (OSM) \u2014 door not mapped","node_role":"approach","geometry_precision":"nearest_mapped_sidewalk","accessibility_status":"unknown","operational_status":"unknown","confidence":"inferred","source":"OpenStreetMap footway geometry; nearest approach, not a surveyed entrance","building_offset_m":14.8}},{"type":"Feature","geometry":{"type":"Point","coordinates":[-80.4387772954164,37.225328879365584]},"properties":{"entrance_id":"APPROACH-OSM-VT-SPECIAL-PURPOSE-HOUSING-BLDG-QR","node_id":"N-APPROACH-OSM-VT-SPECIAL-PURPOSE-HOUSING-BLDG-QR","building_id":"VT-SPECIAL-PURPOSE-HOUSING-BLDG-QR","entrance_name":"Nearby sidewalk (OSM) \u2014 door not mapped","node_role":"approach","geometry_precision":"nearest_mapped_sidewalk","accessibility_status":"unknown","operational_status":"unknown","confidence":"inferred","source":"OpenStreetMap footway geometry; nearest approach, not a surveyed entrance","building_offset_m":23.5}},{"type":"Feature","geometry":{"type":"Point","coordinates":[-80.4200045970444,37.22581303539705]},"properties":{"entrance_id":"APPROACH-OSM-VT-PAYNE-HALL","node_id":"N-APPROACH-OSM-VT-PAYNE-HALL","building_id":"VT-PAYNE-HALL","entrance_name":"Nearby sidewalk (OSM) \u2014 door not mapped","node_role":"approach","geometry_precision":"nearest_mapped_sidewalk","accessibility_status":"unknown","operational_status":"unknown","confidence":"inferred","source":"OpenStreetMap footway geometry; nearest approach, not a surveyed entrance","building_offset_m":0.2}},{"type":"Feature","geometry":{"type":"Point","coordinates":[-80.43747649705713,37.22584277483256]},"properties":{"entrance_id":"APPROACH-OSM-VT-SPECIAL-PURPOSE-HOUSING-BLDG-F","node_id":"N-APPROACH-OSM-VT-SPECIAL-PURPOSE-HOUSING-BLDG-F","building_id":"VT-SPECIAL-PURPOSE-HOUSING-BLDG-F","entrance_name":"Nearby sidewalk (OSM) \u2014 door not mapped","node_role":"approach","geometry_precision":"nearest_mapped_sidewalk","accessibility_status":"unknown","operational_status":"unknown","confidence":"inferred","source":"OpenStreetMap footway geometry; nearest approach, not a surveyed entrance","building_offset_m":27.0}},{"type":"Feature","geometry":{"type":"Point","coordinates":[-80.42224621395367,37.22614127533426]},"properties":{"entrance_id":"APPROACH-OSM-VT-CAMPBELL-HALL-MAIN-WING","node_id":"N-APPROACH-OSM-VT-CAMPBELL-HALL-MAIN-WING","building_id":"VT-CAMPBELL-HALL-MAIN-WING","entrance_name":"Nearby sidewalk (OSM) \u2014 door not mapped","node_role":"approach","geometry_precision":"nearest_mapped_sidewalk","accessibility_status":"unknown","operational_status":"unknown","confidence":"inferred","source":"OpenStreetMap footway geometry; nearest approach, not a surveyed entrance","building_offset_m":21.1}},{"type":"Feature","geometry":{"type":"Point","coordinates":[-80.4268201,37.2262023]},"properties":{"entrance_id":"APPROACH-OSM-VT-SOLITUDE","node_id":"N-APPROACH-OSM-VT-SOLITUDE","building_id":"VT-SOLITUDE","entrance_name":"Nearby sidewalk (OSM) \u2014 door not mapped","node_role":"approach","geometry_precision":"nearest_mapped_sidewalk","accessibility_status":"unknown","operational_status":"unknown","confidence":"inferred","source":"OpenStreetMap footway geometry; nearest approach, not a surveyed entrance","building_offset_m":5.2}},{"type":"Feature","geometry":{"type":"Point","coordinates":[-80.4183982,37.2253017]},"properties":{"entrance_id":"APPROACH-OSM-VT-O-SHAUGHNESSY-HALL","node_id":"N-APPROACH-OSM-VT-O-SHAUGHNESSY-HALL","building_id":"VT-O-SHAUGHNESSY-HALL","entrance_name":"Nearby sidewalk (OSM) \u2014 door not mapped","node_role":"approach","geometry_precision":"nearest_mapped_sidewalk","accessibility_status":"unknown","operational_status":"unknown","confidence":"inferred","source":"OpenStreetMap footway geometry; nearest approach, not a surveyed entrance","building_offset_m":11.3}},{"type":"Feature","geometry":{"type":"Point","coordinates":[-80.41689679506074,37.226103686961764]},"properties":{"entrance_id":"APPROACH-OSM-VT-WHITEHURST-HALL","node_id":"N-APPROACH-OSM-VT-WHITEHURST-HALL","building_id":"VT-WHITEHURST-HALL","entrance_name":"Nearby sidewalk (OSM) \u2014 door not mapped","node_role":"approach","geometry_precision":"nearest_mapped_sidewalk","accessibility_status":"unknown","operational_status":"unknown","confidence":"inferred","source":"OpenStreetMap footway geometry; nearest approach, not a surveyed entrance","building_offset_m":14.3}},{"type":"Feature","geometry":{"type":"Point","coordinates":[-80.41768522401154,37.227008613145934]},"properties":{"entrance_id":"APPROACH-OSM-VT-VAWTER-HALL","node_id":"N-APPROACH-OSM-VT-VAWTER-HALL","building_id":"VT-VAWTER-HALL","entrance_name":"Nearby sidewalk (OSM) \u2014 door not mapped","node_role":"approach","geometry_precision":"nearest_mapped_sidewalk","accessibility_status":"unknown","operational_status":"unknown","confidence":"inferred","source":"OpenStreetMap footway geometry; nearest approach, not a surveyed entrance","building_offset_m":2.1}},{"type":"Feature","geometry":{"type":"Point","coordinates":[-80.41771434717413,37.226101818805816]},"properties":{"entrance_id":"APPROACH-OSM-VT-NEWMAN-HALL","node_id":"N-APPROACH-OSM-VT-NEWMAN-HALL","building_id":"VT-NEWMAN-HALL","entrance_name":"Nearby sidewalk (OSM) \u2014 door not mapped","node_role":"approach","geometry_precision":"nearest_mapped_sidewalk","accessibility_status":"unknown","operational_status":"unknown","confidence":"inferred","source":"OpenStreetMap footway geometry; nearest approach, not a surveyed entrance","building_offset_m":16.1}},{"type":"Feature","geometry":{"type":"Point","coordinates":[-80.42674654850454,37.22616820581721]},"properties":{"entrance_id":"APPROACH-OSM-VT-FRACTION-FAMILY-HOUSE-AT-SOLITUDE","node_id":"N-APPROACH-OSM-VT-FRACTION-FAMILY-HOUSE-AT-SOLITUDE","building_id":"VT-FRACTION-FAMILY-HOUSE-AT-SOLITUDE","entrance_name":"Nearby sidewalk (OSM) \u2014 door not mapped","node_role":"approach","geometry_precision":"nearest_mapped_sidewalk","accessibility_status":"unknown","operational_status":"unknown","confidence":"inferred","source":"OpenStreetMap footway geometry; nearest approach, not a surveyed entrance","building_offset_m":23.8}},{"type":"Feature","geometry":{"type":"Point","coordinates":[-80.43809083101793,37.22634839915669]},"properties":{"entrance_id":"APPROACH-OSM-VT-SPECIAL-PURPOSE-HOUSING-BLDG-E","node_id":"N-APPROACH-OSM-VT-SPECIAL-PURPOSE-HOUSING-BLDG-E","building_id":"VT-SPECIAL-PURPOSE-HOUSING-BLDG-E","entrance_name":"Nearby sidewalk (OSM) \u2014 door not mapped","node_role":"approach","geometry_precision":"nearest_mapped_sidewalk","accessibility_status":"unknown","operational_status":"unknown","confidence":"inferred","source":"OpenStreetMap footway geometry; nearest approach, not a surveyed entrance","building_offset_m":26.5}},{"type":"Feature","geometry":{"type":"Point","coordinates":[-80.4385927,37.2262098]},"properties":{"entrance_id":"APPROACH-OSM-VT-SPECIAL-PURPOSE-HOUSING-BLDG-D","node_id":"N-APPROACH-OSM-VT-SPECIAL-PURPOSE-HOUSING-BLDG-D","building_id":"VT-SPECIAL-PURPOSE-HOUSING-BLDG-D","entrance_name":"Nearby sidewalk (OSM) \u2014 door not mapped","node_role":"approach","geometry_precision":"nearest_mapped_sidewalk","accessibility_status":"unknown","operational_status":"unknown","confidence":"inferred","source":"OpenStreetMap footway geometry; nearest approach, not a surveyed entrance","building_offset_m":16.6}},{"type":"Feature","geometry":{"type":"Point","coordinates":[-80.4180088,37.2316464]},"properties":{"entrance_id":"APPROACH-OSM-VT-CENTER-FOR-THE-ARTS","node_id":"N-APPROACH-OSM-VT-CENTER-FOR-THE-ARTS","building_id":"VT-CENTER-FOR-THE-ARTS","entrance_name":"Nearby sidewalk (OSM) \u2014 door not mapped","node_role":"approach","geometry_precision":"nearest_mapped_sidewalk","accessibility_status":"unknown","operational_status":"unknown","confidence":"inferred","source":"OpenStreetMap footway geometry; nearest approach, not a surveyed entrance","building_offset_m":28.9}},{"type":"Feature","geometry":{"type":"Point","coordinates":[-80.4342248,37.2318999]},"properties":{"entrance_id":"APPROACH-OSM-VT-BUTLER-BUILDING-HERBICIDE-STORAGE","node_id":"N-APPROACH-OSM-VT-BUTLER-BUILDING-HERBICIDE-STORAGE","building_id":"VT-BUTLER-BUILDING-HERBICIDE-STORAGE","entrance_name":"Nearby sidewalk (OSM) \u2014 door not mapped","node_role":"approach","geometry_precision":"nearest_mapped_sidewalk","accessibility_status":"unknown","operational_status":"unknown","confidence":"inferred","source":"OpenStreetMap footway geometry; nearest approach, not a surveyed entrance","building_offset_m":59.8}},{"type":"Feature","geometry":{"type":"Point","coordinates":[-80.4342248,37.2318999]},"properties":{"entrance_id":"APPROACH-OSM-VT-PLANT-PATHOLOGY-GARAGE","node_id":"N-APPROACH-OSM-VT-PLANT-PATHOLOGY-GARAGE","building_id":"VT-PLANT-PATHOLOGY-GARAGE","entrance_name":"Nearby sidewalk (OSM) \u2014 door not mapped","node_role":"approach","geometry_precision":"nearest_mapped_sidewalk","accessibility_status":"unknown","operational_status":"unknown","confidence":"inferred","source":"OpenStreetMap footway geometry; nearest approach, not a surveyed entrance","building_offset_m":53.7}},{"type":"Feature","geometry":{"type":"Point","coordinates":[-80.42543296775567,37.22199940886624]},"properties":{"entrance_id":"APPROACH-OSM-VT-ICTAS-II","node_id":"N-APPROACH-OSM-VT-ICTAS-II","building_id":"VT-ICTAS-II","entrance_name":"Nearby sidewalk (OSM) \u2014 door not mapped","node_role":"approach","geometry_precision":"nearest_mapped_sidewalk","accessibility_status":"unknown","operational_status":"unknown","confidence":"inferred","source":"OpenStreetMap footway geometry; nearest approach, not a surveyed entrance","building_offset_m":21.5}},{"type":"Feature","geometry":{"type":"Point","coordinates":[-80.44146254356876,37.22312637033823]},"properties":{"entrance_id":"APPROACH-OSM-VT-MINING-AND-MINERALS-STORAGE-SHED","node_id":"N-APPROACH-OSM-VT-MINING-AND-MINERALS-STORAGE-SHED","building_id":"VT-MINING-AND-MINERALS-STORAGE-SHED","entrance_name":"Nearby sidewalk (OSM) \u2014 door not mapped","node_role":"approach","geometry_precision":"nearest_mapped_sidewalk","accessibility_status":"unknown","operational_status":"unknown","confidence":"inferred","source":"OpenStreetMap footway geometry; nearest approach, not a surveyed entrance","building_offset_m":32.0}},{"type":"Feature","geometry":{"type":"Point","coordinates":[-80.4398534474518,37.2337331190985]},"properties":{"entrance_id":"APPROACH-OSM-VT-RUN-IN-SHED-NUMBER-5","node_id":"N-APPROACH-OSM-VT-RUN-IN-SHED-NUMBER-5","building_id":"VT-RUN-IN-SHED-NUMBER-5","entrance_name":"Nearby sidewalk (OSM) \u2014 door not mapped","node_role":"approach","geometry_precision":"nearest_mapped_sidewalk","accessibility_status":"unknown","operational_status":"unknown","confidence":"inferred","source":"OpenStreetMap footway geometry; nearest approach, not a surveyed entrance","building_offset_m":85.7}},{"type":"Feature","geometry":{"type":"Point","coordinates":[-80.42010630976809,37.226923132948016]},"properties":{"entrance_id":"APPROACH-OSM-VT-EGGLESTON-HALL-WEST-WING","node_id":"N-APPROACH-OSM-VT-EGGLESTON-HALL-WEST-WING","building_id":"VT-EGGLESTON-HALL-WEST-WING","entrance_name":"Nearby sidewalk (OSM) \u2014 door not mapped","node_role":"approach","geometry_precision":"nearest_mapped_sidewalk","accessibility_status":"unknown","operational_status":"unknown","confidence":"inferred","source":"OpenStreetMap footway geometry; nearest approach, not a surveyed entrance","building_offset_m":9.5}},{"type":"Feature","geometry":{"type":"Point","coordinates":[-80.4202919,37.2265771]},"properties":{"entrance_id":"APPROACH-OSM-VT-WAR-MEMORIAL-GYMNASIUM","node_id":"N-APPROACH-OSM-VT-WAR-MEMORIAL-GYMNASIUM","building_id":"VT-WAR-MEMORIAL-GYMNASIUM","entrance_name":"Nearby sidewalk (OSM) \u2014 door not mapped","node_role":"approach","geometry_precision":"nearest_mapped_sidewalk","accessibility_status":"unknown","operational_status":"unknown","confidence":"inferred","source":"OpenStreetMap footway geometry; nearest approach, not a surveyed entrance","building_offset_m":42.2}},{"type":"Feature","geometry":{"type":"Point","coordinates":[-80.4286411,37.2269199]},"properties":{"entrance_id":"APPROACH-OSM-VT-GOLF-COURSE-CLUB-HOUSE","node_id":"N-APPROACH-OSM-VT-GOLF-COURSE-CLUB-HOUSE","building_id":"VT-GOLF-COURSE-CLUB-HOUSE","entrance_name":"Nearby sidewalk (OSM) \u2014 door not mapped","node_role":"approach","geometry_precision":"nearest_mapped_sidewalk","accessibility_status":"unknown","operational_status":"unknown","confidence":"inferred","source":"OpenStreetMap footway geometry; nearest approach, not a surveyed entrance","building_offset_m":13.8}},{"type":"Feature","geometry":{"type":"Point","coordinates":[-80.4259051,37.2268404]},"properties":{"entrance_id":"APPROACH-OSM-VT-WRIGHT-HOUSE","node_id":"N-APPROACH-OSM-VT-WRIGHT-HOUSE","building_id":"VT-WRIGHT-HOUSE","entrance_name":"Nearby sidewalk (OSM) \u2014 door not mapped","node_role":"approach","geometry_precision":"nearest_mapped_sidewalk","accessibility_status":"unknown","operational_status":"unknown","confidence":"inferred","source":"OpenStreetMap footway geometry; nearest approach, not a surveyed entrance","building_offset_m":25.3}},{"type":"Feature","geometry":{"type":"Point","coordinates":[-80.4187195,37.2263956]},"properties":{"entrance_id":"APPROACH-OSM-VT-OWENS-HALL","node_id":"N-APPROACH-OSM-VT-OWENS-HALL","building_id":"VT-OWENS-HALL","entrance_name":"Nearby sidewalk (OSM) \u2014 door not mapped","node_role":"approach","geometry_precision":"nearest_mapped_sidewalk","accessibility_status":"unknown","operational_status":"unknown","confidence":"inferred","source":"OpenStreetMap footway geometry; nearest approach, not a surveyed entrance","building_offset_m":37.9}},{"type":"Feature","geometry":{"type":"Point","coordinates":[-80.43935717241925,37.227755612831366]},"properties":{"entrance_id":"APPROACH-OSM-VT-SPECIAL-PURPOSE-HOUSING-BLDG-A","node_id":"N-APPROACH-OSM-VT-SPECIAL-PURPOSE-HOUSING-BLDG-A","building_id":"VT-SPECIAL-PURPOSE-HOUSING-BLDG-A","entrance_name":"Nearby sidewalk (OSM) \u2014 door not mapped","node_role":"approach","geometry_precision":"nearest_mapped_sidewalk","accessibility_status":"unknown","operational_status":"unknown","confidence":"inferred","source":"OpenStreetMap footway geometry; nearest approach, not a surveyed entrance","building_offset_m":54.7}},{"type":"Feature","geometry":{"type":"Point","coordinates":[-80.4256434,37.22789]},"properties":{"entrance_id":"APPROACH-OSM-VT-HAHN-HALL-SOUTH-WING","node_id":"N-APPROACH-OSM-VT-HAHN-HALL-SOUTH-WING","building_id":"VT-HAHN-HALL-SOUTH-WING","entrance_name":"Nearby sidewalk (OSM) \u2014 door not mapped","node_role":"approach","geometry_precision":"nearest_mapped_sidewalk","accessibility_status":"unknown","operational_status":"unknown","confidence":"inferred","source":"OpenStreetMap footway geometry; nearest approach, not a surveyed entrance","building_offset_m":9.4}},{"type":"Feature","geometry":{"type":"Point","coordinates":[-80.43747022101572,37.227592825364205]},"properties":{"entrance_id":"APPROACH-OSM-VT-SPECIAL-PURPOSE-HOUSING-BLDG-C","node_id":"N-APPROACH-OSM-VT-SPECIAL-PURPOSE-HOUSING-BLDG-C","building_id":"VT-SPECIAL-PURPOSE-HOUSING-BLDG-C","entrance_name":"Nearby sidewalk (OSM) \u2014 door not mapped","node_role":"approach","geometry_precision":"nearest_mapped_sidewalk","accessibility_status":"unknown","operational_status":"unknown","confidence":"inferred","source":"OpenStreetMap footway geometry; nearest approach, not a surveyed entrance","building_offset_m":68.2}},{"type":"Feature","geometry":{"type":"Point","coordinates":[-80.4194273,37.2276135]},"properties":{"entrance_id":"APPROACH-OSM-VT-EGGLESTON-HALL-EAST-WING","node_id":"N-APPROACH-OSM-VT-EGGLESTON-HALL-EAST-WING","building_id":"VT-EGGLESTON-HALL-EAST-WING","entrance_name":"Nearby sidewalk (OSM) \u2014 door not mapped","node_role":"approach","geometry_precision":"nearest_mapped_sidewalk","accessibility_status":"unknown","operational_status":"unknown","confidence":"inferred","source":"OpenStreetMap footway geometry; nearest approach, not a surveyed entrance","building_offset_m":6.6}},{"type":"Feature","geometry":{"type":"Point","coordinates":[-80.41879928290408,37.22813907876643]},"properties":{"entrance_id":"APPROACH-OSM-VT-UNIVERSITY-BOOKSTORE","node_id":"N-APPROACH-OSM-VT-UNIVERSITY-BOOKSTORE","building_id":"VT-UNIVERSITY-BOOKSTORE","entrance_name":"Nearby sidewalk (OSM) \u2014 door not mapped","node_role":"approach","geometry_precision":"nearest_mapped_sidewalk","accessibility_status":"unknown","operational_status":"unknown","confidence":"inferred","source":"OpenStreetMap footway geometry; nearest approach, not a surveyed entrance","building_offset_m":16.8}},{"type":"Feature","geometry":{"type":"Point","coordinates":[-80.43900709727997,37.22822634490125]},"properties":{"entrance_id":"APPROACH-OSM-VT-SPECIAL-PURPOSE-HOUSING-BLDG-B","node_id":"N-APPROACH-OSM-VT-SPECIAL-PURPOSE-HOUSING-BLDG-B","building_id":"VT-SPECIAL-PURPOSE-HOUSING-BLDG-B","entrance_name":"Nearby sidewalk (OSM) \u2014 door not mapped","node_role":"approach","geometry_precision":"nearest_mapped_sidewalk","accessibility_status":"unknown","operational_status":"unknown","confidence":"inferred","source":"OpenStreetMap footway geometry; nearest approach, not a surveyed entrance","building_offset_m":52.6}},{"type":"Feature","geometry":{"type":"Point","coordinates":[-80.4252971,37.2281632]},"properties":{"entrance_id":"APPROACH-OSM-VT-ROBESON-HALL","node_id":"N-APPROACH-OSM-VT-ROBESON-HALL","building_id":"VT-ROBESON-HALL","entrance_name":"Nearby sidewalk (OSM) \u2014 door not mapped","node_role":"approach","geometry_precision":"nearest_mapped_sidewalk","accessibility_status":"unknown","operational_status":"unknown","confidence":"inferred","source":"OpenStreetMap footway geometry; nearest approach, not a surveyed entrance","building_offset_m":15.6}},{"type":"Feature","geometry":{"type":"Point","coordinates":[-80.41620301166024,37.22849876225828]},"properties":{"entrance_id":"APPROACH-OSM-VT-ARCHITECTURE-ANNEX","node_id":"N-APPROACH-OSM-VT-ARCHITECTURE-ANNEX","building_id":"VT-ARCHITECTURE-ANNEX","entrance_name":"Nearby sidewalk (OSM) \u2014 door not mapped","node_role":"approach","geometry_precision":"nearest_mapped_sidewalk","accessibility_status":"unknown","operational_status":"unknown","confidence":"inferred","source":"OpenStreetMap footway geometry; nearest approach, not a surveyed entrance","building_offset_m":13.1}},{"type":"Feature","geometry":{"type":"Point","coordinates":[-80.4177353,37.2281465]},"properties":{"entrance_id":"APPROACH-OSM-VT-GRADUATE-LIFE-CENTER-AT-DONALDSON-BROWN","node_id":"N-APPROACH-OSM-VT-GRADUATE-LIFE-CENTER-AT-DONALDSON-BROWN","building_id":"VT-GRADUATE-LIFE-CENTER-AT-DONALDSON-BROWN","entrance_name":"Nearby sidewalk (OSM) \u2014 door not mapped","node_role":"approach","geometry_precision":"nearest_mapped_sidewalk","accessibility_status":"unknown","operational_status":"unknown","confidence":"inferred","source":"OpenStreetMap footway geometry; nearest approach, not a surveyed entrance","building_offset_m":21.2}},{"type":"Feature","geometry":{"type":"Point","coordinates":[-80.4264063,37.2283425]},"properties":{"entrance_id":"APPROACH-OSM-VT-HAHN-HALL-NORTH-WING","node_id":"N-APPROACH-OSM-VT-HAHN-HALL-NORTH-WING","building_id":"VT-HAHN-HALL-NORTH-WING","entrance_name":"Nearby sidewalk (OSM) \u2014 door not mapped","node_role":"approach","geometry_precision":"nearest_mapped_sidewalk","accessibility_status":"unknown","operational_status":"unknown","confidence":"inferred","source":"OpenStreetMap footway geometry; nearest approach, not a surveyed entrance","building_offset_m":9.4}},{"type":"Feature","geometry":{"type":"Point","coordinates":[-80.4158802,37.2287533]},"properties":{"entrance_id":"APPROACH-OSM-VT-MEDIA-ANNEX","node_id":"N-APPROACH-OSM-VT-MEDIA-ANNEX","building_id":"VT-MEDIA-ANNEX","entrance_name":"Nearby sidewalk (OSM) \u2014 door not mapped","node_role":"approach","geometry_precision":"nearest_mapped_sidewalk","accessibility_status":"unknown","operational_status":"unknown","confidence":"inferred","source":"OpenStreetMap footway geometry; nearest approach, not a surveyed entrance","building_offset_m":7.6}},{"type":"Feature","geometry":{"type":"Point","coordinates":[-80.4152284,37.2288808]},"properties":{"entrance_id":"APPROACH-OSM-VT-MEDIA-BUILDING","node_id":"N-APPROACH-OSM-VT-MEDIA-BUILDING","building_id":"VT-MEDIA-BUILDING","entrance_name":"Nearby sidewalk (OSM) \u2014 door not mapped","node_role":"approach","geometry_precision":"nearest_mapped_sidewalk","accessibility_status":"unknown","operational_status":"unknown","confidence":"inferred","source":"OpenStreetMap footway geometry; nearest approach, not a surveyed entrance","building_offset_m":12.8}},{"type":"Feature","geometry":{"type":"Point","coordinates":[-80.42037444929036,37.228747911206725]},"properties":{"entrance_id":"APPROACH-OSM-VT-WAR-MEMORIAL-CHAPEL","node_id":"N-APPROACH-OSM-VT-WAR-MEMORIAL-CHAPEL","building_id":"VT-WAR-MEMORIAL-CHAPEL","entrance_name":"Nearby sidewalk (OSM) \u2014 door not mapped","node_role":"approach","geometry_precision":"nearest_mapped_sidewalk","accessibility_status":"unknown","operational_status":"unknown","confidence":"inferred","source":"OpenStreetMap footway geometry; nearest approach, not a surveyed entrance","building_offset_m":12.3}},{"type":"Feature","geometry":{"type":"Point","coordinates":[-80.4191217921463,37.22843950446809]},"properties":{"entrance_id":"APPROACH-OSM-VT-NEWMAN-LIBRARY","node_id":"N-APPROACH-OSM-VT-NEWMAN-LIBRARY","building_id":"VT-NEWMAN-LIBRARY","entrance_name":"Nearby sidewalk (OSM) \u2014 door not mapped","node_role":"approach","geometry_precision":"nearest_mapped_sidewalk","accessibility_status":"unknown","operational_status":"unknown","confidence":"inferred","source":"OpenStreetMap footway geometry; nearest approach, not a surveyed entrance","building_offset_m":38.9}},{"type":"Feature","geometry":{"type":"Point","coordinates":[-80.4222557,37.2292893]},"properties":{"entrance_id":"APPROACH-OSM-VT-PATTON-HALL","node_id":"N-APPROACH-OSM-VT-PATTON-HALL","building_id":"VT-PATTON-HALL","entrance_name":"Nearby sidewalk (OSM) \u2014 door not mapped","node_role":"approach","geometry_precision":"nearest_mapped_sidewalk","accessibility_status":"unknown","operational_status":"unknown","confidence":"inferred","source":"OpenStreetMap footway geometry; nearest approach, not a surveyed entrance","building_offset_m":8.4}},{"type":"Feature","geometry":{"type":"Point","coordinates":[-80.42436716338527,37.22961029691888]},"properties":{"entrance_id":"APPROACH-OSM-VT-BURCHARD-HALL","node_id":"N-APPROACH-OSM-VT-BURCHARD-HALL","building_id":"VT-BURCHARD-HALL","entrance_name":"Nearby sidewalk (OSM) \u2014 door not mapped","node_role":"approach","geometry_precision":"nearest_mapped_sidewalk","accessibility_status":"unknown","operational_status":"unknown","confidence":"inferred","source":"OpenStreetMap footway geometry; nearest approach, not a surveyed entrance","building_offset_m":0.8}},{"type":"Feature","geometry":{"type":"Point","coordinates":[-80.4229213,37.2257936]},"properties":{"entrance_id":"APPROACH-OSM-VT-HUTCHESON-HALL","node_id":"N-APPROACH-OSM-VT-HUTCHESON-HALL","building_id":"VT-HUTCHESON-HALL","entrance_name":"Nearby sidewalk (OSM) \u2014 door not mapped","node_role":"approach","geometry_precision":"nearest_mapped_sidewalk","accessibility_status":"unknown","operational_status":"unknown","confidence":"inferred","source":"OpenStreetMap footway geometry; nearest approach, not a surveyed entrance","building_offset_m":12.8}},{"type":"Feature","geometry":{"type":"Point","coordinates":[-80.42288196699813,37.2299302338947]},"properties":{"entrance_id":"APPROACH-OSM-VT-NORRIS-HALL","node_id":"N-APPROACH-OSM-VT-NORRIS-HALL","building_id":"VT-NORRIS-HALL","entrance_name":"Nearby sidewalk (OSM) \u2014 door not mapped","node_role":"approach","geometry_precision":"nearest_mapped_sidewalk","accessibility_status":"unknown","operational_status":"unknown","confidence":"inferred","source":"OpenStreetMap footway geometry; nearest approach, not a surveyed entrance","building_offset_m":31.9}},{"type":"Feature","geometry":{"type":"Point","coordinates":[-80.42460148842814,37.22979703907946]},"properties":{"entrance_id":"APPROACH-OSM-VT-COWGILL-HALL","node_id":"N-APPROACH-OSM-VT-COWGILL-HALL","building_id":"VT-COWGILL-HALL","entrance_name":"Nearby sidewalk (OSM) \u2014 door not mapped","node_role":"approach","geometry_precision":"nearest_mapped_sidewalk","accessibility_status":"unknown","operational_status":"unknown","confidence":"inferred","source":"OpenStreetMap footway geometry; nearest approach, not a surveyed entrance","building_offset_m":18.9}},{"type":"Feature","geometry":{"type":"Point","coordinates":[-80.4162809,37.23015]},"properties":{"entrance_id":"APPROACH-OSM-VT-THEATER-101","node_id":"N-APPROACH-OSM-VT-THEATER-101","building_id":"VT-THEATER-101","entrance_name":"Nearby sidewalk (OSM) \u2014 door not mapped","node_role":"approach","geometry_precision":"nearest_mapped_sidewalk","accessibility_status":"unknown","operational_status":"unknown","confidence":"inferred","source":"OpenStreetMap footway geometry; nearest approach, not a surveyed entrance","building_offset_m":12.8}},{"type":"Feature","geometry":{"type":"Point","coordinates":[-80.4170696,37.2303128]},"properties":{"entrance_id":"APPROACH-OSM-VT-HENDERSON-HALL","node_id":"N-APPROACH-OSM-VT-HENDERSON-HALL","building_id":"VT-HENDERSON-HALL","entrance_name":"Nearby sidewalk (OSM) \u2014 door not mapped","node_role":"approach","geometry_precision":"nearest_mapped_sidewalk","accessibility_status":"unknown","operational_status":"unknown","confidence":"inferred","source":"OpenStreetMap footway geometry; nearest approach, not a surveyed entrance","building_offset_m":24.6}},{"type":"Feature","geometry":{"type":"Point","coordinates":[-80.42099052326887,37.23056277329727]},"properties":{"entrance_id":"APPROACH-OSM-VT-COLLEGE-OF-LIBERAL-ARTS-AND-HUMAN-SCIENC","node_id":"N-APPROACH-OSM-VT-COLLEGE-OF-LIBERAL-ARTS-AND-HUMAN-SCIENC","building_id":"VT-COLLEGE-OF-LIBERAL-ARTS-AND-HUMAN-SCIENC","entrance_name":"Nearby sidewalk (OSM) \u2014 door not mapped","node_role":"approach","geometry_precision":"nearest_mapped_sidewalk","accessibility_status":"unknown","operational_status":"unknown","confidence":"inferred","source":"OpenStreetMap footway geometry; nearest approach, not a surveyed entrance","building_offset_m":11.3}},{"type":"Feature","geometry":{"type":"Point","coordinates":[-80.42441187497673,37.23014701982414]},"properties":{"entrance_id":"APPROACH-OSM-VT-HANCOCK-HALL","node_id":"N-APPROACH-OSM-VT-HANCOCK-HALL","building_id":"VT-HANCOCK-HALL","entrance_name":"Nearby sidewalk (OSM) \u2014 door not mapped","node_role":"approach","geometry_precision":"nearest_mapped_sidewalk","accessibility_status":"unknown","operational_status":"unknown","confidence":"inferred","source":"OpenStreetMap footway geometry; nearest approach, not a surveyed entrance","building_offset_m":18.1}},{"type":"Feature","geometry":{"type":"Point","coordinates":[-80.4196938,37.2308221]},"properties":{"entrance_id":"APPROACH-OSM-VT-LANE-HALL","node_id":"N-APPROACH-OSM-VT-LANE-HALL","building_id":"VT-LANE-HALL","entrance_name":"Nearby sidewalk (OSM) \u2014 door not mapped","node_role":"approach","geometry_precision":"nearest_mapped_sidewalk","accessibility_status":"unknown","operational_status":"unknown","confidence":"inferred","source":"OpenStreetMap footway geometry; nearest approach, not a surveyed entrance","building_offset_m":11.5}},{"type":"Feature","geometry":{"type":"Point","coordinates":[-80.43406630507417,37.230835885524904]},"properties":{"entrance_id":"APPROACH-OSM-VT-VISITORS-UNDERGRADUATE-ADMISSIONS-CENTER","node_id":"N-APPROACH-OSM-VT-VISITORS-UNDERGRADUATE-ADMISSIONS-CENTER","building_id":"VT-VISITORS-UNDERGRADUATE-ADMISSIONS-CENTER","entrance_name":"Nearby sidewalk (OSM) \u2014 door not mapped","node_role":"approach","geometry_precision":"nearest_mapped_sidewalk","accessibility_status":"unknown","operational_status":"unknown","confidence":"inferred","source":"OpenStreetMap footway geometry; nearest approach, not a surveyed entrance","building_offset_m":2.2}},{"type":"Feature","geometry":{"type":"Point","coordinates":[-80.4206541,37.230989]},"properties":{"entrance_id":"APPROACH-OSM-VT-MAJOR-WILLIAMS-HALL","node_id":"N-APPROACH-OSM-VT-MAJOR-WILLIAMS-HALL","building_id":"VT-MAJOR-WILLIAMS-HALL","entrance_name":"Nearby sidewalk (OSM) \u2014 door not mapped","node_role":"approach","geometry_precision":"nearest_mapped_sidewalk","accessibility_status":"unknown","operational_status":"unknown","confidence":"inferred","source":"OpenStreetMap footway geometry; nearest approach, not a surveyed entrance","building_offset_m":10.8}},{"type":"Feature","geometry":{"type":"Point","coordinates":[-80.423168,37.2328876]},"properties":{"entrance_id":"APPROACH-OSM-VT-SURGE-SPACE-BUILDING","node_id":"N-APPROACH-OSM-VT-SURGE-SPACE-BUILDING","building_id":"VT-SURGE-SPACE-BUILDING","entrance_name":"Nearby sidewalk (OSM) \u2014 door not mapped","node_role":"approach","geometry_precision":"nearest_mapped_sidewalk","accessibility_status":"unknown","operational_status":"unknown","confidence":"inferred","source":"OpenStreetMap footway geometry; nearest approach, not a surveyed entrance","building_offset_m":19.8}},{"type":"Feature","geometry":{"type":"Point","coordinates":[-80.43780184235005,37.22632160062533]},"properties":{"entrance_id":"APPROACH-OSM-VT-CENTRAL-SERVICES","node_id":"N-APPROACH-OSM-VT-CENTRAL-SERVICES","building_id":"VT-CENTRAL-SERVICES","entrance_name":"Nearby sidewalk (OSM) \u2014 door not mapped","node_role":"approach","geometry_precision":"nearest_mapped_sidewalk","accessibility_status":"unknown","operational_status":"unknown","confidence":"inferred","source":"OpenStreetMap footway geometry; nearest approach, not a surveyed entrance","building_offset_m":25.9}},{"type":"Feature","geometry":{"type":"Point","coordinates":[-80.4226859,37.2312307]},"properties":{"entrance_id":"APPROACH-OSM-VT-LAVERY-HALL","node_id":"N-APPROACH-OSM-VT-LAVERY-HALL","building_id":"VT-LAVERY-HALL","entrance_name":"Nearby sidewalk (OSM) \u2014 door not mapped","node_role":"approach","geometry_precision":"nearest_mapped_sidewalk","accessibility_status":"unknown","operational_status":"unknown","confidence":"inferred","source":"OpenStreetMap footway geometry; nearest approach, not a surveyed entrance","building_offset_m":14.1}},{"type":"Feature","geometry":{"type":"Point","coordinates":[-80.42152373021884,37.23142859924375]},"properties":{"entrance_id":"APPROACH-OSM-VT-OLD-SECURITY-BUILDING","node_id":"N-APPROACH-OSM-VT-OLD-SECURITY-BUILDING","building_id":"VT-OLD-SECURITY-BUILDING","entrance_name":"Nearby sidewalk (OSM) \u2014 door not mapped","node_role":"approach","geometry_precision":"nearest_mapped_sidewalk","accessibility_status":"unknown","operational_status":"unknown","confidence":"inferred","source":"OpenStreetMap footway geometry; nearest approach, not a surveyed entrance","building_offset_m":8.2}},{"type":"Feature","geometry":{"type":"Point","coordinates":[-80.43539645548,37.23117730730332]},"properties":{"entrance_id":"APPROACH-OSM-VT-STORAGE-SHED","node_id":"N-APPROACH-OSM-VT-STORAGE-SHED","building_id":"VT-STORAGE-SHED","entrance_name":"Nearby sidewalk (OSM) \u2014 door not mapped","node_role":"approach","geometry_precision":"nearest_mapped_sidewalk","accessibility_status":"unknown","operational_status":"unknown","confidence":"inferred","source":"OpenStreetMap footway geometry; nearest approach, not a surveyed entrance","building_offset_m":64.9}},{"type":"Feature","geometry":{"type":"Point","coordinates":[-80.41975908802013,37.23162034118921]},"properties":{"entrance_id":"APPROACH-OSM-VT-SHANKS-HALL","node_id":"N-APPROACH-OSM-VT-SHANKS-HALL","building_id":"VT-SHANKS-HALL","entrance_name":"Nearby sidewalk (OSM) \u2014 door not mapped","node_role":"approach","geometry_precision":"nearest_mapped_sidewalk","accessibility_status":"unknown","operational_status":"unknown","confidence":"inferred","source":"OpenStreetMap footway geometry; nearest approach, not a surveyed entrance","building_offset_m":9.3}},{"type":"Feature","geometry":{"type":"Point","coordinates":[-80.42586488392801,37.230867585634066]},"properties":{"entrance_id":"APPROACH-OSM-VT-PARKING-STRUCTURE-PERRY-STREET-LOT","node_id":"N-APPROACH-OSM-VT-PARKING-STRUCTURE-PERRY-STREET-LOT","building_id":"VT-PARKING-STRUCTURE-PERRY-STREET-LOT","entrance_name":"Nearby sidewalk (OSM) \u2014 door not mapped","node_role":"approach","geometry_precision":"nearest_mapped_sidewalk","accessibility_status":"unknown","operational_status":"unknown","confidence":"inferred","source":"OpenStreetMap footway geometry; nearest approach, not a surveyed entrance","building_offset_m":52.1}},{"type":"Feature","geometry":{"type":"Point","coordinates":[-80.4214429583606,37.2317311925984]},"properties":{"entrance_id":"APPROACH-OSM-VT-MILITARY-BUILDING-LAUNDRY","node_id":"N-APPROACH-OSM-VT-MILITARY-BUILDING-LAUNDRY","building_id":"VT-MILITARY-BUILDING-LAUNDRY","entrance_name":"Nearby sidewalk (OSM) \u2014 door not mapped","node_role":"approach","geometry_precision":"nearest_mapped_sidewalk","accessibility_status":"unknown","operational_status":"unknown","confidence":"inferred","source":"OpenStreetMap footway geometry; nearest approach, not a surveyed entrance","building_offset_m":11.3}},{"type":"Feature","geometry":{"type":"Point","coordinates":[-80.43481216451423,37.23146665850374]},"properties":{"entrance_id":"APPROACH-OSM-VT-PLANT-PATHOLOGY-LAB-AND-OFFICE","node_id":"N-APPROACH-OSM-VT-PLANT-PATHOLOGY-LAB-AND-OFFICE","building_id":"VT-PLANT-PATHOLOGY-LAB-AND-OFFICE","entrance_name":"Nearby sidewalk (OSM) \u2014 door not mapped","node_role":"approach","geometry_precision":"nearest_mapped_sidewalk","accessibility_status":"unknown","operational_status":"unknown","confidence":"inferred","source":"OpenStreetMap footway geometry; nearest approach, not a surveyed entrance","building_offset_m":60.5}},{"type":"Feature","geometry":{"type":"Point","coordinates":[-80.42080597260738,37.231936627258314]},"properties":{"entrance_id":"APPROACH-OSM-VT-POWER-HOUSE","node_id":"N-APPROACH-OSM-VT-POWER-HOUSE","building_id":"VT-POWER-HOUSE","entrance_name":"Nearby sidewalk (OSM) \u2014 door not mapped","node_role":"approach","geometry_precision":"nearest_mapped_sidewalk","accessibility_status":"unknown","operational_status":"unknown","confidence":"inferred","source":"OpenStreetMap footway geometry; nearest approach, not a surveyed entrance","building_offset_m":19.8}},{"type":"Feature","geometry":{"type":"Point","coordinates":[-80.42166890531652,37.23199109860761]},"properties":{"entrance_id":"APPROACH-OSM-VT-NORTH-CHILLER-PLANT","node_id":"N-APPROACH-OSM-VT-NORTH-CHILLER-PLANT","building_id":"VT-NORTH-CHILLER-PLANT","entrance_name":"Nearby sidewalk (OSM) \u2014 door not mapped","node_role":"approach","geometry_precision":"nearest_mapped_sidewalk","accessibility_status":"unknown","operational_status":"unknown","confidence":"inferred","source":"OpenStreetMap footway geometry; nearest approach, not a surveyed entrance","building_offset_m":20.6}},{"type":"Feature","geometry":{"type":"Point","coordinates":[-80.43465074261049,37.231527430318415]},"properties":{"entrance_id":"APPROACH-OSM-VT-BUTLER-BUILDING","node_id":"N-APPROACH-OSM-VT-BUTLER-BUILDING","building_id":"VT-BUTLER-BUILDING","entrance_name":"Nearby sidewalk (OSM) \u2014 door not mapped","node_role":"approach","geometry_precision":"nearest_mapped_sidewalk","accessibility_status":"unknown","operational_status":"unknown","confidence":"inferred","source":"OpenStreetMap footway geometry; nearest approach, not a surveyed entrance","building_offset_m":64.8}},{"type":"Feature","geometry":{"type":"Point","coordinates":[-80.42339729992666,37.21930136079561]},"properties":{"entrance_id":"APPROACH-OSM-VT-FORESTRY-SHED","node_id":"N-APPROACH-OSM-VT-FORESTRY-SHED","building_id":"VT-FORESTRY-SHED","entrance_name":"Nearby sidewalk (OSM) \u2014 door not mapped","node_role":"approach","geometry_precision":"nearest_mapped_sidewalk","accessibility_status":"unknown","operational_status":"unknown","confidence":"inferred","source":"OpenStreetMap footway geometry; nearest approach, not a surveyed entrance","building_offset_m":19.3}},{"type":"Feature","geometry":{"type":"Point","coordinates":[-80.4181823,37.2147994]},"properties":{"entrance_id":"APPROACH-OSM-VT-MATERIALS-MANAGEMENT-FACILITY","node_id":"N-APPROACH-OSM-VT-MATERIALS-MANAGEMENT-FACILITY","building_id":"VT-MATERIALS-MANAGEMENT-FACILITY","entrance_name":"Nearby sidewalk (OSM) \u2014 door not mapped","node_role":"approach","geometry_precision":"nearest_mapped_sidewalk","accessibility_status":"unknown","operational_status":"unknown","confidence":"inferred","source":"OpenStreetMap footway geometry; nearest approach, not a surveyed entrance","building_offset_m":64.8}},{"type":"Feature","geometry":{"type":"Point","coordinates":[-80.4192937,37.2146773]},"properties":{"entrance_id":"APPROACH-OSM-VT-BURROWS-BURLESON-TENNIS-CENTER","node_id":"N-APPROACH-OSM-VT-BURROWS-BURLESON-TENNIS-CENTER","building_id":"VT-BURROWS-BURLESON-TENNIS-CENTER","entrance_name":"Nearby sidewalk (OSM) \u2014 door not mapped","node_role":"approach","geometry_precision":"nearest_mapped_sidewalk","accessibility_status":"unknown","operational_status":"unknown","confidence":"inferred","source":"OpenStreetMap footway geometry; nearest approach, not a surveyed entrance","building_offset_m":18.4}},{"type":"Feature","geometry":{"type":"Point","coordinates":[-80.4181823,37.2147994]},"properties":{"entrance_id":"APPROACH-OSM-VT-BATTERY-HOUSE","node_id":"N-APPROACH-OSM-VT-BATTERY-HOUSE","building_id":"VT-BATTERY-HOUSE","entrance_name":"Nearby sidewalk (OSM) \u2014 door not mapped","node_role":"approach","geometry_precision":"nearest_mapped_sidewalk","accessibility_status":"unknown","operational_status":"unknown","confidence":"inferred","source":"OpenStreetMap footway geometry; nearest approach, not a surveyed entrance","building_offset_m":69.3}},{"type":"Feature","geometry":{"type":"Point","coordinates":[-80.41819288129737,37.21480355634685]},"properties":{"entrance_id":"APPROACH-OSM-VT-HEALTH-SAFETY-BUILDING","node_id":"N-APPROACH-OSM-VT-HEALTH-SAFETY-BUILDING","building_id":"VT-HEALTH-SAFETY-BUILDING","entrance_name":"Nearby sidewalk (OSM) \u2014 door not mapped","node_role":"approach","geometry_precision":"nearest_mapped_sidewalk","accessibility_status":"unknown","operational_status":"unknown","confidence":"inferred","source":"OpenStreetMap footway geometry; nearest approach, not a surveyed entrance","building_offset_m":33.2}},{"type":"Feature","geometry":{"type":"Point","coordinates":[-80.4188052,37.2150786]},"properties":{"entrance_id":"APPROACH-OSM-VT-SOUTH-RECREATION-TOILETS","node_id":"N-APPROACH-OSM-VT-SOUTH-RECREATION-TOILETS","building_id":"VT-SOUTH-RECREATION-TOILETS","entrance_name":"Nearby sidewalk (OSM) \u2014 door not mapped","node_role":"approach","geometry_precision":"nearest_mapped_sidewalk","accessibility_status":"unknown","operational_status":"unknown","confidence":"inferred","source":"OpenStreetMap footway geometry; nearest approach, not a surveyed entrance","building_offset_m":20.1}},{"type":"Feature","geometry":{"type":"Point","coordinates":[-80.41860030270513,37.215664901811174]},"properties":{"entrance_id":"APPROACH-OSM-VT-RESIDENCE-ORANGE-HOUSE","node_id":"N-APPROACH-OSM-VT-RESIDENCE-ORANGE-HOUSE","building_id":"VT-RESIDENCE-ORANGE-HOUSE","entrance_name":"Nearby sidewalk (OSM) \u2014 door not mapped","node_role":"approach","geometry_precision":"nearest_mapped_sidewalk","accessibility_status":"unknown","operational_status":"unknown","confidence":"inferred","source":"OpenStreetMap footway geometry; nearest approach, not a surveyed entrance","building_offset_m":29.0}},{"type":"Feature","geometry":{"type":"Point","coordinates":[-80.4186877,37.2165005]},"properties":{"entrance_id":"APPROACH-OSM-VT-CAGE-LAYER-HOUSE","node_id":"N-APPROACH-OSM-VT-CAGE-LAYER-HOUSE","building_id":"VT-CAGE-LAYER-HOUSE","entrance_name":"Nearby sidewalk (OSM) \u2014 door not mapped","node_role":"approach","geometry_precision":"nearest_mapped_sidewalk","accessibility_status":"unknown","operational_status":"unknown","confidence":"inferred","source":"OpenStreetMap footway geometry; nearest approach, not a surveyed entrance","building_offset_m":21.8}},{"type":"Feature","geometry":{"type":"Point","coordinates":[-80.4186877,37.2165005]},"properties":{"entrance_id":"APPROACH-OSM-VT-SOLAR-HOUSE","node_id":"N-APPROACH-OSM-VT-SOLAR-HOUSE","building_id":"VT-SOLAR-HOUSE","entrance_name":"Nearby sidewalk (OSM) \u2014 door not mapped","node_role":"approach","geometry_precision":"nearest_mapped_sidewalk","accessibility_status":"unknown","operational_status":"unknown","confidence":"inferred","source":"OpenStreetMap footway geometry; nearest approach, not a surveyed entrance","building_offset_m":83.7}},{"type":"Feature","geometry":{"type":"Point","coordinates":[-80.4264013,37.2173042]},"properties":{"entrance_id":"APPROACH-OSM-VT-VET-MED-PHASE-2","node_id":"N-APPROACH-OSM-VT-VET-MED-PHASE-2","building_id":"VT-VET-MED-PHASE-2","entrance_name":"Nearby sidewalk (OSM) \u2014 door not mapped","node_role":"approach","geometry_precision":"nearest_mapped_sidewalk","accessibility_status":"unknown","operational_status":"unknown","confidence":"inferred","source":"OpenStreetMap footway geometry; nearest approach, not a surveyed entrance","building_offset_m":24.0}},{"type":"Feature","geometry":{"type":"Point","coordinates":[-80.4273898,37.2176625]},"properties":{"entrance_id":"APPROACH-OSM-VT-VET-MED-PHASE-4B","node_id":"N-APPROACH-OSM-VT-VET-MED-PHASE-4B","building_id":"VT-VET-MED-PHASE-4B","entrance_name":"Nearby sidewalk (OSM) \u2014 door not mapped","node_role":"approach","geometry_precision":"nearest_mapped_sidewalk","accessibility_status":"unknown","operational_status":"unknown","confidence":"inferred","source":"OpenStreetMap footway geometry; nearest approach, not a surveyed entrance","building_offset_m":33.1}},{"type":"Feature","geometry":{"type":"Point","coordinates":[-80.4279939,37.2178355]},"properties":{"entrance_id":"APPROACH-OSM-VT-VET-MED-PHASE-4D","node_id":"N-APPROACH-OSM-VT-VET-MED-PHASE-4D","building_id":"VT-VET-MED-PHASE-4D","entrance_name":"Nearby sidewalk (OSM) \u2014 door not mapped","node_role":"approach","geometry_precision":"nearest_mapped_sidewalk","accessibility_status":"unknown","operational_status":"unknown","confidence":"inferred","source":"OpenStreetMap footway geometry; nearest approach, not a surveyed entrance","building_offset_m":67.3}},{"type":"Feature","geometry":{"type":"Point","coordinates":[-80.4271548,37.2174901]},"properties":{"entrance_id":"APPROACH-OSM-VT-VET-MED-PHASE-4C-NON-CLIENT-ANIMAL","node_id":"N-APPROACH-OSM-VT-VET-MED-PHASE-4C-NON-CLIENT-ANIMAL","building_id":"VT-VET-MED-PHASE-4C-NON-CLIENT-ANIMAL","entrance_name":"Nearby sidewalk (OSM) \u2014 door not mapped","node_role":"approach","geometry_precision":"nearest_mapped_sidewalk","accessibility_status":"unknown","operational_status":"unknown","confidence":"inferred","source":"OpenStreetMap footway geometry; nearest approach, not a surveyed entrance","building_offset_m":30.1}},{"type":"Feature","geometry":{"type":"Point","coordinates":[-80.4264043,37.2176079]},"properties":{"entrance_id":"APPROACH-OSM-VT-VET-MED-INSTRUCTIONAL-ADDITION","node_id":"N-APPROACH-OSM-VT-VET-MED-INSTRUCTIONAL-ADDITION","building_id":"VT-VET-MED-INSTRUCTIONAL-ADDITION","entrance_name":"Nearby sidewalk (OSM) \u2014 door not mapped","node_role":"approach","geometry_precision":"nearest_mapped_sidewalk","accessibility_status":"unknown","operational_status":"unknown","confidence":"inferred","source":"OpenStreetMap footway geometry; nearest approach, not a surveyed entrance","building_offset_m":14.7}},{"type":"Feature","geometry":{"type":"Point","coordinates":[-80.4281491,37.2180699]},"properties":{"entrance_id":"APPROACH-OSM-VT-VET-MED-PHASE-4A-LARGE-ANIMAL-ISOLATION","node_id":"N-APPROACH-OSM-VT-VET-MED-PHASE-4A-LARGE-ANIMAL-ISOLATION","building_id":"VT-VET-MED-PHASE-4A-LARGE-ANIMAL-ISOLATION","entrance_name":"Nearby sidewalk (OSM) \u2014 door not mapped","node_role":"approach","geometry_precision":"nearest_mapped_sidewalk","accessibility_status":"unknown","operational_status":"unknown","confidence":"inferred","source":"OpenStreetMap footway geometry; nearest approach, not a surveyed entrance","building_offset_m":97.3}},{"type":"Feature","geometry":{"type":"Point","coordinates":[-80.4281491,37.2180699]},"properties":{"entrance_id":"APPROACH-OSM-VT-DRY-RENDERING-FACILITY","node_id":"N-APPROACH-OSM-VT-DRY-RENDERING-FACILITY","building_id":"VT-DRY-RENDERING-FACILITY","entrance_name":"Nearby sidewalk (OSM) \u2014 door not mapped","node_role":"approach","geometry_precision":"nearest_mapped_sidewalk","accessibility_status":"unknown","operational_status":"unknown","confidence":"inferred","source":"OpenStreetMap footway geometry; nearest approach, not a surveyed entrance","building_offset_m":71.8}},{"type":"Feature","geometry":{"type":"Point","coordinates":[-80.4279939,37.2178355]},"properties":{"entrance_id":"APPROACH-OSM-VT-VET-MED-PHASE-3","node_id":"N-APPROACH-OSM-VT-VET-MED-PHASE-3","building_id":"VT-VET-MED-PHASE-3","entrance_name":"Nearby sidewalk (OSM) \u2014 door not mapped","node_role":"approach","geometry_precision":"nearest_mapped_sidewalk","accessibility_status":"unknown","operational_status":"unknown","confidence":"inferred","source":"OpenStreetMap footway geometry; nearest approach, not a surveyed entrance","building_offset_m":27.3}},{"type":"Feature","geometry":{"type":"Point","coordinates":[-80.43014550093802,37.21828394856934]},"properties":{"entrance_id":"APPROACH-OSM-VT-VET-MED-HAY-BARN","node_id":"N-APPROACH-OSM-VT-VET-MED-HAY-BARN","building_id":"VT-VET-MED-HAY-BARN","entrance_name":"Nearby sidewalk (OSM) \u2014 door not mapped","node_role":"approach","geometry_precision":"nearest_mapped_sidewalk","accessibility_status":"unknown","operational_status":"unknown","confidence":"inferred","source":"OpenStreetMap footway geometry; nearest approach, not a surveyed entrance","building_offset_m":81.1}},{"type":"Feature","geometry":{"type":"Point","coordinates":[-80.43024158664744,37.21814478358704]},"properties":{"entrance_id":"APPROACH-OSM-VT-METAL-BARN","node_id":"N-APPROACH-OSM-VT-METAL-BARN","building_id":"VT-METAL-BARN","entrance_name":"Nearby sidewalk (OSM) \u2014 door not mapped","node_role":"approach","geometry_precision":"nearest_mapped_sidewalk","accessibility_status":"unknown","operational_status":"unknown","confidence":"inferred","source":"OpenStreetMap footway geometry; nearest approach, not a surveyed entrance","building_offset_m":38.0}},{"type":"Feature","geometry":{"type":"Point","coordinates":[-80.42818,37.2181447]},"properties":{"entrance_id":"APPROACH-OSM-VT-VET-MED-PHASE-4C-LARGE-ANIMAL-HOSPITAL","node_id":"N-APPROACH-OSM-VT-VET-MED-PHASE-4C-LARGE-ANIMAL-HOSPITAL","building_id":"VT-VET-MED-PHASE-4C-LARGE-ANIMAL-HOSPITAL","entrance_name":"Nearby sidewalk (OSM) \u2014 door not mapped","node_role":"approach","geometry_precision":"nearest_mapped_sidewalk","accessibility_status":"unknown","operational_status":"unknown","confidence":"inferred","source":"OpenStreetMap footway geometry; nearest approach, not a surveyed entrance","building_offset_m":78.3}},{"type":"Feature","geometry":{"type":"Point","coordinates":[-80.42817007535385,37.21812067529022]},"properties":{"entrance_id":"APPROACH-OSM-VT-VET-MED-PHASE-1","node_id":"N-APPROACH-OSM-VT-VET-MED-PHASE-1","building_id":"VT-VET-MED-PHASE-1","entrance_name":"Nearby sidewalk (OSM) \u2014 door not mapped","node_role":"approach","geometry_precision":"nearest_mapped_sidewalk","accessibility_status":"unknown","operational_status":"unknown","confidence":"inferred","source":"OpenStreetMap footway geometry; nearest approach, not a surveyed entrance","building_offset_m":43.7}},{"type":"Feature","geometry":{"type":"Point","coordinates":[-80.41792527508797,37.218682834375215]},"properties":{"entrance_id":"APPROACH-OSM-VT-LANE-STADIUM-TICKET-BOOTH-SOUTH","node_id":"N-APPROACH-OSM-VT-LANE-STADIUM-TICKET-BOOTH-SOUTH","building_id":"VT-LANE-STADIUM-TICKET-BOOTH-SOUTH","entrance_name":"Nearby sidewalk (OSM) \u2014 door not mapped","node_role":"approach","geometry_precision":"nearest_mapped_sidewalk","accessibility_status":"unknown","operational_status":"unknown","confidence":"inferred","source":"OpenStreetMap footway geometry; nearest approach, not a surveyed entrance","building_offset_m":3.9}},{"type":"Feature","geometry":{"type":"Point","coordinates":[-80.42811476498045,37.2183337291602]},"properties":{"entrance_id":"APPROACH-OSM-VT-INFECTIOUS-DISEASE-RESEARCH-FACILITY","node_id":"N-APPROACH-OSM-VT-INFECTIOUS-DISEASE-RESEARCH-FACILITY","building_id":"VT-INFECTIOUS-DISEASE-RESEARCH-FACILITY","entrance_name":"Nearby sidewalk (OSM) \u2014 door not mapped","node_role":"approach","geometry_precision":"nearest_mapped_sidewalk","accessibility_status":"unknown","operational_status":"unknown","confidence":"inferred","source":"OpenStreetMap footway geometry; nearest approach, not a surveyed entrance","building_offset_m":18.4}},{"type":"Feature","geometry":{"type":"Point","coordinates":[-80.41666589677548,37.21878586667739]},"properties":{"entrance_id":"APPROACH-OSM-VT-SOUTHGATE-CENTER","node_id":"N-APPROACH-OSM-VT-SOUTHGATE-CENTER","building_id":"VT-SOUTHGATE-CENTER","entrance_name":"Nearby sidewalk (OSM) \u2014 door not mapped","node_role":"approach","geometry_precision":"nearest_mapped_sidewalk","accessibility_status":"unknown","operational_status":"unknown","confidence":"inferred","source":"OpenStreetMap footway geometry; nearest approach, not a surveyed entrance","building_offset_m":30.0}},{"type":"Feature","geometry":{"type":"Point","coordinates":[-80.4408304,37.2191514]},"properties":{"entrance_id":"APPROACH-OSM-VT-CAMPBELL-ARENA-EQUIPMENT-SHED","node_id":"N-APPROACH-OSM-VT-CAMPBELL-ARENA-EQUIPMENT-SHED","building_id":"VT-CAMPBELL-ARENA-EQUIPMENT-SHED","entrance_name":"Nearby sidewalk (OSM) \u2014 door not mapped","node_role":"approach","geometry_precision":"nearest_mapped_sidewalk","accessibility_status":"unknown","operational_status":"unknown","confidence":"inferred","source":"OpenStreetMap footway geometry; nearest approach, not a surveyed entrance","building_offset_m":57.1}},{"type":"Feature","geometry":{"type":"Point","coordinates":[-80.42045188313054,37.219215565408916]},"properties":{"entrance_id":"APPROACH-OSM-VT-WOMEN-S-SOFTBALL-FIELD-DUGOUTS","node_id":"N-APPROACH-OSM-VT-WOMEN-S-SOFTBALL-FIELD-DUGOUTS","building_id":"VT-WOMEN-S-SOFTBALL-FIELD-DUGOUTS","entrance_name":"Nearby sidewalk (OSM) \u2014 door not mapped","node_role":"approach","geometry_precision":"nearest_mapped_sidewalk","accessibility_status":"unknown","operational_status":"unknown","confidence":"inferred","source":"OpenStreetMap footway geometry; nearest approach, not a surveyed entrance","building_offset_m":19.8}},{"type":"Feature","geometry":{"type":"Point","coordinates":[-80.41472831071442,37.21926412044402]},"properties":{"entrance_id":"APPROACH-OSM-VT-BUILDING-270J-VPAS-IT","node_id":"N-APPROACH-OSM-VT-BUILDING-270J-VPAS-IT","building_id":"VT-BUILDING-270J-VPAS-IT","entrance_name":"Nearby sidewalk (OSM) \u2014 door not mapped","node_role":"approach","geometry_precision":"nearest_mapped_sidewalk","accessibility_status":"unknown","operational_status":"unknown","confidence":"inferred","source":"OpenStreetMap footway geometry; nearest approach, not a surveyed entrance","building_offset_m":7.2}},{"type":"Feature","geometry":{"type":"Point","coordinates":[-80.4408304,37.2191514]},"properties":{"entrance_id":"APPROACH-OSM-VT-TACK-BUILDING","node_id":"N-APPROACH-OSM-VT-TACK-BUILDING","building_id":"VT-TACK-BUILDING","entrance_name":"Nearby sidewalk (OSM) \u2014 door not mapped","node_role":"approach","geometry_precision":"nearest_mapped_sidewalk","accessibility_status":"unknown","operational_status":"unknown","confidence":"inferred","source":"OpenStreetMap footway geometry; nearest approach, not a surveyed entrance","building_offset_m":24.0}},{"type":"Feature","geometry":{"type":"Point","coordinates":[-80.4241139,37.2192]},"properties":{"entrance_id":"APPROACH-OSM-VT-HAHN-GARDEN-PAVILION","node_id":"N-APPROACH-OSM-VT-HAHN-GARDEN-PAVILION","building_id":"VT-HAHN-GARDEN-PAVILION","entrance_name":"Nearby sidewalk (OSM) \u2014 door not mapped","node_role":"approach","geometry_precision":"nearest_mapped_sidewalk","accessibility_status":"unknown","operational_status":"unknown","confidence":"inferred","source":"OpenStreetMap footway geometry; nearest approach, not a surveyed entrance","building_offset_m":5.2}},{"type":"Feature","geometry":{"type":"Point","coordinates":[-80.4408304,37.2191514]},"properties":{"entrance_id":"APPROACH-OSM-VT-EQUITATION-BARN","node_id":"N-APPROACH-OSM-VT-EQUITATION-BARN","building_id":"VT-EQUITATION-BARN","entrance_name":"Nearby sidewalk (OSM) \u2014 door not mapped","node_role":"approach","geometry_precision":"nearest_mapped_sidewalk","accessibility_status":"unknown","operational_status":"unknown","confidence":"inferred","source":"OpenStreetMap footway geometry; nearest approach, not a surveyed entrance","building_offset_m":27.6}},{"type":"Feature","geometry":{"type":"Point","coordinates":[-80.41241953367324,37.21924847346907]},"properties":{"entrance_id":"APPROACH-OSM-VT-GROUNDS-BUILDING","node_id":"N-APPROACH-OSM-VT-GROUNDS-BUILDING","building_id":"VT-GROUNDS-BUILDING","entrance_name":"Nearby sidewalk (OSM) \u2014 door not mapped","node_role":"approach","geometry_precision":"nearest_mapped_sidewalk","accessibility_status":"unknown","operational_status":"unknown","confidence":"inferred","source":"OpenStreetMap footway geometry; nearest approach, not a surveyed entrance","building_offset_m":19.7}},{"type":"Feature","geometry":{"type":"Point","coordinates":[-80.4241387,37.2195292]},"properties":{"entrance_id":"APPROACH-OSM-VT-GREENHOUSE-F6","node_id":"N-APPROACH-OSM-VT-GREENHOUSE-F6","building_id":"VT-GREENHOUSE-F6","entrance_name":"Nearby sidewalk (OSM) \u2014 door not mapped","node_role":"approach","geometry_precision":"nearest_mapped_sidewalk","accessibility_status":"unknown","operational_status":"unknown","confidence":"inferred","source":"OpenStreetMap footway geometry; nearest approach, not a surveyed entrance","building_offset_m":49.8}},{"type":"Feature","geometry":{"type":"Point","coordinates":[-80.4255853,37.2198727]},"properties":{"entrance_id":"APPROACH-OSM-VT-FOOD-SCIENCE-AND-TECHNOLOGY-LABORATORY","node_id":"N-APPROACH-OSM-VT-FOOD-SCIENCE-AND-TECHNOLOGY-LABORATORY","building_id":"VT-FOOD-SCIENCE-AND-TECHNOLOGY-LABORATORY","entrance_name":"Nearby sidewalk (OSM) \u2014 door not mapped","node_role":"approach","geometry_precision":"nearest_mapped_sidewalk","accessibility_status":"unknown","operational_status":"unknown","confidence":"inferred","source":"OpenStreetMap footway geometry; nearest approach, not a surveyed entrance","building_offset_m":21.7}},{"type":"Feature","geometry":{"type":"Point","coordinates":[-80.4329027,37.2197135]},"properties":{"entrance_id":"APPROACH-OSM-VT-MILKING-BARN","node_id":"N-APPROACH-OSM-VT-MILKING-BARN","building_id":"VT-MILKING-BARN","entrance_name":"Nearby sidewalk (OSM) \u2014 door not mapped","node_role":"approach","geometry_precision":"nearest_mapped_sidewalk","accessibility_status":"unknown","operational_status":"unknown","confidence":"inferred","source":"OpenStreetMap footway geometry; nearest approach, not a surveyed entrance","building_offset_m":72.9}},{"type":"Feature","geometry":{"type":"Point","coordinates":[-80.4325164,37.2198022]},"properties":{"entrance_id":"APPROACH-OSM-VT-ECOSYSTEM-SIMULATION-LAB","node_id":"N-APPROACH-OSM-VT-ECOSYSTEM-SIMULATION-LAB","building_id":"VT-ECOSYSTEM-SIMULATION-LAB","entrance_name":"Nearby sidewalk (OSM) \u2014 door not mapped","node_role":"approach","geometry_precision":"nearest_mapped_sidewalk","accessibility_status":"unknown","operational_status":"unknown","confidence":"inferred","source":"OpenStreetMap footway geometry; nearest approach, not a surveyed entrance","building_offset_m":96.5}},{"type":"Feature","geometry":{"type":"Point","coordinates":[-80.41574046787183,37.21903844546859]},"properties":{"entrance_id":"APPROACH-OSM-VT-PUBLIC-SAFETY-BUILDING","node_id":"N-APPROACH-OSM-VT-PUBLIC-SAFETY-BUILDING","building_id":"VT-PUBLIC-SAFETY-BUILDING","entrance_name":"Nearby sidewalk (OSM) \u2014 door not mapped","node_role":"approach","geometry_precision":"nearest_mapped_sidewalk","accessibility_status":"unknown","operational_status":"unknown","confidence":"inferred","source":"OpenStreetMap footway geometry; nearest approach, not a surveyed entrance","building_offset_m":21.4}},{"type":"Feature","geometry":{"type":"Point","coordinates":[-80.41379531817434,37.219238332249255]},"properties":{"entrance_id":"APPROACH-OSM-VT-FLEET-SERVICES-BUILDING","node_id":"N-APPROACH-OSM-VT-FLEET-SERVICES-BUILDING","building_id":"VT-FLEET-SERVICES-BUILDING","entrance_name":"Nearby sidewalk (OSM) \u2014 door not mapped","node_role":"approach","geometry_precision":"nearest_mapped_sidewalk","accessibility_status":"unknown","operational_status":"unknown","confidence":"inferred","source":"OpenStreetMap footway geometry; nearest approach, not a surveyed entrance","building_offset_m":21.4}},{"type":"Feature","geometry":{"type":"Point","coordinates":[-80.42327019689485,37.21930791885753]},"properties":{"entrance_id":"APPROACH-OSM-VT-GREENHOUSE-F3","node_id":"N-APPROACH-OSM-VT-GREENHOUSE-F3","building_id":"VT-GREENHOUSE-F3","entrance_name":"Nearby sidewalk (OSM) \u2014 door not mapped","node_role":"approach","geometry_precision":"nearest_mapped_sidewalk","accessibility_status":"unknown","operational_status":"unknown","confidence":"inferred","source":"OpenStreetMap footway geometry; nearest approach, not a surveyed entrance","building_offset_m":55.4}},{"type":"Feature","geometry":{"type":"Point","coordinates":[-80.4232318,37.2193099]},"properties":{"entrance_id":"APPROACH-OSM-VT-GREENHOUSE-F2","node_id":"N-APPROACH-OSM-VT-GREENHOUSE-F2","building_id":"VT-GREENHOUSE-F2","entrance_name":"Nearby sidewalk (OSM) \u2014 door not mapped","node_role":"approach","geometry_precision":"nearest_mapped_sidewalk","accessibility_status":"unknown","operational_status":"unknown","confidence":"inferred","source":"OpenStreetMap footway geometry; nearest approach, not a surveyed entrance","building_offset_m":55.7}},{"type":"Feature","geometry":{"type":"Point","coordinates":[-80.42233805777893,37.220148164860646]},"properties":{"entrance_id":"APPROACH-OSM-VT-MCCOMAS-HALL","node_id":"N-APPROACH-OSM-VT-MCCOMAS-HALL","building_id":"VT-MCCOMAS-HALL","entrance_name":"Nearby sidewalk (OSM) \u2014 door not mapped","node_role":"approach","geometry_precision":"nearest_mapped_sidewalk","accessibility_status":"unknown","operational_status":"unknown","confidence":"inferred","source":"OpenStreetMap footway geometry; nearest approach, not a surveyed entrance","building_offset_m":13.0}},{"type":"Feature","geometry":{"type":"Point","coordinates":[-80.42346031828906,37.21929810927347]},"properties":{"entrance_id":"APPROACH-OSM-VT-GREENHOUSE-F8","node_id":"N-APPROACH-OSM-VT-GREENHOUSE-F8","building_id":"VT-GREENHOUSE-F8","entrance_name":"Nearby sidewalk (OSM) \u2014 door not mapped","node_role":"approach","geometry_precision":"nearest_mapped_sidewalk","accessibility_status":"unknown","operational_status":"unknown","confidence":"inferred","source":"OpenStreetMap footway geometry; nearest approach, not a surveyed entrance","building_offset_m":38.9}},{"type":"Feature","geometry":{"type":"Point","coordinates":[-80.4232318,37.2193099]},"properties":{"entrance_id":"APPROACH-OSM-VT-GREENHOUSE-F7","node_id":"N-APPROACH-OSM-VT-GREENHOUSE-F7","building_id":"VT-GREENHOUSE-F7","entrance_name":"Nearby sidewalk (OSM) \u2014 door not mapped","node_role":"approach","geometry_precision":"nearest_mapped_sidewalk","accessibility_status":"unknown","operational_status":"unknown","confidence":"inferred","source":"OpenStreetMap footway geometry; nearest approach, not a surveyed entrance","building_offset_m":38.2}},{"type":"Feature","geometry":{"type":"Point","coordinates":[-80.41371302910268,37.2194748243082]},"properties":{"entrance_id":"APPROACH-OSM-VT-STERRETT-CENTER","node_id":"N-APPROACH-OSM-VT-STERRETT-CENTER","building_id":"VT-STERRETT-CENTER","entrance_name":"Nearby sidewalk (OSM) \u2014 door not mapped","node_role":"approach","geometry_precision":"nearest_mapped_sidewalk","accessibility_status":"unknown","operational_status":"unknown","confidence":"inferred","source":"OpenStreetMap footway geometry; nearest approach, not a surveyed entrance","building_offset_m":22.1}},{"type":"Feature","geometry":{"type":"Point","coordinates":[-80.42352291179331,37.21929487967248]},"properties":{"entrance_id":"APPROACH-OSM-VT-GREENHOUSE-F5","node_id":"N-APPROACH-OSM-VT-GREENHOUSE-F5","building_id":"VT-GREENHOUSE-F5","entrance_name":"Nearby sidewalk (OSM) \u2014 door not mapped","node_role":"approach","geometry_precision":"nearest_mapped_sidewalk","accessibility_status":"unknown","operational_status":"unknown","confidence":"inferred","source":"OpenStreetMap footway geometry; nearest approach, not a surveyed entrance","building_offset_m":56.4}},{"type":"Feature","geometry":{"type":"Point","coordinates":[-80.4328121,37.2197545]},"properties":{"entrance_id":"APPROACH-OSM-VT-POLICE-HORSE-STABLES","node_id":"N-APPROACH-OSM-VT-POLICE-HORSE-STABLES","building_id":"VT-POLICE-HORSE-STABLES","entrance_name":"Nearby sidewalk (OSM) \u2014 door not mapped","node_role":"approach","geometry_precision":"nearest_mapped_sidewalk","accessibility_status":"unknown","operational_status":"unknown","confidence":"inferred","source":"OpenStreetMap footway geometry; nearest approach, not a surveyed entrance","building_offset_m":96.3}},{"type":"Feature","geometry":{"type":"Point","coordinates":[-80.42339729992666,37.21930136079561]},"properties":{"entrance_id":"APPROACH-OSM-VT-GREENHOUSE-F4","node_id":"N-APPROACH-OSM-VT-GREENHOUSE-F4","building_id":"VT-GREENHOUSE-F4","entrance_name":"Nearby sidewalk (OSM) \u2014 door not mapped","node_role":"approach","geometry_precision":"nearest_mapped_sidewalk","accessibility_status":"unknown","operational_status":"unknown","confidence":"inferred","source":"OpenStreetMap footway geometry; nearest approach, not a surveyed entrance","building_offset_m":55.8}},{"type":"Feature","geometry":{"type":"Point","coordinates":[-80.4232318,37.2193099]},"properties":{"entrance_id":"APPROACH-OSM-VT-GREENHOUSE-F1","node_id":"N-APPROACH-OSM-VT-GREENHOUSE-F1","building_id":"VT-GREENHOUSE-F1","entrance_name":"Nearby sidewalk (OSM) \u2014 door not mapped","node_role":"approach","geometry_precision":"nearest_mapped_sidewalk","accessibility_status":"unknown","operational_status":"unknown","confidence":"inferred","source":"OpenStreetMap footway geometry; nearest approach, not a surveyed entrance","building_offset_m":58.0}},{"type":"Feature","geometry":{"type":"Point","coordinates":[-80.4404761,37.2194772]},"properties":{"entrance_id":"APPROACH-OSM-VT-ALPHIN-STUART-ARENA","node_id":"N-APPROACH-OSM-VT-ALPHIN-STUART-ARENA","building_id":"VT-ALPHIN-STUART-ARENA","entrance_name":"Nearby sidewalk (OSM) \u2014 door not mapped","node_role":"approach","geometry_precision":"nearest_mapped_sidewalk","accessibility_status":"unknown","operational_status":"unknown","confidence":"inferred","source":"OpenStreetMap footway geometry; nearest approach, not a surveyed entrance","building_offset_m":56.4}},{"type":"Feature","geometry":{"type":"Point","coordinates":[-80.4223329954497,37.21998691115392]},"properties":{"entrance_id":"APPROACH-OSM-VT-MCCOMAS-SOCCER-FIELD-PRESS-BOX","node_id":"N-APPROACH-OSM-VT-MCCOMAS-SOCCER-FIELD-PRESS-BOX","building_id":"VT-MCCOMAS-SOCCER-FIELD-PRESS-BOX","entrance_name":"Nearby sidewalk (OSM) \u2014 door not mapped","node_role":"approach","geometry_precision":"nearest_mapped_sidewalk","accessibility_status":"unknown","operational_status":"unknown","confidence":"inferred","source":"OpenStreetMap footway geometry; nearest approach, not a surveyed entrance","building_offset_m":4.4}},{"type":"Feature","geometry":{"type":"Point","coordinates":[-80.41902569433893,37.23092632044472]},"properties":{"entrance_id":"APPROACH-OSM-VT-PEARSON-HALL-EAST","node_id":"N-APPROACH-OSM-VT-PEARSON-HALL-EAST","building_id":"VT-PEARSON-HALL-EAST","entrance_name":"Nearby sidewalk (OSM) \u2014 door not mapped","node_role":"approach","geometry_precision":"nearest_mapped_sidewalk","accessibility_status":"unknown","operational_status":"unknown","confidence":"inferred","source":"OpenStreetMap footway geometry; nearest approach, not a surveyed entrance","building_offset_m":4.8}},{"type":"Feature","geometry":{"type":"Point","coordinates":[-80.4266978,37.2294522]},"properties":{"entrance_id":"APPROACH-OSM-VT-CLASSROOM-BUILDING","node_id":"N-APPROACH-OSM-VT-CLASSROOM-BUILDING","building_id":"VT-CLASSROOM-BUILDING","entrance_name":"Nearby sidewalk (OSM) \u2014 door not mapped","node_role":"approach","geometry_precision":"nearest_mapped_sidewalk","accessibility_status":"unknown","operational_status":"unknown","confidence":"inferred","source":"OpenStreetMap footway geometry; nearest approach, not a surveyed entrance","building_offset_m":25.3}},{"type":"Feature","geometry":{"type":"Point","coordinates":[-80.4260939,37.2209687]},"properties":{"entrance_id":"APPROACH-OSM-VT-STEGER-HALL-SOUTH-WING","node_id":"N-APPROACH-OSM-VT-STEGER-HALL-SOUTH-WING","building_id":"VT-STEGER-HALL-SOUTH-WING","entrance_name":"Nearby sidewalk (OSM) \u2014 door not mapped","node_role":"approach","geometry_precision":"nearest_mapped_sidewalk","accessibility_status":"unknown","operational_status":"unknown","confidence":"inferred","source":"OpenStreetMap footway geometry; nearest approach, not a surveyed entrance","building_offset_m":18.7}},{"type":"Feature","geometry":{"type":"Point","coordinates":[-80.4264752459498,37.22127594202451]},"properties":{"entrance_id":"APPROACH-OSM-VT-STEGER-HALL-NORTH-WING","node_id":"N-APPROACH-OSM-VT-STEGER-HALL-NORTH-WING","building_id":"VT-STEGER-HALL-NORTH-WING","entrance_name":"Nearby sidewalk (OSM) \u2014 door not mapped","node_role":"approach","geometry_precision":"nearest_mapped_sidewalk","accessibility_status":"unknown","operational_status":"unknown","confidence":"inferred","source":"OpenStreetMap footway geometry; nearest approach, not a surveyed entrance","building_offset_m":6.1}},{"type":"Feature","geometry":{"type":"Point","coordinates":[-80.43659346800757,37.23044185588672]},"properties":{"entrance_id":"APPROACH-OSM-VT-MULTIDISCIPLINE-LAB","node_id":"N-APPROACH-OSM-VT-MULTIDISCIPLINE-LAB","building_id":"VT-MULTIDISCIPLINE-LAB","entrance_name":"Nearby sidewalk (OSM) \u2014 door not mapped","node_role":"approach","geometry_precision":"nearest_mapped_sidewalk","accessibility_status":"unknown","operational_status":"unknown","confidence":"inferred","source":"OpenStreetMap footway geometry; nearest approach, not a surveyed entrance","building_offset_m":70.8}},{"type":"Feature","geometry":{"type":"Point","coordinates":[-80.43049604215047,37.229869305101516]},"properties":{"entrance_id":"APPROACH-OSM-VT-THE-INN-AT-VIRGINIA-TECH","node_id":"N-APPROACH-OSM-VT-THE-INN-AT-VIRGINIA-TECH","building_id":"VT-THE-INN-AT-VIRGINIA-TECH","entrance_name":"Nearby sidewalk (OSM) \u2014 door not mapped","node_role":"approach","geometry_precision":"nearest_mapped_sidewalk","accessibility_status":"unknown","operational_status":"unknown","confidence":"inferred","source":"OpenStreetMap footway geometry; nearest approach, not a surveyed entrance","building_offset_m":12.8}},{"type":"Feature","geometry":{"type":"Point","coordinates":[-80.4371123,37.2302355]},"properties":{"entrance_id":"APPROACH-OSM-VT-CENTER-FOR-ONE-HEALTH","node_id":"N-APPROACH-OSM-VT-CENTER-FOR-ONE-HEALTH","building_id":"VT-CENTER-FOR-ONE-HEALTH","entrance_name":"Nearby sidewalk (OSM) \u2014 door not mapped","node_role":"approach","geometry_precision":"nearest_mapped_sidewalk","accessibility_status":"unknown","operational_status":"unknown","confidence":"inferred","source":"OpenStreetMap footway geometry; nearest approach, not a surveyed entrance","building_offset_m":52.1}},{"type":"Feature","geometry":{"type":"Point","coordinates":[-80.4380209,37.2297027]},"properties":{"entrance_id":"APPROACH-OSM-VT-VET-MED-MODULAR-LAB","node_id":"N-APPROACH-OSM-VT-VET-MED-MODULAR-LAB","building_id":"VT-VET-MED-MODULAR-LAB","entrance_name":"Nearby sidewalk (OSM) \u2014 door not mapped","node_role":"approach","geometry_precision":"nearest_mapped_sidewalk","accessibility_status":"unknown","operational_status":"unknown","confidence":"inferred","source":"OpenStreetMap footway geometry; nearest approach, not a surveyed entrance","building_offset_m":94.1}},{"type":"Feature","geometry":{"type":"Point","coordinates":[-80.4370279,37.2302964]},"properties":{"entrance_id":"APPROACH-OSM-VT-AQUATIC-MEDICINE-LABORATORY","node_id":"N-APPROACH-OSM-VT-AQUATIC-MEDICINE-LABORATORY","building_id":"VT-AQUATIC-MEDICINE-LABORATORY","entrance_name":"Nearby sidewalk (OSM) \u2014 door not mapped","node_role":"approach","geometry_precision":"nearest_mapped_sidewalk","accessibility_status":"unknown","operational_status":"unknown","confidence":"inferred","source":"OpenStreetMap footway geometry; nearest approach, not a surveyed entrance","building_offset_m":67.5}},{"type":"Feature","geometry":{"type":"Point","coordinates":[-80.4380209,37.2297027]},"properties":{"entrance_id":"APPROACH-OSM-VT-VET-MED-RESEARCH-CENTER","node_id":"N-APPROACH-OSM-VT-VET-MED-RESEARCH-CENTER","building_id":"VT-VET-MED-RESEARCH-CENTER","entrance_name":"Nearby sidewalk (OSM) \u2014 door not mapped","node_role":"approach","geometry_precision":"nearest_mapped_sidewalk","accessibility_status":"unknown","operational_status":"unknown","confidence":"inferred","source":"OpenStreetMap footway geometry; nearest approach, not a surveyed entrance","building_offset_m":85.4}},{"type":"Feature","geometry":{"type":"Point","coordinates":[-80.4299696,37.229754]},"properties":{"entrance_id":"APPROACH-OSM-VT-HOLTZMAN-ALUMNI-CENTER","node_id":"N-APPROACH-OSM-VT-HOLTZMAN-ALUMNI-CENTER","building_id":"VT-HOLTZMAN-ALUMNI-CENTER","entrance_name":"Nearby sidewalk (OSM) \u2014 door not mapped","node_role":"approach","geometry_precision":"nearest_mapped_sidewalk","accessibility_status":"unknown","operational_status":"unknown","confidence":"inferred","source":"OpenStreetMap footway geometry; nearest approach, not a surveyed entrance","building_offset_m":87.6}},{"type":"Feature","geometry":{"type":"Point","coordinates":[-80.4293218,37.2299283]},"properties":{"entrance_id":"APPROACH-OSM-VT-SKELTON-CONFERENCE-CENTER","node_id":"N-APPROACH-OSM-VT-SKELTON-CONFERENCE-CENTER","building_id":"VT-SKELTON-CONFERENCE-CENTER","entrance_name":"Nearby sidewalk (OSM) \u2014 door not mapped","node_role":"approach","geometry_precision":"nearest_mapped_sidewalk","accessibility_status":"unknown","operational_status":"unknown","confidence":"inferred","source":"OpenStreetMap footway geometry; nearest approach, not a surveyed entrance","building_offset_m":36.5}},{"type":"Feature","geometry":{"type":"Point","coordinates":[-80.42360289092588,37.22069040990035]},"properties":{"entrance_id":"APPROACH-OSM-VT-GREENHOUSE","node_id":"N-APPROACH-OSM-VT-GREENHOUSE","building_id":"VT-GREENHOUSE","entrance_name":"Nearby sidewalk (OSM) \u2014 door not mapped","node_role":"approach","geometry_precision":"nearest_mapped_sidewalk","accessibility_status":"unknown","operational_status":"unknown","confidence":"inferred","source":"OpenStreetMap footway geometry; nearest approach, not a surveyed entrance","building_offset_m":46.9}},{"type":"Feature","geometry":{"type":"Point","coordinates":[-80.42301423646451,37.220460538098585]},"properties":{"entrance_id":"APPROACH-OSM-VT-INSECTARY-BUILDING","node_id":"N-APPROACH-OSM-VT-INSECTARY-BUILDING","building_id":"VT-INSECTARY-BUILDING","entrance_name":"Nearby sidewalk (OSM) \u2014 door not mapped","node_role":"approach","geometry_precision":"nearest_mapped_sidewalk","accessibility_status":"unknown","operational_status":"unknown","confidence":"inferred","source":"OpenStreetMap footway geometry; nearest approach, not a surveyed entrance","building_offset_m":17.9}},{"type":"Feature","geometry":{"type":"Point","coordinates":[-80.41466606248612,37.22862483654723]},"properties":{"entrance_id":"APPROACH-OSM-VT-201-WEST-ROANOKE-STREET","node_id":"N-APPROACH-OSM-VT-201-WEST-ROANOKE-STREET","building_id":"VT-201-WEST-ROANOKE-STREET","entrance_name":"Nearby sidewalk (OSM) \u2014 door not mapped","node_role":"approach","geometry_precision":"nearest_mapped_sidewalk","accessibility_status":"unknown","operational_status":"unknown","confidence":"inferred","source":"OpenStreetMap footway geometry; nearest approach, not a surveyed entrance","building_offset_m":9.3}},{"type":"Feature","geometry":{"type":"Point","coordinates":[-80.42192460894681,37.22216857740899]},"properties":{"entrance_id":"APPROACH-OSM-VT-STUDENT-SERVICES-BUILDING","node_id":"N-APPROACH-OSM-VT-STUDENT-SERVICES-BUILDING","building_id":"VT-STUDENT-SERVICES-BUILDING","entrance_name":"Nearby sidewalk (OSM) \u2014 door not mapped","node_role":"approach","geometry_precision":"nearest_mapped_sidewalk","accessibility_status":"unknown","operational_status":"unknown","confidence":"inferred","source":"OpenStreetMap footway geometry; nearest approach, not a surveyed entrance","building_offset_m":12.5}},{"type":"Feature","geometry":{"type":"Point","coordinates":[-80.41225756054722,37.21990346268481]},"properties":{"entrance_id":"APPROACH-OSM-VT-LEONARD-STORAGE-SHED-2","node_id":"N-APPROACH-OSM-VT-LEONARD-STORAGE-SHED-2","building_id":"VT-LEONARD-STORAGE-SHED-2","entrance_name":"Nearby sidewalk (OSM) \u2014 door not mapped","node_role":"approach","geometry_precision":"nearest_mapped_sidewalk","accessibility_status":"unknown","operational_status":"unknown","confidence":"inferred","source":"OpenStreetMap footway geometry; nearest approach, not a surveyed entrance","building_offset_m":28.0}},{"type":"Feature","geometry":{"type":"Point","coordinates":[-80.4147705,37.2196018]},"properties":{"entrance_id":"APPROACH-OSM-VT-LEONARD-STORAGE-BUILDING-B","node_id":"N-APPROACH-OSM-VT-LEONARD-STORAGE-BUILDING-B","building_id":"VT-LEONARD-STORAGE-BUILDING-B","entrance_name":"Nearby sidewalk (OSM) \u2014 door not mapped","node_role":"approach","geometry_precision":"nearest_mapped_sidewalk","accessibility_status":"unknown","operational_status":"unknown","confidence":"inferred","source":"OpenStreetMap footway geometry; nearest approach, not a surveyed entrance","building_offset_m":8.1}},{"type":"Feature","geometry":{"type":"Point","coordinates":[-80.41206914939185,37.220345756060766]},"properties":{"entrance_id":"APPROACH-OSM-VT-RECYCLE-CENTER","node_id":"N-APPROACH-OSM-VT-RECYCLE-CENTER","building_id":"VT-RECYCLE-CENTER","entrance_name":"Nearby sidewalk (OSM) \u2014 door not mapped","node_role":"approach","geometry_precision":"nearest_mapped_sidewalk","accessibility_status":"unknown","operational_status":"unknown","confidence":"inferred","source":"OpenStreetMap footway geometry; nearest approach, not a surveyed entrance","building_offset_m":7.3}},{"type":"Feature","geometry":{"type":"Point","coordinates":[-80.4166572114869,37.22051948532008]},"properties":{"entrance_id":"APPROACH-OSM-VT-VERIZON-DAS","node_id":"N-APPROACH-OSM-VT-VERIZON-DAS","building_id":"VT-VERIZON-DAS","entrance_name":"Nearby sidewalk (OSM) \u2014 door not mapped","node_role":"approach","geometry_precision":"nearest_mapped_sidewalk","accessibility_status":"unknown","operational_status":"unknown","confidence":"inferred","source":"OpenStreetMap footway geometry; nearest approach, not a surveyed entrance","building_offset_m":12.4}},{"type":"Feature","geometry":{"type":"Point","coordinates":[-80.41309551833953,37.22002415748281]},"properties":{"entrance_id":"APPROACH-OSM-VT-LEONARD-STORAGE-SHED-1","node_id":"N-APPROACH-OSM-VT-LEONARD-STORAGE-SHED-1","building_id":"VT-LEONARD-STORAGE-SHED-1","entrance_name":"Nearby sidewalk (OSM) \u2014 door not mapped","node_role":"approach","geometry_precision":"nearest_mapped_sidewalk","accessibility_status":"unknown","operational_status":"unknown","confidence":"inferred","source":"OpenStreetMap footway geometry; nearest approach, not a surveyed entrance","building_offset_m":41.0}},{"type":"Feature","geometry":{"type":"Point","coordinates":[-80.41658996058425,37.22007683196574]},"properties":{"entrance_id":"APPROACH-OSM-VT-LANE-STADIUM-EAST-STANDS","node_id":"N-APPROACH-OSM-VT-LANE-STADIUM-EAST-STANDS","building_id":"VT-LANE-STADIUM-EAST-STANDS","entrance_name":"Nearby sidewalk (OSM) \u2014 door not mapped","node_role":"approach","geometry_precision":"nearest_mapped_sidewalk","accessibility_status":"unknown","operational_status":"unknown","confidence":"inferred","source":"OpenStreetMap footway geometry; nearest approach, not a surveyed entrance","building_offset_m":58.3}},{"type":"Feature","geometry":{"type":"Point","coordinates":[-80.419192,37.2199647]},"properties":{"entrance_id":"APPROACH-OSM-VT-LANE-STADIUM-WEST-STANDS","node_id":"N-APPROACH-OSM-VT-LANE-STADIUM-WEST-STANDS","building_id":"VT-LANE-STADIUM-WEST-STANDS","entrance_name":"Nearby sidewalk (OSM) \u2014 door not mapped","node_role":"approach","geometry_precision":"nearest_mapped_sidewalk","accessibility_status":"unknown","operational_status":"unknown","confidence":"inferred","source":"OpenStreetMap footway geometry; nearest approach, not a surveyed entrance","building_offset_m":35.7}},{"type":"Feature","geometry":{"type":"Point","coordinates":[-80.41801590088923,37.21868305716936]},"properties":{"entrance_id":"APPROACH-OSM-VT-LANE-STADIUM-SOUTH-END-ZONE","node_id":"N-APPROACH-OSM-VT-LANE-STADIUM-SOUTH-END-ZONE","building_id":"VT-LANE-STADIUM-SOUTH-END-ZONE","entrance_name":"Nearby sidewalk (OSM) \u2014 door not mapped","node_role":"approach","geometry_precision":"nearest_mapped_sidewalk","accessibility_status":"unknown","operational_status":"unknown","confidence":"inferred","source":"OpenStreetMap footway geometry; nearest approach, not a surveyed entrance","building_offset_m":55.9}},{"type":"Feature","geometry":{"type":"Point","coordinates":[-80.41951006708075,37.21607429380411]},"properties":{"entrance_id":"APPROACH-OSM-VT-REC-SPORTS-FIELD-HOUSE","node_id":"N-APPROACH-OSM-VT-REC-SPORTS-FIELD-HOUSE","building_id":"VT-REC-SPORTS-FIELD-HOUSE","entrance_name":"Nearby sidewalk (OSM) \u2014 door not mapped","node_role":"approach","geometry_precision":"nearest_mapped_sidewalk","accessibility_status":"unknown","operational_status":"unknown","confidence":"inferred","source":"OpenStreetMap footway geometry; nearest approach, not a surveyed entrance","building_offset_m":19.4}},{"type":"Feature","geometry":{"type":"Point","coordinates":[-80.4187759,37.220996]},"properties":{"entrance_id":"APPROACH-OSM-VT-LANE-STADIUM-NORTH-END-ZONE","node_id":"N-APPROACH-OSM-VT-LANE-STADIUM-NORTH-END-ZONE","building_id":"VT-LANE-STADIUM-NORTH-END-ZONE","entrance_name":"Nearby sidewalk (OSM) \u2014 door not mapped","node_role":"approach","geometry_precision":"nearest_mapped_sidewalk","accessibility_status":"unknown","operational_status":"unknown","confidence":"inferred","source":"OpenStreetMap footway geometry; nearest approach, not a surveyed entrance","building_offset_m":65.8}},{"type":"Feature","geometry":{"type":"Point","coordinates":[-80.42139427184553,37.231764037554214]},"properties":{"entrance_id":"APPROACH-OSM-VT-WARE-LAB-STORAGE-BUILDING","node_id":"N-APPROACH-OSM-VT-WARE-LAB-STORAGE-BUILDING","building_id":"VT-WARE-LAB-STORAGE-BUILDING","entrance_name":"Nearby sidewalk (OSM) \u2014 door not mapped","node_role":"approach","geometry_precision":"nearest_mapped_sidewalk","accessibility_status":"unknown","operational_status":"unknown","confidence":"inferred","source":"OpenStreetMap footway geometry; nearest approach, not a surveyed entrance","building_offset_m":6.8}},{"type":"Feature","geometry":{"type":"Point","coordinates":[-80.4320032,37.2239242]},"properties":{"entrance_id":"APPROACH-OSM-VT-BUILDING-270K-VIRGINIA-TECH-DRONE-PARK","node_id":"N-APPROACH-OSM-VT-BUILDING-270K-VIRGINIA-TECH-DRONE-PARK","building_id":"VT-BUILDING-270K-VIRGINIA-TECH-DRONE-PARK","entrance_name":"Nearby sidewalk (OSM) \u2014 door not mapped","node_role":"approach","geometry_precision":"nearest_mapped_sidewalk","accessibility_status":"unknown","operational_status":"unknown","confidence":"inferred","source":"OpenStreetMap footway geometry; nearest approach, not a surveyed entrance","building_offset_m":90.4}},{"type":"Feature","geometry":{"type":"Point","coordinates":[-80.42151866019381,37.219361202158204]},"properties":{"entrance_id":"APPROACH-OSM-VT-RECTOR-FIELD-HOUSE","node_id":"N-APPROACH-OSM-VT-RECTOR-FIELD-HOUSE","building_id":"VT-RECTOR-FIELD-HOUSE","entrance_name":"Nearby sidewalk (OSM) \u2014 door not mapped","node_role":"approach","geometry_precision":"nearest_mapped_sidewalk","accessibility_status":"unknown","operational_status":"unknown","confidence":"inferred","source":"OpenStreetMap footway geometry; nearest approach, not a surveyed entrance","building_offset_m":40.8}},{"type":"Feature","geometry":{"type":"Point","coordinates":[-80.4224046,37.2178732]},"properties":{"entrance_id":"APPROACH-OSM-VT-ACC-BASEBALL-TOWER","node_id":"N-APPROACH-OSM-VT-ACC-BASEBALL-TOWER","building_id":"VT-ACC-BASEBALL-TOWER","entrance_name":"Nearby sidewalk (OSM) \u2014 door not mapped","node_role":"approach","geometry_precision":"nearest_mapped_sidewalk","accessibility_status":"unknown","operational_status":"unknown","confidence":"inferred","source":"OpenStreetMap footway geometry; nearest approach, not a surveyed entrance","building_offset_m":49.8}},{"type":"Feature","geometry":{"type":"Point","coordinates":[-80.42181723694857,37.21935383636795]},"properties":{"entrance_id":"APPROACH-OSM-VT-ACC-SOCCER-LACROSSE-TOWER","node_id":"N-APPROACH-OSM-VT-ACC-SOCCER-LACROSSE-TOWER","building_id":"VT-ACC-SOCCER-LACROSSE-TOWER","entrance_name":"Nearby sidewalk (OSM) \u2014 door not mapped","node_role":"approach","geometry_precision":"nearest_mapped_sidewalk","accessibility_status":"unknown","operational_status":"unknown","confidence":"inferred","source":"OpenStreetMap footway geometry; nearest approach, not a surveyed entrance","building_offset_m":10.0}},{"type":"Feature","geometry":{"type":"Point","coordinates":[-80.41951960432719,37.218602223970926]},"properties":{"entrance_id":"APPROACH-OSM-VT-ACC-SOFTBALL-TOWER","node_id":"N-APPROACH-OSM-VT-ACC-SOFTBALL-TOWER","building_id":"VT-ACC-SOFTBALL-TOWER","entrance_name":"Nearby sidewalk (OSM) \u2014 door not mapped","node_role":"approach","geometry_precision":"nearest_mapped_sidewalk","accessibility_status":"unknown","operational_status":"unknown","confidence":"inferred","source":"OpenStreetMap footway geometry; nearest approach, not a surveyed entrance","building_offset_m":12.4}},{"type":"Feature","geometry":{"type":"Point","coordinates":[-80.421548,37.2184407]},"properties":{"entrance_id":"APPROACH-OSM-VT-ACC-TRACK-TOWER","node_id":"N-APPROACH-OSM-VT-ACC-TRACK-TOWER","building_id":"VT-ACC-TRACK-TOWER","entrance_name":"Nearby sidewalk (OSM) \u2014 door not mapped","node_role":"approach","geometry_precision":"nearest_mapped_sidewalk","accessibility_status":"unknown","operational_status":"unknown","confidence":"inferred","source":"OpenStreetMap footway geometry; nearest approach, not a surveyed entrance","building_offset_m":49.8}},{"type":"Feature","geometry":{"type":"Point","coordinates":[-80.4360989,37.2247596]},"properties":{"entrance_id":"APPROACH-OSM-VT-INTELLIGENT-LOCKERS-OAK-LANE","node_id":"N-APPROACH-OSM-VT-INTELLIGENT-LOCKERS-OAK-LANE","building_id":"VT-INTELLIGENT-LOCKERS-OAK-LANE","entrance_name":"Nearby sidewalk (OSM) \u2014 door not mapped","node_role":"approach","geometry_precision":"nearest_mapped_sidewalk","accessibility_status":"unknown","operational_status":"unknown","confidence":"inferred","source":"OpenStreetMap footway geometry; nearest approach, not a surveyed entrance","building_offset_m":54.0}},{"type":"Feature","geometry":{"type":"Point","coordinates":[-80.4304338,37.217868]},"properties":{"entrance_id":"APPROACH-OSM-VT-APPLIED-REPRODUCTION-FACILITY","node_id":"N-APPROACH-OSM-VT-APPLIED-REPRODUCTION-FACILITY","building_id":"VT-APPLIED-REPRODUCTION-FACILITY","entrance_name":"Nearby sidewalk (OSM) \u2014 door not mapped","node_role":"approach","geometry_precision":"nearest_mapped_sidewalk","accessibility_status":"unknown","operational_status":"unknown","confidence":"inferred","source":"OpenStreetMap footway geometry; nearest approach, not a surveyed entrance","building_offset_m":79.7}},{"type":"Feature","geometry":{"type":"Point","coordinates":[-80.42163552214274,37.224273417027376]},"properties":{"entrance_id":"APPROACH-OSM-VT-INTELLIGENT-LOCKERS-DIETRICK-HALL","node_id":"N-APPROACH-OSM-VT-INTELLIGENT-LOCKERS-DIETRICK-HALL","building_id":"VT-INTELLIGENT-LOCKERS-DIETRICK-HALL","entrance_name":"Nearby sidewalk (OSM) \u2014 door not mapped","node_role":"approach","geometry_precision":"nearest_mapped_sidewalk","accessibility_status":"unknown","operational_status":"unknown","confidence":"inferred","source":"OpenStreetMap footway geometry; nearest approach, not a surveyed entrance","building_offset_m":3.6}},{"type":"Feature","geometry":{"type":"Point","coordinates":[-80.41886460392848,37.23172495173742]},"properties":{"entrance_id":"APPROACH-OSM-VT-INTELLIGENT-LOCKERS-CENTER-FOR-THE-ARTS","node_id":"N-APPROACH-OSM-VT-INTELLIGENT-LOCKERS-CENTER-FOR-THE-ARTS","building_id":"VT-INTELLIGENT-LOCKERS-CENTER-FOR-THE-ARTS","entrance_name":"Nearby sidewalk (OSM) \u2014 door not mapped","node_role":"approach","geometry_precision":"nearest_mapped_sidewalk","accessibility_status":"unknown","operational_status":"unknown","confidence":"inferred","source":"OpenStreetMap footway geometry; nearest approach, not a surveyed entrance","building_offset_m":5.7}},{"type":"Feature","geometry":{"type":"Point","coordinates":[-80.41788703104758,37.226647073817276]},"properties":{"entrance_id":"APPROACH-OSM-VT-INTELLIGENT-LOCKERS-NEWMAN-HALL","node_id":"N-APPROACH-OSM-VT-INTELLIGENT-LOCKERS-NEWMAN-HALL","building_id":"VT-INTELLIGENT-LOCKERS-NEWMAN-HALL","entrance_name":"Nearby sidewalk (OSM) \u2014 door not mapped","node_role":"approach","geometry_precision":"nearest_mapped_sidewalk","accessibility_status":"unknown","operational_status":"unknown","confidence":"inferred","source":"OpenStreetMap footway geometry; nearest approach, not a surveyed entrance","building_offset_m":3.8}},{"type":"Feature","geometry":{"type":"Point","coordinates":[-80.42045188313054,37.219215565408916]},"properties":{"entrance_id":"APPROACH-OSM-VT-WOMEN-S-SOFTBALL-PRESS-BOX","node_id":"N-APPROACH-OSM-VT-WOMEN-S-SOFTBALL-PRESS-BOX","building_id":"VT-WOMEN-S-SOFTBALL-PRESS-BOX","entrance_name":"Nearby sidewalk (OSM) \u2014 door not mapped","node_role":"approach","geometry_precision":"nearest_mapped_sidewalk","accessibility_status":"unknown","operational_status":"unknown","confidence":"inferred","source":"OpenStreetMap footway geometry; nearest approach, not a surveyed entrance","building_offset_m":5.6}},{"type":"Feature","geometry":{"type":"Point","coordinates":[-80.43368342590969,37.217075712153594]},"properties":{"entrance_id":"APPROACH-OSM-VT-INTERPRETIVE-SPRING-HOUSE","node_id":"N-APPROACH-OSM-VT-INTERPRETIVE-SPRING-HOUSE","building_id":"VT-INTERPRETIVE-SPRING-HOUSE","entrance_name":"Nearby sidewalk (OSM) \u2014 door not mapped","node_role":"approach","geometry_precision":"nearest_mapped_sidewalk","accessibility_status":"unknown","operational_status":"unknown","confidence":"inferred","source":"OpenStreetMap footway geometry; nearest approach, not a surveyed entrance","building_offset_m":5.1}},{"type":"Feature","geometry":{"type":"Point","coordinates":[-80.42066245076919,37.23264106349364]},"properties":{"entrance_id":"APPROACH-OSM-VT-NUMBER-7-BAGHOUSE","node_id":"N-APPROACH-OSM-VT-NUMBER-7-BAGHOUSE","building_id":"VT-NUMBER-7-BAGHOUSE","entrance_name":"Nearby sidewalk (OSM) \u2014 door not mapped","node_role":"approach","geometry_precision":"nearest_mapped_sidewalk","accessibility_status":"unknown","operational_status":"unknown","confidence":"inferred","source":"OpenStreetMap footway geometry; nearest approach, not a surveyed entrance","building_offset_m":31.2}},{"type":"Feature","geometry":{"type":"Point","coordinates":[-80.4213783,37.232197]},"properties":{"entrance_id":"APPROACH-OSM-VT-VTES-STORAGE","node_id":"N-APPROACH-OSM-VT-VTES-STORAGE","building_id":"VT-VTES-STORAGE","entrance_name":"Nearby sidewalk (OSM) \u2014 door not mapped","node_role":"approach","geometry_precision":"nearest_mapped_sidewalk","accessibility_status":"unknown","operational_status":"unknown","confidence":"inferred","source":"OpenStreetMap footway geometry; nearest approach, not a surveyed entrance","building_offset_m":22.7}},{"type":"Feature","geometry":{"type":"Point","coordinates":[-80.4213783,37.232197]},"properties":{"entrance_id":"APPROACH-OSM-VT-VTES-BLACKSBURG-STATION-CONTROL-HOUSE","node_id":"N-APPROACH-OSM-VT-VTES-BLACKSBURG-STATION-CONTROL-HOUSE","building_id":"VT-VTES-BLACKSBURG-STATION-CONTROL-HOUSE","entrance_name":"Nearby sidewalk (OSM) \u2014 door not mapped","node_role":"approach","geometry_precision":"nearest_mapped_sidewalk","accessibility_status":"unknown","operational_status":"unknown","confidence":"inferred","source":"OpenStreetMap footway geometry; nearest approach, not a surveyed entrance","building_offset_m":20.7}},{"type":"Feature","geometry":{"type":"Point","coordinates":[-80.42058309353358,37.23261762460178]},"properties":{"entrance_id":"APPROACH-OSM-VT-SCALE-HOUSE","node_id":"N-APPROACH-OSM-VT-SCALE-HOUSE","building_id":"VT-SCALE-HOUSE","entrance_name":"Nearby sidewalk (OSM) \u2014 door not mapped","node_role":"approach","geometry_precision":"nearest_mapped_sidewalk","accessibility_status":"unknown","operational_status":"unknown","confidence":"inferred","source":"OpenStreetMap footway geometry; nearest approach, not a surveyed entrance","building_offset_m":8.6}},{"type":"Feature","geometry":{"type":"Point","coordinates":[-80.42163344843975,37.23291651590482]},"properties":{"entrance_id":"APPROACH-OSM-VT-AEP-CONTROL-HOUSE","node_id":"N-APPROACH-OSM-VT-AEP-CONTROL-HOUSE","building_id":"VT-AEP-CONTROL-HOUSE","entrance_name":"Nearby sidewalk (OSM) \u2014 door not mapped","node_role":"approach","geometry_precision":"nearest_mapped_sidewalk","accessibility_status":"unknown","operational_status":"unknown","confidence":"inferred","source":"OpenStreetMap footway geometry; nearest approach, not a surveyed entrance","building_offset_m":32.3}},{"type":"Feature","geometry":{"type":"Point","coordinates":[-80.42224372428693,37.23291366689174]},"properties":{"entrance_id":"APPROACH-OSM-VT-SUBSTATION-CONTROL-BUILDING","node_id":"N-APPROACH-OSM-VT-SUBSTATION-CONTROL-BUILDING","building_id":"VT-SUBSTATION-CONTROL-BUILDING","entrance_name":"Nearby sidewalk (OSM) \u2014 door not mapped","node_role":"approach","geometry_precision":"nearest_mapped_sidewalk","accessibility_status":"unknown","operational_status":"unknown","confidence":"inferred","source":"OpenStreetMap footway geometry; nearest approach, not a surveyed entrance","building_offset_m":6.7}},{"type":"Feature","geometry":{"type":"Point","coordinates":[-80.4255995,37.2299884]},"properties":{"entrance_id":"APPROACH-OSM-VT-BISHOP-FAVRAO-HALL","node_id":"N-APPROACH-OSM-VT-BISHOP-FAVRAO-HALL","building_id":"VT-BISHOP-FAVRAO-HALL","entrance_name":"Nearby sidewalk (OSM) \u2014 door not mapped","node_role":"approach","geometry_precision":"nearest_mapped_sidewalk","accessibility_status":"unknown","operational_status":"unknown","confidence":"inferred","source":"OpenStreetMap footway geometry; nearest approach, not a surveyed entrance","building_offset_m":9.3}},{"type":"Feature","geometry":{"type":"Point","coordinates":[-80.4258071,37.2306374]},"properties":{"entrance_id":"APPROACH-OSM-VT-TRANSIT-CENTER","node_id":"N-APPROACH-OSM-VT-TRANSIT-CENTER","building_id":"VT-TRANSIT-CENTER","entrance_name":"Nearby sidewalk (OSM) \u2014 door not mapped","node_role":"approach","geometry_precision":"nearest_mapped_sidewalk","accessibility_status":"unknown","operational_status":"unknown","confidence":"inferred","source":"OpenStreetMap footway geometry; nearest approach, not a surveyed entrance","building_offset_m":10.5}},{"type":"Feature","geometry":{"type":"Point","coordinates":[-80.416545,37.2274064]},"properties":{"entrance_id":"APPROACH-OSM-VT-CREATIVITY-AND-INNOVATION-DISTRICT-LIVIN","node_id":"N-APPROACH-OSM-VT-CREATIVITY-AND-INNOVATION-DISTRICT-LIVIN","building_id":"VT-CREATIVITY-AND-INNOVATION-DISTRICT-LIVIN","entrance_name":"Nearby sidewalk (OSM) \u2014 door not mapped","node_role":"approach","geometry_precision":"nearest_mapped_sidewalk","accessibility_status":"unknown","operational_status":"unknown","confidence":"inferred","source":"OpenStreetMap footway geometry; nearest approach, not a surveyed entrance","building_offset_m":19.4}},{"type":"Feature","geometry":{"type":"Point","coordinates":[-80.4254082462252,37.2296063297312]},"properties":{"entrance_id":"APPROACH-OSM-VT-DERRING-HALL-ELEVATOR-TOWER","node_id":"N-APPROACH-OSM-VT-DERRING-HALL-ELEVATOR-TOWER","building_id":"VT-DERRING-HALL-ELEVATOR-TOWER","entrance_name":"Nearby sidewalk (OSM) \u2014 door not mapped","node_role":"approach","geometry_precision":"nearest_mapped_sidewalk","accessibility_status":"unknown","operational_status":"unknown","confidence":"inferred","source":"OpenStreetMap footway geometry; nearest approach, not a surveyed entrance","building_offset_m":4.3}},{"type":"Feature","geometry":{"type":"Point","coordinates":[-80.4272376,37.2203808]},"properties":{"entrance_id":"APPROACH-OSM-VT-HUMAN-AGRICULTURAL-BIOSCIENCES-BLDG-1","node_id":"N-APPROACH-OSM-VT-HUMAN-AGRICULTURAL-BIOSCIENCES-BLDG-1","building_id":"VT-HUMAN-AGRICULTURAL-BIOSCIENCES-BLDG-1","entrance_name":"Nearby sidewalk (OSM) \u2014 door not mapped","node_role":"approach","geometry_precision":"nearest_mapped_sidewalk","accessibility_status":"unknown","operational_status":"unknown","confidence":"inferred","source":"OpenStreetMap footway geometry; nearest approach, not a surveyed entrance","building_offset_m":30.4}},{"type":"Feature","geometry":{"type":"Point","coordinates":[-80.420552,37.2316291]},"properties":{"entrance_id":"APPROACH-OSM-VT-CORPS-LEADERSHIP-AND-MILITARY-SCIENCE-BU","node_id":"N-APPROACH-OSM-VT-CORPS-LEADERSHIP-AND-MILITARY-SCIENCE-BU","building_id":"VT-CORPS-LEADERSHIP-AND-MILITARY-SCIENCE-BU","entrance_name":"Nearby sidewalk (OSM) \u2014 door not mapped","node_role":"approach","geometry_precision":"nearest_mapped_sidewalk","accessibility_status":"unknown","operational_status":"unknown","confidence":"inferred","source":"OpenStreetMap footway geometry; nearest approach, not a surveyed entrance","building_offset_m":15.7}},{"type":"Feature","geometry":{"type":"Point","coordinates":[-80.42656557438524,37.22491848000617]},"properties":{"entrance_id":"APPROACH-OSM-VT-THE-GROVE-PRESIDENT-S-HOUSE","node_id":"N-APPROACH-OSM-VT-THE-GROVE-PRESIDENT-S-HOUSE","building_id":"VT-THE-GROVE-PRESIDENT-S-HOUSE","entrance_name":"Nearby sidewalk (OSM) \u2014 door not mapped","node_role":"approach","geometry_precision":"nearest_mapped_sidewalk","accessibility_status":"unknown","operational_status":"unknown","confidence":"inferred","source":"OpenStreetMap footway geometry; nearest approach, not a surveyed entrance","building_offset_m":95.7}},{"type":"Feature","geometry":{"type":"Point","coordinates":[-80.4212187,37.2201836]},"properties":{"entrance_id":"APPROACH-OSM-VT-MCCOMAS-SOCCER-BLEACHER-PRESS-BOX","node_id":"N-APPROACH-OSM-VT-MCCOMAS-SOCCER-BLEACHER-PRESS-BOX","building_id":"VT-MCCOMAS-SOCCER-BLEACHER-PRESS-BOX","entrance_name":"Nearby sidewalk (OSM) \u2014 door not mapped","node_role":"approach","geometry_precision":"nearest_mapped_sidewalk","accessibility_status":"unknown","operational_status":"unknown","confidence":"inferred","source":"OpenStreetMap footway geometry; nearest approach, not a surveyed entrance","building_offset_m":21.5}},{"type":"Feature","geometry":{"type":"Point","coordinates":[-80.4212187,37.2201836]},"properties":{"entrance_id":"APPROACH-OSM-VT-SOCCER-FIELD-ENCLOSURE","node_id":"N-APPROACH-OSM-VT-SOCCER-FIELD-ENCLOSURE","building_id":"VT-SOCCER-FIELD-ENCLOSURE","entrance_name":"Nearby sidewalk (OSM) \u2014 door not mapped","node_role":"approach","geometry_precision":"nearest_mapped_sidewalk","accessibility_status":"unknown","operational_status":"unknown","confidence":"inferred","source":"OpenStreetMap footway geometry; nearest approach, not a surveyed entrance","building_offset_m":20.4}},{"type":"Feature","geometry":{"type":"Point","coordinates":[-80.4263268,37.2235639]},"properties":{"entrance_id":"APPROACH-OSM-VT-THE-GROVE-GARAGE","node_id":"N-APPROACH-OSM-VT-THE-GROVE-GARAGE","building_id":"VT-THE-GROVE-GARAGE","entrance_name":"Nearby sidewalk (OSM) \u2014 door not mapped","node_role":"approach","geometry_precision":"nearest_mapped_sidewalk","accessibility_status":"unknown","operational_status":"unknown","confidence":"inferred","source":"OpenStreetMap footway geometry; nearest approach, not a surveyed entrance","building_offset_m":89.5}},{"type":"Feature","geometry":{"type":"Point","coordinates":[-80.42504661231318,37.22951960702366]},"properties":{"entrance_id":"APPROACH-OSM-VT-JOHNSTON-STUDENT-CENTER-ELEVATOR-TOWER","node_id":"N-APPROACH-OSM-VT-JOHNSTON-STUDENT-CENTER-ELEVATOR-TOWER","building_id":"VT-JOHNSTON-STUDENT-CENTER-ELEVATOR-TOWER","entrance_name":"Nearby sidewalk (OSM) \u2014 door not mapped","node_role":"approach","geometry_precision":"nearest_mapped_sidewalk","accessibility_status":"unknown","operational_status":"unknown","confidence":"inferred","source":"OpenStreetMap footway geometry; nearest approach, not a surveyed entrance","building_offset_m":4.9}},{"type":"Feature","geometry":{"type":"Point","coordinates":[-80.42260213873296,37.21819623234361]},"properties":{"entrance_id":"APPROACH-OSM-VT-OUTFIELD-PITCHING-LAB-AT-ENGLISH-FIELD","node_id":"N-APPROACH-OSM-VT-OUTFIELD-PITCHING-LAB-AT-ENGLISH-FIELD","building_id":"VT-OUTFIELD-PITCHING-LAB-AT-ENGLISH-FIELD","entrance_name":"Nearby sidewalk (OSM) \u2014 door not mapped","node_role":"approach","geometry_precision":"nearest_mapped_sidewalk","accessibility_status":"unknown","operational_status":"unknown","confidence":"inferred","source":"OpenStreetMap footway geometry; nearest approach, not a surveyed entrance","building_offset_m":5.5}},{"type":"Feature","geometry":{"type":"Point","coordinates":[-80.4273588,37.2316218]},"properties":{"entrance_id":"APPROACH-OSM-VT-DATA-AND-DECISION-SCIENCES","node_id":"N-APPROACH-OSM-VT-DATA-AND-DECISION-SCIENCES","building_id":"VT-DATA-AND-DECISION-SCIENCES","entrance_name":"Nearby sidewalk (OSM) \u2014 door not mapped","node_role":"approach","geometry_precision":"nearest_mapped_sidewalk","accessibility_status":"unknown","operational_status":"unknown","confidence":"inferred","source":"OpenStreetMap footway geometry; nearest approach, not a surveyed entrance","building_offset_m":12.1}},{"type":"Feature","geometry":{"type":"Point","coordinates":[-80.4274763,37.2300187]},"properties":{"entrance_id":"APPROACH-OSM-VT-UNDERGRADUATE-SCIENCE-LABORATORY-BUILDIN","node_id":"N-APPROACH-OSM-VT-UNDERGRADUATE-SCIENCE-LABORATORY-BUILDIN","building_id":"VT-UNDERGRADUATE-SCIENCE-LABORATORY-BUILDIN","entrance_name":"Nearby sidewalk (OSM) \u2014 door not mapped","node_role":"approach","geometry_precision":"nearest_mapped_sidewalk","accessibility_status":"unknown","operational_status":"unknown","confidence":"inferred","source":"OpenStreetMap footway geometry; nearest approach, not a surveyed entrance","building_offset_m":7.8}},{"type":"Feature","geometry":{"type":"Point","coordinates":[-80.42228334936786,37.23017088839407]},"properties":{"entrance_id":"APPROACH-OSM-VT-HOLDEN-HALL","node_id":"N-APPROACH-OSM-VT-HOLDEN-HALL","building_id":"VT-HOLDEN-HALL","entrance_name":"Nearby sidewalk (OSM) \u2014 door not mapped","node_role":"approach","geometry_precision":"nearest_mapped_sidewalk","accessibility_status":"unknown","operational_status":"unknown","confidence":"inferred","source":"OpenStreetMap footway geometry; nearest approach, not a surveyed entrance","building_offset_m":6.2}},{"type":"Feature","geometry":{"type":"Point","coordinates":[-80.42126604487454,37.23120237568032]},"properties":{"entrance_id":"APPROACH-OSM-VT-UPPER-QUAD-HALL-NORTH","node_id":"N-APPROACH-OSM-VT-UPPER-QUAD-HALL-NORTH","building_id":"VT-UPPER-QUAD-HALL-NORTH","entrance_name":"Nearby sidewalk (OSM) \u2014 door not mapped","node_role":"approach","geometry_precision":"nearest_mapped_sidewalk","accessibility_status":"unknown","operational_status":"unknown","confidence":"inferred","source":"OpenStreetMap footway geometry; nearest approach, not a surveyed entrance","building_offset_m":0.4}},{"type":"Feature","geometry":{"type":"Point","coordinates":[-80.4190958,37.2155657]},"properties":{"entrance_id":"APPROACH-OSM-VT-VENTURE-OUT-CENTER","node_id":"N-APPROACH-OSM-VT-VENTURE-OUT-CENTER","building_id":"VT-VENTURE-OUT-CENTER","entrance_name":"Nearby sidewalk (OSM) \u2014 door not mapped","node_role":"approach","geometry_precision":"nearest_mapped_sidewalk","accessibility_status":"unknown","operational_status":"unknown","confidence":"inferred","source":"OpenStreetMap footway geometry; nearest approach, not a surveyed entrance","building_offset_m":23.2}},{"type":"Feature","geometry":{"type":"Point","coordinates":[-80.42267625601362,37.218457196891855]},"properties":{"entrance_id":"APPROACH-OSM-VT-JAMES-C-WEAVER-BASEBALL-CENTER","node_id":"N-APPROACH-OSM-VT-JAMES-C-WEAVER-BASEBALL-CENTER","building_id":"VT-JAMES-C-WEAVER-BASEBALL-CENTER","entrance_name":"Nearby sidewalk (OSM) \u2014 door not mapped","node_role":"approach","geometry_precision":"nearest_mapped_sidewalk","accessibility_status":"unknown","operational_status":"unknown","confidence":"inferred","source":"OpenStreetMap footway geometry; nearest approach, not a surveyed entrance","building_offset_m":14.5}},{"type":"Feature","geometry":{"type":"Point","coordinates":[-80.43557447486171,37.22537809765323]},"properties":{"entrance_id":"APPROACH-OSM-VT-SIGMA-PHI-EPSILON-HOUSE","node_id":"N-APPROACH-OSM-VT-SIGMA-PHI-EPSILON-HOUSE","building_id":"VT-SIGMA-PHI-EPSILON-HOUSE","entrance_name":"Nearby sidewalk (OSM) \u2014 door not mapped","node_role":"approach","geometry_precision":"nearest_mapped_sidewalk","accessibility_status":"unknown","operational_status":"unknown","confidence":"inferred","source":"OpenStreetMap footway geometry; nearest approach, not a surveyed entrance","building_offset_m":30.9}},{"type":"Feature","geometry":{"type":"Point","coordinates":[-80.41868870919929,37.21596916341363]},"properties":{"entrance_id":"APPROACH-OSM-VT-PARKING-SERVICES","node_id":"N-APPROACH-OSM-VT-PARKING-SERVICES","building_id":"VT-PARKING-SERVICES","entrance_name":"Nearby sidewalk (OSM) \u2014 door not mapped","node_role":"approach","geometry_precision":"nearest_mapped_sidewalk","accessibility_status":"unknown","operational_status":"unknown","confidence":"inferred","source":"OpenStreetMap footway geometry; nearest approach, not a surveyed entrance","building_offset_m":25.5}},{"type":"Feature","geometry":{"type":"Point","coordinates":[-80.4189116,37.2216882]},"properties":{"entrance_id":"APPROACH-OSM-VT-MERRYMAN-ATHLETIC-FACILITY","node_id":"N-APPROACH-OSM-VT-MERRYMAN-ATHLETIC-FACILITY","building_id":"VT-MERRYMAN-ATHLETIC-FACILITY","entrance_name":"Nearby sidewalk (OSM) \u2014 door not mapped","node_role":"approach","geometry_precision":"nearest_mapped_sidewalk","accessibility_status":"unknown","operational_status":"unknown","confidence":"inferred","source":"OpenStreetMap footway geometry; nearest approach, not a surveyed entrance","building_offset_m":21.1}},{"type":"Feature","geometry":{"type":"Point","coordinates":[-80.42454985536834,37.229299999022295]},"properties":{"entrance_id":"APPROACH-OSM-VT-JOHNSTON-STUDENT-CENTER","node_id":"N-APPROACH-OSM-VT-JOHNSTON-STUDENT-CENTER","building_id":"VT-JOHNSTON-STUDENT-CENTER","entrance_name":"Nearby sidewalk (OSM) \u2014 door not mapped","node_role":"approach","geometry_precision":"nearest_mapped_sidewalk","accessibility_status":"unknown","operational_status":"unknown","confidence":"inferred","source":"OpenStreetMap footway geometry; nearest approach, not a surveyed entrance","building_offset_m":7.3}},{"type":"Feature","geometry":{"type":"Point","coordinates":[-80.4223442,37.232301]},"properties":{"entrance_id":"APPROACH-OSM-VT-CONSTRUCTION-TRAILER-2-MITCHELL-HALL","node_id":"N-APPROACH-OSM-VT-CONSTRUCTION-TRAILER-2-MITCHELL-HALL","building_id":"VT-CONSTRUCTION-TRAILER-2-MITCHELL-HALL","entrance_name":"Nearby sidewalk (OSM) \u2014 door not mapped","node_role":"approach","geometry_precision":"nearest_mapped_sidewalk","accessibility_status":"unknown","operational_status":"unknown","confidence":"inferred","source":"OpenStreetMap footway geometry; nearest approach, not a surveyed entrance","building_offset_m":7.7}},{"type":"Feature","geometry":{"type":"Point","coordinates":[-80.42224367863683,37.23234677204135]},"properties":{"entrance_id":"APPROACH-OSM-VT-CONSTRUCTION-TRAILER-1-MITCHELL-HALL","node_id":"N-APPROACH-OSM-VT-CONSTRUCTION-TRAILER-1-MITCHELL-HALL","building_id":"VT-CONSTRUCTION-TRAILER-1-MITCHELL-HALL","entrance_name":"Nearby sidewalk (OSM) \u2014 door not mapped","node_role":"approach","geometry_precision":"nearest_mapped_sidewalk","accessibility_status":"unknown","operational_status":"unknown","confidence":"inferred","source":"OpenStreetMap footway geometry; nearest approach, not a surveyed entrance","building_offset_m":7.8}},{"type":"Feature","geometry":{"type":"Point","coordinates":[-80.42435152282808,37.21951884405236]},"properties":{"entrance_id":"APPROACH-OSM-VT-HAHN-GARDEN-MARQUEE","node_id":"N-APPROACH-OSM-VT-HAHN-GARDEN-MARQUEE","building_id":"VT-HAHN-GARDEN-MARQUEE","entrance_name":"Nearby sidewalk (OSM) \u2014 door not mapped","node_role":"approach","geometry_precision":"nearest_mapped_sidewalk","accessibility_status":"unknown","operational_status":"unknown","confidence":"inferred","source":"OpenStreetMap footway geometry; nearest approach, not a surveyed entrance","building_offset_m":12.6}},{"type":"Feature","geometry":{"type":"Point","coordinates":[-80.42710851261636,37.22959867057741]},"properties":{"entrance_id":"APPROACH-OSM-VT-BUS-CANOPY-A","node_id":"N-APPROACH-OSM-VT-BUS-CANOPY-A","building_id":"VT-BUS-CANOPY-A","entrance_name":"Nearby sidewalk (OSM) \u2014 door not mapped","node_role":"approach","geometry_precision":"nearest_mapped_sidewalk","accessibility_status":"unknown","operational_status":"unknown","confidence":"inferred","source":"OpenStreetMap footway geometry; nearest approach, not a surveyed entrance","building_offset_m":4.1}},{"type":"Feature","geometry":{"type":"Point","coordinates":[-80.42678002391195,37.23073667219489]},"properties":{"entrance_id":"APPROACH-OSM-VT-BUS-CANOPY-B","node_id":"N-APPROACH-OSM-VT-BUS-CANOPY-B","building_id":"VT-BUS-CANOPY-B","entrance_name":"Nearby sidewalk (OSM) \u2014 door not mapped","node_role":"approach","geometry_precision":"nearest_mapped_sidewalk","accessibility_status":"unknown","operational_status":"unknown","confidence":"inferred","source":"OpenStreetMap footway geometry; nearest approach, not a surveyed entrance","building_offset_m":2.2}},{"type":"Feature","geometry":{"type":"Point","coordinates":[-80.42505451771791,37.23129894119607]},"properties":{"entrance_id":"APPROACH-OSM-VT-BUS-CANOPY-D","node_id":"N-APPROACH-OSM-VT-BUS-CANOPY-D","building_id":"VT-BUS-CANOPY-D","entrance_name":"Nearby sidewalk (OSM) \u2014 door not mapped","node_role":"approach","geometry_precision":"nearest_mapped_sidewalk","accessibility_status":"unknown","operational_status":"unknown","confidence":"inferred","source":"OpenStreetMap footway geometry; nearest approach, not a surveyed entrance","building_offset_m":2.2}},{"type":"Feature","geometry":{"type":"Point","coordinates":[-80.42434144992748,37.23161206343825]},"properties":{"entrance_id":"APPROACH-OSM-VT-BUS-CANOPY-E","node_id":"N-APPROACH-OSM-VT-BUS-CANOPY-E","building_id":"VT-BUS-CANOPY-E","entrance_name":"Nearby sidewalk (OSM) \u2014 door not mapped","node_role":"approach","geometry_precision":"nearest_mapped_sidewalk","accessibility_status":"unknown","operational_status":"unknown","confidence":"inferred","source":"OpenStreetMap footway geometry; nearest approach, not a surveyed entrance","building_offset_m":0.4}},{"type":"Feature","geometry":{"type":"Point","coordinates":[-80.42485432042272,37.231873764059365]},"properties":{"entrance_id":"APPROACH-OSM-VT-BUS-CANOPY-C","node_id":"N-APPROACH-OSM-VT-BUS-CANOPY-C","building_id":"VT-BUS-CANOPY-C","entrance_name":"Nearby sidewalk (OSM) \u2014 door not mapped","node_role":"approach","geometry_precision":"nearest_mapped_sidewalk","accessibility_status":"unknown","operational_status":"unknown","confidence":"inferred","source":"OpenStreetMap footway geometry; nearest approach, not a surveyed entrance","building_offset_m":1.2}},{"type":"Feature","geometry":{"type":"Point","coordinates":[-80.41515472553723,37.21904521527799]},"properties":{"entrance_id":"APPROACH-OSM-VT-ARMY-RESERVE-STORAGE","node_id":"N-APPROACH-OSM-VT-ARMY-RESERVE-STORAGE","building_id":"VT-ARMY-RESERVE-STORAGE","entrance_name":"Nearby sidewalk (OSM) \u2014 door not mapped","node_role":"approach","geometry_precision":"nearest_mapped_sidewalk","accessibility_status":"unknown","operational_status":"unknown","confidence":"inferred","source":"OpenStreetMap footway geometry; nearest approach, not a surveyed entrance","building_offset_m":10.6}},{"type":"Feature","geometry":{"type":"Point","coordinates":[-80.4237769,37.2310606]},"properties":{"entrance_id":"APPROACH-OSM-VT-INTERIM-SUPPORT-FACILILITY-FOR-THE-STABI","node_id":"N-APPROACH-OSM-VT-INTERIM-SUPPORT-FACILILITY-FOR-THE-STABI","building_id":"VT-INTERIM-SUPPORT-FACILILITY-FOR-THE-STABI","entrance_name":"Nearby sidewalk (OSM) \u2014 door not mapped","node_role":"approach","geometry_precision":"nearest_mapped_sidewalk","accessibility_status":"unknown","operational_status":"unknown","confidence":"inferred","source":"OpenStreetMap footway geometry; nearest approach, not a surveyed entrance","building_offset_m":28.4}},{"type":"Feature","geometry":{"type":"Point","coordinates":[-80.42759431736786,37.23023597684429]},"properties":{"entrance_id":"APPROACH-OSM-VT-CONSTRUCTION-TRAILER-NEW-BUSINESS-BUILDI","node_id":"N-APPROACH-OSM-VT-CONSTRUCTION-TRAILER-NEW-BUSINESS-BUILDI","building_id":"VT-CONSTRUCTION-TRAILER-NEW-BUSINESS-BUILDI","entrance_name":"Nearby sidewalk (OSM) \u2014 door not mapped","node_role":"approach","geometry_precision":"nearest_mapped_sidewalk","accessibility_status":"unknown","operational_status":"unknown","confidence":"inferred","source":"OpenStreetMap footway geometry; nearest approach, not a surveyed entrance","building_offset_m":18.1}},{"type":"Feature","geometry":{"type":"Point","coordinates":[-80.41224183270106,37.21930198417535]},"properties":{"entrance_id":"APPROACH-OSM-VT-STORAGE-CUBE","node_id":"N-APPROACH-OSM-VT-STORAGE-CUBE","building_id":"VT-STORAGE-CUBE","entrance_name":"Nearby sidewalk (OSM) \u2014 door not mapped","node_role":"approach","geometry_precision":"nearest_mapped_sidewalk","accessibility_status":"unknown","operational_status":"unknown","confidence":"inferred","source":"OpenStreetMap footway geometry; nearest approach, not a surveyed entrance","building_offset_m":2.3}},{"type":"Feature","geometry":{"type":"Point","coordinates":[-80.4147705,37.2196018]},"properties":{"entrance_id":"APPROACH-OSM-VT-LEONARD-STORAGE-BUILDING-C","node_id":"N-APPROACH-OSM-VT-LEONARD-STORAGE-BUILDING-C","building_id":"VT-LEONARD-STORAGE-BUILDING-C","entrance_name":"Nearby sidewalk (OSM) \u2014 door not mapped","node_role":"approach","geometry_precision":"nearest_mapped_sidewalk","accessibility_status":"unknown","operational_status":"unknown","confidence":"inferred","source":"OpenStreetMap footway geometry; nearest approach, not a surveyed entrance","building_offset_m":11.2}},{"type":"Feature","geometry":{"type":"Point","coordinates":[-80.4147705,37.2196018]},"properties":{"entrance_id":"APPROACH-OSM-VT-LEONARD-STORAGE-BUILDING-A","node_id":"N-APPROACH-OSM-VT-LEONARD-STORAGE-BUILDING-A","building_id":"VT-LEONARD-STORAGE-BUILDING-A","entrance_name":"Nearby sidewalk (OSM) \u2014 door not mapped","node_role":"approach","geometry_precision":"nearest_mapped_sidewalk","accessibility_status":"unknown","operational_status":"unknown","confidence":"inferred","source":"OpenStreetMap footway geometry; nearest approach, not a surveyed entrance","building_offset_m":10.9}}]}
