{
  "type": "FeatureCollection",
  "features": [
    {
      "type": "Feature",
      "geometry": {
        "type": "Point",
        "coordinates": [
          -80.43839404222744,
          37.22400841941059
        ]
      },
      "properties": {
        "entrance_id": "APPROACH-VT-GAZEBO",
        "node_id": "N-APPROACH-VT-GAZEBO",
        "building_id": "VT-GAZEBO",
        "entrance_name": "Nearby sidewalk \u2014 door not mapped",
        "node_role": "approach",
        "geometry_precision": "nearest_mapped_sidewalk",
        "accessibility_status": "unknown",
        "operational_status": "unknown",
        "confidence": "inferred",
        "source": "VT sidewalk geometry; nearest approach, not a surveyed entrance",
        "building_offset_m": 5.8
      }
    },
    {
      "type": "Feature",
      "geometry": {
        "type": "Point",
        "coordinates": [
          -80.43018851951537,
          37.22406281855153
        ]
      },
      "properties": {
        "entrance_id": "APPROACH-VT-NEW-PUMP-HOUSE-AT-DUCK-POND",
        "node_id": "N-APPROACH-VT-NEW-PUMP-HOUSE-AT-DUCK-POND",
        "building_id": "VT-NEW-PUMP-HOUSE-AT-DUCK-POND",
        "entrance_name": "Nearby sidewalk \u2014 door not mapped",
        "node_role": "approach",
        "geometry_precision": "nearest_mapped_sidewalk",
        "accessibility_status": "unknown",
        "operational_status": "unknown",
        "confidence": "inferred",
        "source": "VT sidewalk geometry; nearest approach, not a surveyed entrance",
        "building_offset_m": 14.4
      }
    },
    {
      "type": "Feature",
      "geometry": {
        "type": "Point",
        "coordinates": [
          -80.4388453,
          37.2273713
        ]
      },
      "properties": {
        "entrance_id": "APPROACH-VT-OAK-LANE-GAZEBO",
        "node_id": "N-APPROACH-VT-OAK-LANE-GAZEBO",
        "building_id": "VT-OAK-LANE-GAZEBO",
        "entrance_name": "Nearby sidewalk \u2014 door not mapped",
        "node_role": "approach",
        "geometry_precision": "nearest_mapped_sidewalk",
        "accessibility_status": "unknown",
        "operational_status": "unknown",
        "confidence": "inferred",
        "source": "VT sidewalk geometry; nearest approach, not a surveyed entrance",
        "building_offset_m": 10.9
      }
    },
    {
      "type": "Feature",
      "geometry": {
        "type": "Point",
        "coordinates": [
          -80.42017160164636,
          37.23016114477921
        ]
      },
      "properties": {
        "entrance_id": "APPROACH-VT-PEARSON-HALL-WEST",
        "node_id": "N-APPROACH-VT-PEARSON-HALL-WEST",
        "building_id": "VT-PEARSON-HALL-WEST",
        "entrance_name": "Nearby sidewalk \u2014 door not mapped",
        "node_role": "approach",
        "geometry_precision": "nearest_mapped_sidewalk",
        "accessibility_status": "unknown",
        "operational_status": "unknown",
        "confidence": "inferred",
        "source": "VT sidewalk geometry; nearest approach, not a surveyed entrance",
        "building_offset_m": 22.7
      }
    },
    {
      "type": "Feature",
      "geometry": {
        "type": "Point",
        "coordinates": [
          -80.4157529,
          37.2136888
        ]
      },
      "properties": {
        "entrance_id": "APPROACH-VT-REC-FIELDS-STORAGE",
        "node_id": "N-APPROACH-VT-REC-FIELDS-STORAGE",
        "building_id": "VT-REC-FIELDS-STORAGE",
        "entrance_name": "Nearby sidewalk \u2014 door not mapped",
        "node_role": "approach",
        "geometry_precision": "nearest_mapped_sidewalk",
        "accessibility_status": "unknown",
        "operational_status": "unknown",
        "confidence": "inferred",
        "source": "VT sidewalk geometry; nearest approach, not a surveyed entrance",
        "building_offset_m": 77.4
      }
    },
    {
      "type": "Feature",
      "geometry": {
        "type": "Point",
        "coordinates": [
          -80.42364391328752,
          37.21865005536946
        ]
      },
      "properties": {
        "entrance_id": "APPROACH-VT-THIRD-BASE-BASEBALL-DUGOUT-AT-ENGLISH-FI",
        "node_id": "N-APPROACH-VT-THIRD-BASE-BASEBALL-DUGOUT-AT-ENGLISH-FI",
        "building_id": "VT-THIRD-BASE-BASEBALL-DUGOUT-AT-ENGLISH-FI",
        "entrance_name": "Nearby sidewalk \u2014 door not mapped",
        "node_role": "approach",
        "geometry_precision": "nearest_mapped_sidewalk",
        "accessibility_status": "unknown",
        "operational_status": "unknown",
        "confidence": "inferred",
        "source": "VT sidewalk geometry; nearest approach, not a surveyed entrance",
        "building_offset_m": 21.5
      }
    },
    {
      "type": "Feature",
      "geometry": {
        "type": "Point",
        "coordinates": [
          -80.4243736297413,
          37.218372154452204
        ]
      },
      "properties": {
        "entrance_id": "APPROACH-VT-BASEBALL-STADIUM-AT-ENGLISH-FIELD",
        "node_id": "N-APPROACH-VT-BASEBALL-STADIUM-AT-ENGLISH-FIELD",
        "building_id": "VT-BASEBALL-STADIUM-AT-ENGLISH-FIELD",
        "entrance_name": "Nearby sidewalk \u2014 door not mapped",
        "node_role": "approach",
        "geometry_precision": "nearest_mapped_sidewalk",
        "accessibility_status": "unknown",
        "operational_status": "unknown",
        "confidence": "inferred",
        "source": "VT sidewalk geometry; nearest approach, not a surveyed entrance",
        "building_offset_m": 11.0
      }
    },
    {
      "type": "Feature",
      "geometry": {
        "type": "Point",
        "coordinates": [
          -80.41811160837257,
          37.22086262730968
        ]
      },
      "properties": {
        "entrance_id": "APPROACH-VT-LANE-STADIUM-SCOREBOARD",
        "node_id": "N-APPROACH-VT-LANE-STADIUM-SCOREBOARD",
        "building_id": "VT-LANE-STADIUM-SCOREBOARD",
        "entrance_name": "Nearby sidewalk \u2014 door not mapped",
        "node_role": "approach",
        "geometry_precision": "nearest_mapped_sidewalk",
        "accessibility_status": "unknown",
        "operational_status": "unknown",
        "confidence": "inferred",
        "source": "VT sidewalk geometry; nearest approach, not a surveyed entrance",
        "building_offset_m": 14.1
      }
    },
    {
      "type": "Feature",
      "geometry": {
        "type": "Point",
        "coordinates": [
          -80.4212243,
          37.2197903
        ]
      },
      "properties": {
        "entrance_id": "APPROACH-VT-SOCCER-RESTROOMS",
        "node_id": "N-APPROACH-VT-SOCCER-RESTROOMS",
        "building_id": "VT-SOCCER-RESTROOMS",
        "entrance_name": "Nearby sidewalk \u2014 door not mapped",
        "node_role": "approach",
        "geometry_precision": "nearest_mapped_sidewalk",
        "accessibility_status": "unknown",
        "operational_status": "unknown",
        "confidence": "inferred",
        "source": "VT sidewalk geometry; nearest approach, not a surveyed entrance",
        "building_offset_m": 15.9
      }
    },
    {
      "type": "Feature",
      "geometry": {
        "type": "Point",
        "coordinates": [
          -80.4223545,
          37.2199805
        ]
      },
      "properties": {
        "entrance_id": "APPROACH-VT-SOCCER-DUGOUT",
        "node_id": "N-APPROACH-VT-SOCCER-DUGOUT",
        "building_id": "VT-SOCCER-DUGOUT",
        "entrance_name": "Nearby sidewalk \u2014 door not mapped",
        "node_role": "approach",
        "geometry_precision": "nearest_mapped_sidewalk",
        "accessibility_status": "unknown",
        "operational_status": "unknown",
        "confidence": "inferred",
        "source": "VT sidewalk geometry; nearest approach, not a surveyed entrance",
        "building_offset_m": 15.7
      }
    },
    {
      "type": "Feature",
      "geometry": {
        "type": "Point",
        "coordinates": [
          -80.42897703352644,
          37.22502396041052
        ]
      },
      "properties": {
        "entrance_id": "APPROACH-VT-DUCK-POND-GAZEBO",
        "node_id": "N-APPROACH-VT-DUCK-POND-GAZEBO",
        "building_id": "VT-DUCK-POND-GAZEBO",
        "entrance_name": "Nearby sidewalk \u2014 door not mapped",
        "node_role": "approach",
        "geometry_precision": "nearest_mapped_sidewalk",
        "accessibility_status": "unknown",
        "operational_status": "unknown",
        "confidence": "inferred",
        "source": "VT sidewalk geometry; nearest approach, not a surveyed entrance",
        "building_offset_m": 0.3
      }
    },
    {
      "type": "Feature",
      "geometry": {
        "type": "Point",
        "coordinates": [
          -80.4268818,
          37.2253802
        ]
      },
      "properties": {
        "entrance_id": "APPROACH-VT-DUCK-POND-BATHROOMS",
        "node_id": "N-APPROACH-VT-DUCK-POND-BATHROOMS",
        "building_id": "VT-DUCK-POND-BATHROOMS",
        "entrance_name": "Nearby sidewalk \u2014 door not mapped",
        "node_role": "approach",
        "geometry_precision": "nearest_mapped_sidewalk",
        "accessibility_status": "unknown",
        "operational_status": "unknown",
        "confidence": "inferred",
        "source": "VT sidewalk geometry; nearest approach, not a surveyed entrance",
        "building_offset_m": 33.2
      }
    },
    {
      "type": "Feature",
      "geometry": {
        "type": "Point",
        "coordinates": [
          -80.4391853,
          37.2256254
        ]
      },
      "properties": {
        "entrance_id": "APPROACH-VT-OAK-LANE-PICNIC-SHELTER",
        "node_id": "N-APPROACH-VT-OAK-LANE-PICNIC-SHELTER",
        "building_id": "VT-OAK-LANE-PICNIC-SHELTER",
        "entrance_name": "Nearby sidewalk \u2014 door not mapped",
        "node_role": "approach",
        "geometry_precision": "nearest_mapped_sidewalk",
        "accessibility_status": "unknown",
        "operational_status": "unknown",
        "confidence": "inferred",
        "source": "VT sidewalk geometry; nearest approach, not a surveyed entrance",
        "building_offset_m": 25.7
      }
    },
    {
      "type": "Feature",
      "geometry": {
        "type": "Point",
        "coordinates": [
          -80.42456817465896,
          37.22068816495385
        ]
      },
      "properties": {
        "entrance_id": "APPROACH-VT-LIFE-SCIENCES-I-FACILITY",
        "node_id": "N-APPROACH-VT-LIFE-SCIENCES-I-FACILITY",
        "building_id": "VT-LIFE-SCIENCES-I-FACILITY",
        "entrance_name": "Nearby sidewalk \u2014 door not mapped",
        "node_role": "approach",
        "geometry_precision": "nearest_mapped_sidewalk",
        "accessibility_status": "unknown",
        "operational_status": "unknown",
        "confidence": "inferred",
        "source": "VT sidewalk geometry; nearest approach, not a surveyed entrance",
        "building_offset_m": 32.1
      }
    },
    {
      "type": "Feature",
      "geometry": {
        "type": "Point",
        "coordinates": [
          -80.4226264,
          37.2216025
        ]
      },
      "properties": {
        "entrance_id": "APPROACH-VT-SMITH-CAREER-CENTER",
        "node_id": "N-APPROACH-VT-SMITH-CAREER-CENTER",
        "building_id": "VT-SMITH-CAREER-CENTER",
        "entrance_name": "Nearby sidewalk \u2014 door not mapped",
        "node_role": "approach",
        "geometry_precision": "nearest_mapped_sidewalk",
        "accessibility_status": "unknown",
        "operational_status": "unknown",
        "confidence": "inferred",
        "source": "VT sidewalk geometry; nearest approach, not a surveyed entrance",
        "building_offset_m": 5.8
      }
    },
    {
      "type": "Feature",
      "geometry": {
        "type": "Point",
        "coordinates": [
          -80.424028,
          37.22162
        ]
      },
      "properties": {
        "entrance_id": "APPROACH-VT-LITTON-REAVES-HALL",
        "node_id": "N-APPROACH-VT-LITTON-REAVES-HALL",
        "building_id": "VT-LITTON-REAVES-HALL",
        "entrance_name": "Nearby sidewalk \u2014 door not mapped",
        "node_role": "approach",
        "geometry_precision": "nearest_mapped_sidewalk",
        "accessibility_status": "unknown",
        "operational_status": "unknown",
        "confidence": "inferred",
        "source": "VT sidewalk geometry; nearest approach, not a surveyed entrance",
        "building_offset_m": 14.3
      }
    },
    {
      "type": "Feature",
      "geometry": {
        "type": "Point",
        "coordinates": [
          -80.42259665453135,
          37.222231963547806
        ]
      },
      "properties": {
        "entrance_id": "APPROACH-VT-NEW-HALL-WEST",
        "node_id": "N-APPROACH-VT-NEW-HALL-WEST",
        "building_id": "VT-NEW-HALL-WEST",
        "entrance_name": "Nearby sidewalk \u2014 door not mapped",
        "node_role": "approach",
        "geometry_precision": "nearest_mapped_sidewalk",
        "accessibility_status": "unknown",
        "operational_status": "unknown",
        "confidence": "inferred",
        "source": "VT sidewalk geometry; nearest approach, not a surveyed entrance",
        "building_offset_m": 2.0
      }
    },
    {
      "type": "Feature",
      "geometry": {
        "type": "Point",
        "coordinates": [
          -80.4358681,
          37.2245694
        ]
      },
      "properties": {
        "entrance_id": "APPROACH-VT-NATIONAL-PAN-HELLENIC-COUNCIL-HOUSE",
        "node_id": "N-APPROACH-VT-NATIONAL-PAN-HELLENIC-COUNCIL-HOUSE",
        "building_id": "VT-NATIONAL-PAN-HELLENIC-COUNCIL-HOUSE",
        "entrance_name": "Nearby sidewalk \u2014 door not mapped",
        "node_role": "approach",
        "geometry_precision": "nearest_mapped_sidewalk",
        "accessibility_status": "unknown",
        "operational_status": "unknown",
        "confidence": "inferred",
        "source": "VT sidewalk geometry; nearest approach, not a surveyed entrance",
        "building_offset_m": 7.5
      }
    },
    {
      "type": "Feature",
      "geometry": {
        "type": "Point",
        "coordinates": [
          -80.41989606860642,
          37.227392922604125
        ]
      },
      "properties": {
        "entrance_id": "APPROACH-VT-EGGLESTON-HALL-MAIN-WING",
        "node_id": "N-APPROACH-VT-EGGLESTON-HALL-MAIN-WING",
        "building_id": "VT-EGGLESTON-HALL-MAIN-WING",
        "entrance_name": "Nearby sidewalk \u2014 door not mapped",
        "node_role": "approach",
        "geometry_precision": "nearest_mapped_sidewalk",
        "accessibility_status": "unknown",
        "operational_status": "unknown",
        "confidence": "inferred",
        "source": "VT sidewalk geometry; nearest approach, not a surveyed entrance",
        "building_offset_m": 15.7
      }
    },
    {
      "type": "Feature",
      "geometry": {
        "type": "Point",
        "coordinates": [
          -80.41920769125365,
          37.22567135546882
        ]
      },
      "properties": {
        "entrance_id": "APPROACH-VT-NEW-RESIDENCE-HALL-EAST",
        "node_id": "N-APPROACH-VT-NEW-RESIDENCE-HALL-EAST",
        "building_id": "VT-NEW-RESIDENCE-HALL-EAST",
        "entrance_name": "Nearby sidewalk \u2014 door not mapped",
        "node_role": "approach",
        "geometry_precision": "nearest_mapped_sidewalk",
        "accessibility_status": "unknown",
        "operational_status": "unknown",
        "confidence": "inferred",
        "source": "VT sidewalk geometry; nearest approach, not a surveyed entrance",
        "building_offset_m": 1.4
      }
    },
    {
      "type": "Feature",
      "geometry": {
        "type": "Point",
        "coordinates": [
          -80.4230698140822,
          37.22267246975734
        ]
      },
      "properties": {
        "entrance_id": "APPROACH-VT-HARPER-HALL",
        "node_id": "N-APPROACH-VT-HARPER-HALL",
        "building_id": "VT-HARPER-HALL",
        "entrance_name": "Nearby sidewalk \u2014 door not mapped",
        "node_role": "approach",
        "geometry_precision": "nearest_mapped_sidewalk",
        "accessibility_status": "unknown",
        "operational_status": "unknown",
        "confidence": "inferred",
        "source": "VT sidewalk geometry; nearest approach, not a surveyed entrance",
        "building_offset_m": 2.1
      }
    },
    {
      "type": "Feature",
      "geometry": {
        "type": "Point",
        "coordinates": [
          -80.4188532,
          37.222956
        ]
      },
      "properties": {
        "entrance_id": "APPROACH-VT-CASSELL-COLISEUM",
        "node_id": "N-APPROACH-VT-CASSELL-COLISEUM",
        "building_id": "VT-CASSELL-COLISEUM",
        "entrance_name": "Nearby sidewalk \u2014 door not mapped",
        "node_role": "approach",
        "geometry_precision": "nearest_mapped_sidewalk",
        "accessibility_status": "unknown",
        "operational_status": "unknown",
        "confidence": "inferred",
        "source": "VT sidewalk geometry; nearest approach, not a surveyed entrance",
        "building_offset_m": 46.8
      }
    },
    {
      "type": "Feature",
      "geometry": {
        "type": "Point",
        "coordinates": [
          -80.434774,
          37.2312367
        ]
      },
      "properties": {
        "entrance_id": "APPROACH-VT-TOWN-OF-BLACKSBURG-BUS-SHELTER",
        "node_id": "N-APPROACH-VT-TOWN-OF-BLACKSBURG-BUS-SHELTER",
        "building_id": "VT-TOWN-OF-BLACKSBURG-BUS-SHELTER",
        "entrance_name": "Nearby sidewalk \u2014 door not mapped",
        "node_role": "approach",
        "geometry_precision": "nearest_mapped_sidewalk",
        "accessibility_status": "unknown",
        "operational_status": "unknown",
        "confidence": "inferred",
        "source": "VT sidewalk geometry; nearest approach, not a surveyed entrance",
        "building_offset_m": 26.4
      }
    },
    {
      "type": "Feature",
      "geometry": {
        "type": "Point",
        "coordinates": [
          -80.4245021,
          37.2229371
        ]
      },
      "properties": {
        "entrance_id": "APPROACH-VT-WALLACE-HALL",
        "node_id": "N-APPROACH-VT-WALLACE-HALL",
        "building_id": "VT-WALLACE-HALL",
        "entrance_name": "Nearby sidewalk \u2014 door not mapped",
        "node_role": "approach",
        "geometry_precision": "nearest_mapped_sidewalk",
        "accessibility_status": "unknown",
        "operational_status": "unknown",
        "confidence": "inferred",
        "source": "VT sidewalk geometry; nearest approach, not a surveyed entrance",
        "building_offset_m": 22.1
      }
    },
    {
      "type": "Feature",
      "geometry": {
        "type": "Point",
        "coordinates": [
          -80.42202356711043,
          37.22293682049552
        ]
      },
      "properties": {
        "entrance_id": "APPROACH-VT-COCHRANE-HALL",
        "node_id": "N-APPROACH-VT-COCHRANE-HALL",
        "building_id": "VT-COCHRANE-HALL",
        "entrance_name": "Nearby sidewalk \u2014 door not mapped",
        "node_role": "approach",
        "geometry_precision": "nearest_mapped_sidewalk",
        "accessibility_status": "unknown",
        "operational_status": "unknown",
        "confidence": "inferred",
        "source": "VT sidewalk geometry; nearest approach, not a surveyed entrance",
        "building_offset_m": 8.9
      }
    },
    {
      "type": "Feature",
      "geometry": {
        "type": "Point",
        "coordinates": [
          -80.41788855027447,
          37.22314320404384
        ]
      },
      "properties": {
        "entrance_id": "APPROACH-VT-HAHN-HURST-BASKETBALL-PRACTICE-FACILITY",
        "node_id": "N-APPROACH-VT-HAHN-HURST-BASKETBALL-PRACTICE-FACILITY",
        "building_id": "VT-HAHN-HURST-BASKETBALL-PRACTICE-FACILITY",
        "entrance_name": "Nearby sidewalk \u2014 door not mapped",
        "node_role": "approach",
        "geometry_precision": "nearest_mapped_sidewalk",
        "accessibility_status": "unknown",
        "operational_status": "unknown",
        "confidence": "inferred",
        "source": "VT sidewalk geometry; nearest approach, not a surveyed entrance",
        "building_offset_m": 26.5
      }
    },
    {
      "type": "Feature",
      "geometry": {
        "type": "Point",
        "coordinates": [
          -80.4247251,
          37.2238028
        ]
      },
      "properties": {
        "entrance_id": "APPROACH-VT-HILLCREST-HALL",
        "node_id": "N-APPROACH-VT-HILLCREST-HALL",
        "building_id": "VT-HILLCREST-HALL",
        "entrance_name": "Nearby sidewalk \u2014 door not mapped",
        "node_role": "approach",
        "geometry_precision": "nearest_mapped_sidewalk",
        "accessibility_status": "unknown",
        "operational_status": "unknown",
        "confidence": "inferred",
        "source": "VT sidewalk geometry; nearest approach, not a surveyed entrance",
        "building_offset_m": 21.6
      }
    },
    {
      "type": "Feature",
      "geometry": {
        "type": "Point",
        "coordinates": [
          -80.4222752,
          37.2238292
        ]
      },
      "properties": {
        "entrance_id": "APPROACH-VT-CHEATHAM-HALL",
        "node_id": "N-APPROACH-VT-CHEATHAM-HALL",
        "building_id": "VT-CHEATHAM-HALL",
        "entrance_name": "Nearby sidewalk \u2014 door not mapped",
        "node_role": "approach",
        "geometry_precision": "nearest_mapped_sidewalk",
        "accessibility_status": "unknown",
        "operational_status": "unknown",
        "confidence": "inferred",
        "source": "VT sidewalk geometry; nearest approach, not a surveyed entrance",
        "building_offset_m": 22.9
      }
    },
    {
      "type": "Feature",
      "geometry": {
        "type": "Point",
        "coordinates": [
          -80.4212444,
          37.2230546
        ]
      },
      "properties": {
        "entrance_id": "APPROACH-VT-AMBLER-JOHNSTON-HALL-WEST-WING",
        "node_id": "N-APPROACH-VT-AMBLER-JOHNSTON-HALL-WEST-WING",
        "building_id": "VT-AMBLER-JOHNSTON-HALL-WEST-WING",
        "entrance_name": "Nearby sidewalk \u2014 door not mapped",
        "node_role": "approach",
        "geometry_precision": "nearest_mapped_sidewalk",
        "accessibility_status": "unknown",
        "operational_status": "unknown",
        "confidence": "inferred",
        "source": "VT sidewalk geometry; nearest approach, not a surveyed entrance",
        "building_offset_m": 6.5
      }
    },
    {
      "type": "Feature",
      "geometry": {
        "type": "Point",
        "coordinates": [
          -80.4207683,
          37.2230787
        ]
      },
      "properties": {
        "entrance_id": "APPROACH-VT-AMBLER-JOHNSTON-HALL-EAST-WING",
        "node_id": "N-APPROACH-VT-AMBLER-JOHNSTON-HALL-EAST-WING",
        "building_id": "VT-AMBLER-JOHNSTON-HALL-EAST-WING",
        "entrance_name": "Nearby sidewalk \u2014 door not mapped",
        "node_role": "approach",
        "geometry_precision": "nearest_mapped_sidewalk",
        "accessibility_status": "unknown",
        "operational_status": "unknown",
        "confidence": "inferred",
        "source": "VT sidewalk geometry; nearest approach, not a surveyed entrance",
        "building_offset_m": 10.6
      }
    },
    {
      "type": "Feature",
      "geometry": {
        "type": "Point",
        "coordinates": [
          -80.42350069203152,
          37.223852565472946
        ]
      },
      "properties": {
        "entrance_id": "APPROACH-VT-ENGEL-HALL",
        "node_id": "N-APPROACH-VT-ENGEL-HALL",
        "building_id": "VT-ENGEL-HALL",
        "entrance_name": "Nearby sidewalk \u2014 door not mapped",
        "node_role": "approach",
        "geometry_precision": "nearest_mapped_sidewalk",
        "accessibility_status": "unknown",
        "operational_status": "unknown",
        "confidence": "inferred",
        "source": "VT sidewalk geometry; nearest approach, not a surveyed entrance",
        "building_offset_m": 24.4
      }
    },
    {
      "type": "Feature",
      "geometry": {
        "type": "Point",
        "coordinates": [
          -80.4234359,
          37.2239603
        ]
      },
      "properties": {
        "entrance_id": "APPROACH-VT-FRALIN-BIOTECHNOLOGY-CENTER",
        "node_id": "N-APPROACH-VT-FRALIN-BIOTECHNOLOGY-CENTER",
        "building_id": "VT-FRALIN-BIOTECHNOLOGY-CENTER",
        "entrance_name": "Nearby sidewalk \u2014 door not mapped",
        "node_role": "approach",
        "geometry_precision": "nearest_mapped_sidewalk",
        "accessibility_status": "unknown",
        "operational_status": "unknown",
        "confidence": "inferred",
        "source": "VT sidewalk geometry; nearest approach, not a surveyed entrance",
        "building_offset_m": 15.6
      }
    },
    {
      "type": "Feature",
      "geometry": {
        "type": "Point",
        "coordinates": [
          -80.42401055459183,
          37.225590934628464
        ]
      },
      "properties": {
        "entrance_id": "APPROACH-VT-PRICE-HALL",
        "node_id": "N-APPROACH-VT-PRICE-HALL",
        "building_id": "VT-PRICE-HALL",
        "entrance_name": "Nearby sidewalk \u2014 door not mapped",
        "node_role": "approach",
        "geometry_precision": "nearest_mapped_sidewalk",
        "accessibility_status": "unknown",
        "operational_status": "unknown",
        "confidence": "inferred",
        "source": "VT sidewalk geometry; nearest approach, not a surveyed entrance",
        "building_offset_m": 17.4
      }
    },
    {
      "type": "Feature",
      "geometry": {
        "type": "Point",
        "coordinates": [
          -80.4198841,
          37.2240498
        ]
      },
      "properties": {
        "entrance_id": "APPROACH-VT-PRITCHARD-HALL",
        "node_id": "N-APPROACH-VT-PRITCHARD-HALL",
        "building_id": "VT-PRITCHARD-HALL",
        "entrance_name": "Nearby sidewalk \u2014 door not mapped",
        "node_role": "approach",
        "geometry_precision": "nearest_mapped_sidewalk",
        "accessibility_status": "unknown",
        "operational_status": "unknown",
        "confidence": "inferred",
        "source": "VT sidewalk geometry; nearest approach, not a surveyed entrance",
        "building_offset_m": 30.0
      }
    },
    {
      "type": "Feature",
      "geometry": {
        "type": "Point",
        "coordinates": [
          -80.41872026014975,
          37.22468877576387
        ]
      },
      "properties": {
        "entrance_id": "APPROACH-VT-HOGE-HALL",
        "node_id": "N-APPROACH-VT-HOGE-HALL",
        "building_id": "VT-HOGE-HALL",
        "entrance_name": "Nearby sidewalk \u2014 door not mapped",
        "node_role": "approach",
        "geometry_precision": "nearest_mapped_sidewalk",
        "accessibility_status": "unknown",
        "operational_status": "unknown",
        "confidence": "inferred",
        "source": "VT sidewalk geometry; nearest approach, not a surveyed entrance",
        "building_offset_m": 32.0
      }
    },
    {
      "type": "Feature",
      "geometry": {
        "type": "Point",
        "coordinates": [
          -80.4222977,
          37.2245152
        ]
      },
      "properties": {
        "entrance_id": "APPROACH-VT-LATHAM-HALL",
        "node_id": "N-APPROACH-VT-LATHAM-HALL",
        "building_id": "VT-LATHAM-HALL",
        "entrance_name": "Nearby sidewalk \u2014 door not mapped",
        "node_role": "approach",
        "geometry_precision": "nearest_mapped_sidewalk",
        "accessibility_status": "unknown",
        "operational_status": "unknown",
        "confidence": "inferred",
        "source": "VT sidewalk geometry; nearest approach, not a surveyed entrance",
        "building_offset_m": 22.9
      }
    },
    {
      "type": "Feature",
      "geometry": {
        "type": "Point",
        "coordinates": [
          -80.4240628,
          37.2248476
        ]
      },
      "properties": {
        "entrance_id": "APPROACH-VT-AGNEW-HALL",
        "node_id": "N-APPROACH-VT-AGNEW-HALL",
        "building_id": "VT-AGNEW-HALL",
        "entrance_name": "Nearby sidewalk \u2014 door not mapped",
        "node_role": "approach",
        "geometry_precision": "nearest_mapped_sidewalk",
        "accessibility_status": "unknown",
        "operational_status": "unknown",
        "confidence": "inferred",
        "source": "VT sidewalk geometry; nearest approach, not a surveyed entrance",
        "building_offset_m": 9.8
      }
    },
    {
      "type": "Feature",
      "geometry": {
        "type": "Point",
        "coordinates": [
          -80.42090505113802,
          37.22434200675847
        ]
      },
      "properties": {
        "entrance_id": "APPROACH-VT-DIETRICK-HALL",
        "node_id": "N-APPROACH-VT-DIETRICK-HALL",
        "building_id": "VT-DIETRICK-HALL",
        "entrance_name": "Nearby sidewalk \u2014 door not mapped",
        "node_role": "approach",
        "geometry_precision": "nearest_mapped_sidewalk",
        "accessibility_status": "unknown",
        "operational_status": "unknown",
        "confidence": "inferred",
        "source": "VT sidewalk geometry; nearest approach, not a surveyed entrance",
        "building_offset_m": 28.2
      }
    },
    {
      "type": "Feature",
      "geometry": {
        "type": "Point",
        "coordinates": [
          -80.4237182,
          37.2249863
        ]
      },
      "properties": {
        "entrance_id": "APPROACH-VT-SEITZ-HALL",
        "node_id": "N-APPROACH-VT-SEITZ-HALL",
        "building_id": "VT-SEITZ-HALL",
        "entrance_name": "Nearby sidewalk \u2014 door not mapped",
        "node_role": "approach",
        "geometry_precision": "nearest_mapped_sidewalk",
        "accessibility_status": "unknown",
        "operational_status": "unknown",
        "confidence": "inferred",
        "source": "VT sidewalk geometry; nearest approach, not a surveyed entrance",
        "building_offset_m": 27.5
      }
    },
    {
      "type": "Feature",
      "geometry": {
        "type": "Point",
        "coordinates": [
          -80.42412977675458,
          37.22498862146554
        ]
      },
      "properties": {
        "entrance_id": "APPROACH-VT-SAUNDERS-HALL",
        "node_id": "N-APPROACH-VT-SAUNDERS-HALL",
        "building_id": "VT-SAUNDERS-HALL",
        "entrance_name": "Nearby sidewalk \u2014 door not mapped",
        "node_role": "approach",
        "geometry_precision": "nearest_mapped_sidewalk",
        "accessibility_status": "unknown",
        "operational_status": "unknown",
        "confidence": "inferred",
        "source": "VT sidewalk geometry; nearest approach, not a surveyed entrance",
        "building_offset_m": 20.4
      }
    },
    {
      "type": "Feature",
      "geometry": {
        "type": "Point",
        "coordinates": [
          -80.41992503375387,
          37.22516766786502
        ]
      },
      "properties": {
        "entrance_id": "APPROACH-VT-PEDDREW-YATES-HALL",
        "node_id": "N-APPROACH-VT-PEDDREW-YATES-HALL",
        "building_id": "VT-PEDDREW-YATES-HALL",
        "entrance_name": "Nearby sidewalk \u2014 door not mapped",
        "node_role": "approach",
        "geometry_precision": "nearest_mapped_sidewalk",
        "accessibility_status": "unknown",
        "operational_status": "unknown",
        "confidence": "inferred",
        "source": "VT sidewalk geometry; nearest approach, not a surveyed entrance",
        "building_offset_m": 4.2
      }
    },
    {
      "type": "Feature",
      "geometry": {
        "type": "Point",
        "coordinates": [
          -80.4232157,
          37.2250729
        ]
      },
      "properties": {
        "entrance_id": "APPROACH-VT-SMYTH-HALL",
        "node_id": "N-APPROACH-VT-SMYTH-HALL",
        "building_id": "VT-SMYTH-HALL",
        "entrance_name": "Nearby sidewalk \u2014 door not mapped",
        "node_role": "approach",
        "geometry_precision": "nearest_mapped_sidewalk",
        "accessibility_status": "unknown",
        "operational_status": "unknown",
        "confidence": "inferred",
        "source": "VT sidewalk geometry; nearest approach, not a surveyed entrance",
        "building_offset_m": 8.8
      }
    },
    {
      "type": "Feature",
      "geometry": {
        "type": "Point",
        "coordinates": [
          -80.4212799161321,
          37.22629575698426
        ]
      },
      "properties": {
        "entrance_id": "APPROACH-VT-CAMPBELL-HALL-EAST-WING",
        "node_id": "N-APPROACH-VT-CAMPBELL-HALL-EAST-WING",
        "building_id": "VT-CAMPBELL-HALL-EAST-WING",
        "entrance_name": "Nearby sidewalk \u2014 door not mapped",
        "node_role": "approach",
        "geometry_precision": "nearest_mapped_sidewalk",
        "accessibility_status": "unknown",
        "operational_status": "unknown",
        "confidence": "inferred",
        "source": "VT sidewalk geometry; nearest approach, not a surveyed entrance",
        "building_offset_m": 22.1
      }
    },
    {
      "type": "Feature",
      "geometry": {
        "type": "Point",
        "coordinates": [
          -80.42187926951065,
          37.225465010433936
        ]
      },
      "properties": {
        "entrance_id": "APPROACH-VT-SLUSHER-HALL",
        "node_id": "N-APPROACH-VT-SLUSHER-HALL",
        "building_id": "VT-SLUSHER-HALL",
        "entrance_name": "Nearby sidewalk \u2014 door not mapped",
        "node_role": "approach",
        "geometry_precision": "nearest_mapped_sidewalk",
        "accessibility_status": "unknown",
        "operational_status": "unknown",
        "confidence": "inferred",
        "source": "VT sidewalk geometry; nearest approach, not a surveyed entrance",
        "building_offset_m": 19.0
      }
    },
    {
      "type": "Feature",
      "geometry": {
        "type": "Point",
        "coordinates": [
          -80.41778877407901,
          37.22547954023506
        ]
      },
      "properties": {
        "entrance_id": "APPROACH-VT-JOHNSON-HALL",
        "node_id": "N-APPROACH-VT-JOHNSON-HALL",
        "building_id": "VT-JOHNSON-HALL",
        "entrance_name": "Nearby sidewalk \u2014 door not mapped",
        "node_role": "approach",
        "geometry_precision": "nearest_mapped_sidewalk",
        "accessibility_status": "unknown",
        "operational_status": "unknown",
        "confidence": "inferred",
        "source": "VT sidewalk geometry; nearest approach, not a surveyed entrance",
        "building_offset_m": 8.9
      }
    },
    {
      "type": "Feature",
      "geometry": {
        "type": "Point",
        "coordinates": [
          -80.41685914041297,
          37.22545773878836
        ]
      },
      "properties": {
        "entrance_id": "APPROACH-VT-MILES-HALL",
        "node_id": "N-APPROACH-VT-MILES-HALL",
        "building_id": "VT-MILES-HALL",
        "entrance_name": "Nearby sidewalk \u2014 door not mapped",
        "node_role": "approach",
        "geometry_precision": "nearest_mapped_sidewalk",
        "accessibility_status": "unknown",
        "operational_status": "unknown",
        "confidence": "inferred",
        "source": "VT sidewalk geometry; nearest approach, not a surveyed entrance",
        "building_offset_m": 10.4
      }
    },
    {
      "type": "Feature",
      "geometry": {
        "type": "Point",
        "coordinates": [
          -80.4235324,
          37.2257595
        ]
      },
      "properties": {
        "entrance_id": "APPROACH-VT-SANDY-HALL",
        "node_id": "N-APPROACH-VT-SANDY-HALL",
        "building_id": "VT-SANDY-HALL",
        "entrance_name": "Nearby sidewalk \u2014 door not mapped",
        "node_role": "approach",
        "geometry_precision": "nearest_mapped_sidewalk",
        "accessibility_status": "unknown",
        "operational_status": "unknown",
        "confidence": "inferred",
        "source": "VT sidewalk geometry; nearest approach, not a surveyed entrance",
        "building_offset_m": 3.3
      }
    },
    {
      "type": "Feature",
      "geometry": {
        "type": "Point",
        "coordinates": [
          -80.42000139238675,
          37.22581537846363
        ]
      },
      "properties": {
        "entrance_id": "APPROACH-VT-PAYNE-HALL",
        "node_id": "N-APPROACH-VT-PAYNE-HALL",
        "building_id": "VT-PAYNE-HALL",
        "entrance_name": "Nearby sidewalk \u2014 door not mapped",
        "node_role": "approach",
        "geometry_precision": "nearest_mapped_sidewalk",
        "accessibility_status": "unknown",
        "operational_status": "unknown",
        "confidence": "inferred",
        "source": "VT sidewalk geometry; nearest approach, not a surveyed entrance",
        "building_offset_m": 0.2
      }
    },
    {
      "type": "Feature",
      "geometry": {
        "type": "Point",
        "coordinates": [
          -80.42224702824232,
          37.22615250575159
        ]
      },
      "properties": {
        "entrance_id": "APPROACH-VT-CAMPBELL-HALL-MAIN-WING",
        "node_id": "N-APPROACH-VT-CAMPBELL-HALL-MAIN-WING",
        "building_id": "VT-CAMPBELL-HALL-MAIN-WING",
        "entrance_name": "Nearby sidewalk \u2014 door not mapped",
        "node_role": "approach",
        "geometry_precision": "nearest_mapped_sidewalk",
        "accessibility_status": "unknown",
        "operational_status": "unknown",
        "confidence": "inferred",
        "source": "VT sidewalk geometry; nearest approach, not a surveyed entrance",
        "building_offset_m": 22.1
      }
    },
    {
      "type": "Feature",
      "geometry": {
        "type": "Point",
        "coordinates": [
          -80.42658990105653,
          37.226051301112214
        ]
      },
      "properties": {
        "entrance_id": "APPROACH-VT-SOLITUDE",
        "node_id": "N-APPROACH-VT-SOLITUDE",
        "building_id": "VT-SOLITUDE",
        "entrance_name": "Nearby sidewalk \u2014 door not mapped",
        "node_role": "approach",
        "geometry_precision": "nearest_mapped_sidewalk",
        "accessibility_status": "unknown",
        "operational_status": "unknown",
        "confidence": "inferred",
        "source": "VT sidewalk geometry; nearest approach, not a surveyed entrance",
        "building_offset_m": 28.8
      }
    },
    {
      "type": "Feature",
      "geometry": {
        "type": "Point",
        "coordinates": [
          -80.418398,
          37.2252994
        ]
      },
      "properties": {
        "entrance_id": "APPROACH-VT-O-SHAUGHNESSY-HALL",
        "node_id": "N-APPROACH-VT-O-SHAUGHNESSY-HALL",
        "building_id": "VT-O-SHAUGHNESSY-HALL",
        "entrance_name": "Nearby sidewalk \u2014 door not mapped",
        "node_role": "approach",
        "geometry_precision": "nearest_mapped_sidewalk",
        "accessibility_status": "unknown",
        "operational_status": "unknown",
        "confidence": "inferred",
        "source": "VT sidewalk geometry; nearest approach, not a surveyed entrance",
        "building_offset_m": 11.5
      }
    },
    {
      "type": "Feature",
      "geometry": {
        "type": "Point",
        "coordinates": [
          -80.4169088,
          37.2259809
        ]
      },
      "properties": {
        "entrance_id": "APPROACH-VT-WHITEHURST-HALL",
        "node_id": "N-APPROACH-VT-WHITEHURST-HALL",
        "building_id": "VT-WHITEHURST-HALL",
        "entrance_name": "Nearby sidewalk \u2014 door not mapped",
        "node_role": "approach",
        "geometry_precision": "nearest_mapped_sidewalk",
        "accessibility_status": "unknown",
        "operational_status": "unknown",
        "confidence": "inferred",
        "source": "VT sidewalk geometry; nearest approach, not a surveyed entrance",
        "building_offset_m": 26.6
      }
    },
    {
      "type": "Feature",
      "geometry": {
        "type": "Point",
        "coordinates": [
          -80.41768967136326,
          37.22701021940758
        ]
      },
      "properties": {
        "entrance_id": "APPROACH-VT-VAWTER-HALL",
        "node_id": "N-APPROACH-VT-VAWTER-HALL",
        "building_id": "VT-VAWTER-HALL",
        "entrance_name": "Nearby sidewalk \u2014 door not mapped",
        "node_role": "approach",
        "geometry_precision": "nearest_mapped_sidewalk",
        "accessibility_status": "unknown",
        "operational_status": "unknown",
        "confidence": "inferred",
        "source": "VT sidewalk geometry; nearest approach, not a surveyed entrance",
        "building_offset_m": 2.5
      }
    },
    {
      "type": "Feature",
      "geometry": {
        "type": "Point",
        "coordinates": [
          -80.4181092,
          37.2263018
        ]
      },
      "properties": {
        "entrance_id": "APPROACH-VT-NEWMAN-HALL",
        "node_id": "N-APPROACH-VT-NEWMAN-HALL",
        "building_id": "VT-NEWMAN-HALL",
        "entrance_name": "Nearby sidewalk \u2014 door not mapped",
        "node_role": "approach",
        "geometry_precision": "nearest_mapped_sidewalk",
        "accessibility_status": "unknown",
        "operational_status": "unknown",
        "confidence": "inferred",
        "source": "VT sidewalk geometry; nearest approach, not a surveyed entrance",
        "building_offset_m": 25.6
      }
    },
    {
      "type": "Feature",
      "geometry": {
        "type": "Point",
        "coordinates": [
          -80.43450090950346,
          37.23134017622416
        ]
      },
      "properties": {
        "entrance_id": "APPROACH-VT-BUTLER-BUILDING-HERBICIDE-STORAGE",
        "node_id": "N-APPROACH-VT-BUTLER-BUILDING-HERBICIDE-STORAGE",
        "building_id": "VT-BUTLER-BUILDING-HERBICIDE-STORAGE",
        "entrance_name": "Nearby sidewalk \u2014 door not mapped",
        "node_role": "approach",
        "geometry_precision": "nearest_mapped_sidewalk",
        "accessibility_status": "unknown",
        "operational_status": "unknown",
        "confidence": "inferred",
        "source": "VT sidewalk geometry; nearest approach, not a surveyed entrance",
        "building_offset_m": 90.6
      }
    },
    {
      "type": "Feature",
      "geometry": {
        "type": "Point",
        "coordinates": [
          -80.42010164080327,
          37.226928805161734
        ]
      },
      "properties": {
        "entrance_id": "APPROACH-VT-EGGLESTON-HALL-WEST-WING",
        "node_id": "N-APPROACH-VT-EGGLESTON-HALL-WEST-WING",
        "building_id": "VT-EGGLESTON-HALL-WEST-WING",
        "entrance_name": "Nearby sidewalk \u2014 door not mapped",
        "node_role": "approach",
        "geometry_precision": "nearest_mapped_sidewalk",
        "accessibility_status": "unknown",
        "operational_status": "unknown",
        "confidence": "inferred",
        "source": "VT sidewalk geometry; nearest approach, not a surveyed entrance",
        "building_offset_m": 10.2
      }
    },
    {
      "type": "Feature",
      "geometry": {
        "type": "Point",
        "coordinates": [
          -80.4210947,
          37.2261382
        ]
      },
      "properties": {
        "entrance_id": "APPROACH-VT-WAR-MEMORIAL-GYMNASIUM",
        "node_id": "N-APPROACH-VT-WAR-MEMORIAL-GYMNASIUM",
        "building_id": "VT-WAR-MEMORIAL-GYMNASIUM",
        "entrance_name": "Nearby sidewalk \u2014 door not mapped",
        "node_role": "approach",
        "geometry_precision": "nearest_mapped_sidewalk",
        "accessibility_status": "unknown",
        "operational_status": "unknown",
        "confidence": "inferred",
        "source": "VT sidewalk geometry; nearest approach, not a surveyed entrance",
        "building_offset_m": 44.4
      }
    },
    {
      "type": "Feature",
      "geometry": {
        "type": "Point",
        "coordinates": [
          -80.42880186349416,
          37.22680100245743
        ]
      },
      "properties": {
        "entrance_id": "APPROACH-VT-GOLF-COURSE-CLUB-HOUSE",
        "node_id": "N-APPROACH-VT-GOLF-COURSE-CLUB-HOUSE",
        "building_id": "VT-GOLF-COURSE-CLUB-HOUSE",
        "entrance_name": "Nearby sidewalk \u2014 door not mapped",
        "node_role": "approach",
        "geometry_precision": "nearest_mapped_sidewalk",
        "accessibility_status": "unknown",
        "operational_status": "unknown",
        "confidence": "inferred",
        "source": "VT sidewalk geometry; nearest approach, not a surveyed entrance",
        "building_offset_m": 12.7
      }
    },
    {
      "type": "Feature",
      "geometry": {
        "type": "Point",
        "coordinates": [
          -80.42612154320493,
          37.22677543878931
        ]
      },
      "properties": {
        "entrance_id": "APPROACH-VT-WRIGHT-HOUSE",
        "node_id": "N-APPROACH-VT-WRIGHT-HOUSE",
        "building_id": "VT-WRIGHT-HOUSE",
        "entrance_name": "Nearby sidewalk \u2014 door not mapped",
        "node_role": "approach",
        "geometry_precision": "nearest_mapped_sidewalk",
        "accessibility_status": "unknown",
        "operational_status": "unknown",
        "confidence": "inferred",
        "source": "VT sidewalk geometry; nearest approach, not a surveyed entrance",
        "building_offset_m": 7.1
      }
    },
    {
      "type": "Feature",
      "geometry": {
        "type": "Point",
        "coordinates": [
          -80.4190683,
          37.2268311
        ]
      },
      "properties": {
        "entrance_id": "APPROACH-VT-OWENS-HALL",
        "node_id": "N-APPROACH-VT-OWENS-HALL",
        "building_id": "VT-OWENS-HALL",
        "entrance_name": "Nearby sidewalk \u2014 door not mapped",
        "node_role": "approach",
        "geometry_precision": "nearest_mapped_sidewalk",
        "accessibility_status": "unknown",
        "operational_status": "unknown",
        "confidence": "inferred",
        "source": "VT sidewalk geometry; nearest approach, not a surveyed entrance",
        "building_offset_m": 20.7
      }
    },
    {
      "type": "Feature",
      "geometry": {
        "type": "Point",
        "coordinates": [
          -80.42590257463375,
          37.22777286125686
        ]
      },
      "properties": {
        "entrance_id": "APPROACH-VT-HAHN-HALL-SOUTH-WING",
        "node_id": "N-APPROACH-VT-HAHN-HALL-SOUTH-WING",
        "building_id": "VT-HAHN-HALL-SOUTH-WING",
        "entrance_name": "Nearby sidewalk \u2014 door not mapped",
        "node_role": "approach",
        "geometry_precision": "nearest_mapped_sidewalk",
        "accessibility_status": "unknown",
        "operational_status": "unknown",
        "confidence": "inferred",
        "source": "VT sidewalk geometry; nearest approach, not a surveyed entrance",
        "building_offset_m": 18.8
      }
    },
    {
      "type": "Feature",
      "geometry": {
        "type": "Point",
        "coordinates": [
          -80.4194312,
          37.2276219
        ]
      },
      "properties": {
        "entrance_id": "APPROACH-VT-EGGLESTON-HALL-EAST-WING",
        "node_id": "N-APPROACH-VT-EGGLESTON-HALL-EAST-WING",
        "building_id": "VT-EGGLESTON-HALL-EAST-WING",
        "entrance_name": "Nearby sidewalk \u2014 door not mapped",
        "node_role": "approach",
        "geometry_precision": "nearest_mapped_sidewalk",
        "accessibility_status": "unknown",
        "operational_status": "unknown",
        "confidence": "inferred",
        "source": "VT sidewalk geometry; nearest approach, not a surveyed entrance",
        "building_offset_m": 6.3
      }
    },
    {
      "type": "Feature",
      "geometry": {
        "type": "Point",
        "coordinates": [
          -80.4187841,
          37.2280864
        ]
      },
      "properties": {
        "entrance_id": "APPROACH-VT-UNIVERSITY-BOOKSTORE",
        "node_id": "N-APPROACH-VT-UNIVERSITY-BOOKSTORE",
        "building_id": "VT-UNIVERSITY-BOOKSTORE",
        "entrance_name": "Nearby sidewalk \u2014 door not mapped",
        "node_role": "approach",
        "geometry_precision": "nearest_mapped_sidewalk",
        "accessibility_status": "unknown",
        "operational_status": "unknown",
        "confidence": "inferred",
        "source": "VT sidewalk geometry; nearest approach, not a surveyed entrance",
        "building_offset_m": 15.7
      }
    },
    {
      "type": "Feature",
      "geometry": {
        "type": "Point",
        "coordinates": [
          -80.425468,
          37.2281031
        ]
      },
      "properties": {
        "entrance_id": "APPROACH-VT-ROBESON-HALL",
        "node_id": "N-APPROACH-VT-ROBESON-HALL",
        "building_id": "VT-ROBESON-HALL",
        "entrance_name": "Nearby sidewalk \u2014 door not mapped",
        "node_role": "approach",
        "geometry_precision": "nearest_mapped_sidewalk",
        "accessibility_status": "unknown",
        "operational_status": "unknown",
        "confidence": "inferred",
        "source": "VT sidewalk geometry; nearest approach, not a surveyed entrance",
        "building_offset_m": 20.0
      }
    },
    {
      "type": "Feature",
      "geometry": {
        "type": "Point",
        "coordinates": [
          -80.41620065629465,
          37.228503018639
        ]
      },
      "properties": {
        "entrance_id": "APPROACH-VT-ARCHITECTURE-ANNEX",
        "node_id": "N-APPROACH-VT-ARCHITECTURE-ANNEX",
        "building_id": "VT-ARCHITECTURE-ANNEX",
        "entrance_name": "Nearby sidewalk \u2014 door not mapped",
        "node_role": "approach",
        "geometry_precision": "nearest_mapped_sidewalk",
        "accessibility_status": "unknown",
        "operational_status": "unknown",
        "confidence": "inferred",
        "source": "VT sidewalk geometry; nearest approach, not a surveyed entrance",
        "building_offset_m": 12.8
      }
    },
    {
      "type": "Feature",
      "geometry": {
        "type": "Point",
        "coordinates": [
          -80.4177434,
          37.2281539
        ]
      },
      "properties": {
        "entrance_id": "APPROACH-VT-GRADUATE-LIFE-CENTER-AT-DONALDSON-BROWN",
        "node_id": "N-APPROACH-VT-GRADUATE-LIFE-CENTER-AT-DONALDSON-BROWN",
        "building_id": "VT-GRADUATE-LIFE-CENTER-AT-DONALDSON-BROWN",
        "entrance_name": "Nearby sidewalk \u2014 door not mapped",
        "node_role": "approach",
        "geometry_precision": "nearest_mapped_sidewalk",
        "accessibility_status": "unknown",
        "operational_status": "unknown",
        "confidence": "inferred",
        "source": "VT sidewalk geometry; nearest approach, not a surveyed entrance",
        "building_offset_m": 21.1
      }
    },
    {
      "type": "Feature",
      "geometry": {
        "type": "Point",
        "coordinates": [
          -80.4264246,
          37.2283573
        ]
      },
      "properties": {
        "entrance_id": "APPROACH-VT-HAHN-HALL-NORTH-WING",
        "node_id": "N-APPROACH-VT-HAHN-HALL-NORTH-WING",
        "building_id": "VT-HAHN-HALL-NORTH-WING",
        "entrance_name": "Nearby sidewalk \u2014 door not mapped",
        "node_role": "approach",
        "geometry_precision": "nearest_mapped_sidewalk",
        "accessibility_status": "unknown",
        "operational_status": "unknown",
        "confidence": "inferred",
        "source": "VT sidewalk geometry; nearest approach, not a surveyed entrance",
        "building_offset_m": 11.3
      }
    },
    {
      "type": "Feature",
      "geometry": {
        "type": "Point",
        "coordinates": [
          -80.4159709,
          37.2288805
        ]
      },
      "properties": {
        "entrance_id": "APPROACH-VT-MEDIA-ANNEX",
        "node_id": "N-APPROACH-VT-MEDIA-ANNEX",
        "building_id": "VT-MEDIA-ANNEX",
        "entrance_name": "Nearby sidewalk \u2014 door not mapped",
        "node_role": "approach",
        "geometry_precision": "nearest_mapped_sidewalk",
        "accessibility_status": "unknown",
        "operational_status": "unknown",
        "confidence": "inferred",
        "source": "VT sidewalk geometry; nearest approach, not a surveyed entrance",
        "building_offset_m": 8.9
      }
    },
    {
      "type": "Feature",
      "geometry": {
        "type": "Point",
        "coordinates": [
          -80.415378,
          37.2288932
        ]
      },
      "properties": {
        "entrance_id": "APPROACH-VT-MEDIA-BUILDING",
        "node_id": "N-APPROACH-VT-MEDIA-BUILDING",
        "building_id": "VT-MEDIA-BUILDING",
        "entrance_name": "Nearby sidewalk \u2014 door not mapped",
        "node_role": "approach",
        "geometry_precision": "nearest_mapped_sidewalk",
        "accessibility_status": "unknown",
        "operational_status": "unknown",
        "confidence": "inferred",
        "source": "VT sidewalk geometry; nearest approach, not a surveyed entrance",
        "building_offset_m": 10.9
      }
    },
    {
      "type": "Feature",
      "geometry": {
        "type": "Point",
        "coordinates": [
          -80.4205663,
          37.2287771
        ]
      },
      "properties": {
        "entrance_id": "APPROACH-VT-WAR-MEMORIAL-CHAPEL",
        "node_id": "N-APPROACH-VT-WAR-MEMORIAL-CHAPEL",
        "building_id": "VT-WAR-MEMORIAL-CHAPEL",
        "entrance_name": "Nearby sidewalk \u2014 door not mapped",
        "node_role": "approach",
        "geometry_precision": "nearest_mapped_sidewalk",
        "accessibility_status": "unknown",
        "operational_status": "unknown",
        "confidence": "inferred",
        "source": "VT sidewalk geometry; nearest approach, not a surveyed entrance",
        "building_offset_m": 12.9
      }
    },
    {
      "type": "Feature",
      "geometry": {
        "type": "Point",
        "coordinates": [
          -80.41920358852813,
          37.228426448227765
        ]
      },
      "properties": {
        "entrance_id": "APPROACH-VT-NEWMAN-LIBRARY",
        "node_id": "N-APPROACH-VT-NEWMAN-LIBRARY",
        "building_id": "VT-NEWMAN-LIBRARY",
        "entrance_name": "Nearby sidewalk \u2014 door not mapped",
        "node_role": "approach",
        "geometry_precision": "nearest_mapped_sidewalk",
        "accessibility_status": "unknown",
        "operational_status": "unknown",
        "confidence": "inferred",
        "source": "VT sidewalk geometry; nearest approach, not a surveyed entrance",
        "building_offset_m": 40.4
      }
    },
    {
      "type": "Feature",
      "geometry": {
        "type": "Point",
        "coordinates": [
          -80.4222677,
          37.2292817
        ]
      },
      "properties": {
        "entrance_id": "APPROACH-VT-PATTON-HALL",
        "node_id": "N-APPROACH-VT-PATTON-HALL",
        "building_id": "VT-PATTON-HALL",
        "entrance_name": "Nearby sidewalk \u2014 door not mapped",
        "node_role": "approach",
        "geometry_precision": "nearest_mapped_sidewalk",
        "accessibility_status": "unknown",
        "operational_status": "unknown",
        "confidence": "inferred",
        "source": "VT sidewalk geometry; nearest approach, not a surveyed entrance",
        "building_offset_m": 8.4
      }
    },
    {
      "type": "Feature",
      "geometry": {
        "type": "Point",
        "coordinates": [
          -80.42437604252667,
          37.22960389760946
        ]
      },
      "properties": {
        "entrance_id": "APPROACH-VT-BURCHARD-HALL",
        "node_id": "N-APPROACH-VT-BURCHARD-HALL",
        "building_id": "VT-BURCHARD-HALL",
        "entrance_name": "Nearby sidewalk \u2014 door not mapped",
        "node_role": "approach",
        "geometry_precision": "nearest_mapped_sidewalk",
        "accessibility_status": "unknown",
        "operational_status": "unknown",
        "confidence": "inferred",
        "source": "VT sidewalk geometry; nearest approach, not a surveyed entrance",
        "building_offset_m": 0.3
      }
    },
    {
      "type": "Feature",
      "geometry": {
        "type": "Point",
        "coordinates": [
          -80.4229143,
          37.2256857
        ]
      },
      "properties": {
        "entrance_id": "APPROACH-VT-HUTCHESON-HALL",
        "node_id": "N-APPROACH-VT-HUTCHESON-HALL",
        "building_id": "VT-HUTCHESON-HALL",
        "entrance_name": "Nearby sidewalk \u2014 door not mapped",
        "node_role": "approach",
        "geometry_precision": "nearest_mapped_sidewalk",
        "accessibility_status": "unknown",
        "operational_status": "unknown",
        "confidence": "inferred",
        "source": "VT sidewalk geometry; nearest approach, not a surveyed entrance",
        "building_offset_m": 4.0
      }
    },
    {
      "type": "Feature",
      "geometry": {
        "type": "Point",
        "coordinates": [
          -80.42343,
          37.2296444
        ]
      },
      "properties": {
        "entrance_id": "APPROACH-VT-NORRIS-HALL",
        "node_id": "N-APPROACH-VT-NORRIS-HALL",
        "building_id": "VT-NORRIS-HALL",
        "entrance_name": "Nearby sidewalk \u2014 door not mapped",
        "node_role": "approach",
        "geometry_precision": "nearest_mapped_sidewalk",
        "accessibility_status": "unknown",
        "operational_status": "unknown",
        "confidence": "inferred",
        "source": "VT sidewalk geometry; nearest approach, not a surveyed entrance",
        "building_offset_m": 26.9
      }
    },
    {
      "type": "Feature",
      "geometry": {
        "type": "Point",
        "coordinates": [
          -80.4246231,
          37.2298314
        ]
      },
      "properties": {
        "entrance_id": "APPROACH-VT-COWGILL-HALL",
        "node_id": "N-APPROACH-VT-COWGILL-HALL",
        "building_id": "VT-COWGILL-HALL",
        "entrance_name": "Nearby sidewalk \u2014 door not mapped",
        "node_role": "approach",
        "geometry_precision": "nearest_mapped_sidewalk",
        "accessibility_status": "unknown",
        "operational_status": "unknown",
        "confidence": "inferred",
        "source": "VT sidewalk geometry; nearest approach, not a surveyed entrance",
        "building_offset_m": 14.8
      }
    },
    {
      "type": "Feature",
      "geometry": {
        "type": "Point",
        "coordinates": [
          -80.4163125,
          37.2301767
        ]
      },
      "properties": {
        "entrance_id": "APPROACH-VT-THEATER-101",
        "node_id": "N-APPROACH-VT-THEATER-101",
        "building_id": "VT-THEATER-101",
        "entrance_name": "Nearby sidewalk \u2014 door not mapped",
        "node_role": "approach",
        "geometry_precision": "nearest_mapped_sidewalk",
        "accessibility_status": "unknown",
        "operational_status": "unknown",
        "confidence": "inferred",
        "source": "VT sidewalk geometry; nearest approach, not a surveyed entrance",
        "building_offset_m": 8.7
      }
    },
    {
      "type": "Feature",
      "geometry": {
        "type": "Point",
        "coordinates": [
          -80.41680559594337,
          37.23034050688215
        ]
      },
      "properties": {
        "entrance_id": "APPROACH-VT-HENDERSON-HALL",
        "node_id": "N-APPROACH-VT-HENDERSON-HALL",
        "building_id": "VT-HENDERSON-HALL",
        "entrance_name": "Nearby sidewalk \u2014 door not mapped",
        "node_role": "approach",
        "geometry_precision": "nearest_mapped_sidewalk",
        "accessibility_status": "unknown",
        "operational_status": "unknown",
        "confidence": "inferred",
        "source": "VT sidewalk geometry; nearest approach, not a surveyed entrance",
        "building_offset_m": 1.2
      }
    },
    {
      "type": "Feature",
      "geometry": {
        "type": "Point",
        "coordinates": [
          -80.42098811372925,
          37.23056533725139
        ]
      },
      "properties": {
        "entrance_id": "APPROACH-VT-COLLEGE-OF-LIBERAL-ARTS-AND-HUMAN-SCIENC",
        "node_id": "N-APPROACH-VT-COLLEGE-OF-LIBERAL-ARTS-AND-HUMAN-SCIENC",
        "building_id": "VT-COLLEGE-OF-LIBERAL-ARTS-AND-HUMAN-SCIENC",
        "entrance_name": "Nearby sidewalk \u2014 door not mapped",
        "node_role": "approach",
        "geometry_precision": "nearest_mapped_sidewalk",
        "accessibility_status": "unknown",
        "operational_status": "unknown",
        "confidence": "inferred",
        "source": "VT sidewalk geometry; nearest approach, not a surveyed entrance",
        "building_offset_m": 11.0
      }
    },
    {
      "type": "Feature",
      "geometry": {
        "type": "Point",
        "coordinates": [
          -80.4244029,
          37.2301094
        ]
      },
      "properties": {
        "entrance_id": "APPROACH-VT-HANCOCK-HALL",
        "node_id": "N-APPROACH-VT-HANCOCK-HALL",
        "building_id": "VT-HANCOCK-HALL",
        "entrance_name": "Nearby sidewalk \u2014 door not mapped",
        "node_role": "approach",
        "geometry_precision": "nearest_mapped_sidewalk",
        "accessibility_status": "unknown",
        "operational_status": "unknown",
        "confidence": "inferred",
        "source": "VT sidewalk geometry; nearest approach, not a surveyed entrance",
        "building_offset_m": 20.6
      }
    },
    {
      "type": "Feature",
      "geometry": {
        "type": "Point",
        "coordinates": [
          -80.4196605,
          37.2307929
        ]
      },
      "properties": {
        "entrance_id": "APPROACH-VT-LANE-HALL",
        "node_id": "N-APPROACH-VT-LANE-HALL",
        "building_id": "VT-LANE-HALL",
        "entrance_name": "Nearby sidewalk \u2014 door not mapped",
        "node_role": "approach",
        "geometry_precision": "nearest_mapped_sidewalk",
        "accessibility_status": "unknown",
        "operational_status": "unknown",
        "confidence": "inferred",
        "source": "VT sidewalk geometry; nearest approach, not a surveyed entrance",
        "building_offset_m": 15.9
      }
    },
    {
      "type": "Feature",
      "geometry": {
        "type": "Point",
        "coordinates": [
          -80.4340448,
          37.2307916
        ]
      },
      "properties": {
        "entrance_id": "APPROACH-VT-VISITORS-UNDERGRADUATE-ADMISSIONS-CENTER",
        "node_id": "N-APPROACH-VT-VISITORS-UNDERGRADUATE-ADMISSIONS-CENTER",
        "building_id": "VT-VISITORS-UNDERGRADUATE-ADMISSIONS-CENTER",
        "entrance_name": "Nearby sidewalk \u2014 door not mapped",
        "node_role": "approach",
        "geometry_precision": "nearest_mapped_sidewalk",
        "accessibility_status": "unknown",
        "operational_status": "unknown",
        "confidence": "inferred",
        "source": "VT sidewalk geometry; nearest approach, not a surveyed entrance",
        "building_offset_m": 3.9
      }
    },
    {
      "type": "Feature",
      "geometry": {
        "type": "Point",
        "coordinates": [
          -80.4206809,
          37.2310698
        ]
      },
      "properties": {
        "entrance_id": "APPROACH-VT-MAJOR-WILLIAMS-HALL",
        "node_id": "N-APPROACH-VT-MAJOR-WILLIAMS-HALL",
        "building_id": "VT-MAJOR-WILLIAMS-HALL",
        "entrance_name": "Nearby sidewalk \u2014 door not mapped",
        "node_role": "approach",
        "geometry_precision": "nearest_mapped_sidewalk",
        "accessibility_status": "unknown",
        "operational_status": "unknown",
        "confidence": "inferred",
        "source": "VT sidewalk geometry; nearest approach, not a surveyed entrance",
        "building_offset_m": 8.5
      }
    },
    {
      "type": "Feature",
      "geometry": {
        "type": "Point",
        "coordinates": [
          -80.4231531,
          37.2328846
        ]
      },
      "properties": {
        "entrance_id": "APPROACH-VT-SURGE-SPACE-BUILDING",
        "node_id": "N-APPROACH-VT-SURGE-SPACE-BUILDING",
        "building_id": "VT-SURGE-SPACE-BUILDING",
        "entrance_name": "Nearby sidewalk \u2014 door not mapped",
        "node_role": "approach",
        "geometry_precision": "nearest_mapped_sidewalk",
        "accessibility_status": "unknown",
        "operational_status": "unknown",
        "confidence": "inferred",
        "source": "VT sidewalk geometry; nearest approach, not a surveyed entrance",
        "building_offset_m": 19.7
      }
    },
    {
      "type": "Feature",
      "geometry": {
        "type": "Point",
        "coordinates": [
          -80.4226609,
          37.2312377
        ]
      },
      "properties": {
        "entrance_id": "APPROACH-VT-LAVERY-HALL",
        "node_id": "N-APPROACH-VT-LAVERY-HALL",
        "building_id": "VT-LAVERY-HALL",
        "entrance_name": "Nearby sidewalk \u2014 door not mapped",
        "node_role": "approach",
        "geometry_precision": "nearest_mapped_sidewalk",
        "accessibility_status": "unknown",
        "operational_status": "unknown",
        "confidence": "inferred",
        "source": "VT sidewalk geometry; nearest approach, not a surveyed entrance",
        "building_offset_m": 16.4
      }
    },
    {
      "type": "Feature",
      "geometry": {
        "type": "Point",
        "coordinates": [
          -80.4215234653489,
          37.231428055724614
        ]
      },
      "properties": {
        "entrance_id": "APPROACH-VT-OLD-SECURITY-BUILDING",
        "node_id": "N-APPROACH-VT-OLD-SECURITY-BUILDING",
        "building_id": "VT-OLD-SECURITY-BUILDING",
        "entrance_name": "Nearby sidewalk \u2014 door not mapped",
        "node_role": "approach",
        "geometry_precision": "nearest_mapped_sidewalk",
        "accessibility_status": "unknown",
        "operational_status": "unknown",
        "confidence": "inferred",
        "source": "VT sidewalk geometry; nearest approach, not a surveyed entrance",
        "building_offset_m": 8.2
      }
    },
    {
      "type": "Feature",
      "geometry": {
        "type": "Point",
        "coordinates": [
          -80.4197719,
          37.2316637
        ]
      },
      "properties": {
        "entrance_id": "APPROACH-VT-SHANKS-HALL",
        "node_id": "N-APPROACH-VT-SHANKS-HALL",
        "building_id": "VT-SHANKS-HALL",
        "entrance_name": "Nearby sidewalk \u2014 door not mapped",
        "node_role": "approach",
        "geometry_precision": "nearest_mapped_sidewalk",
        "accessibility_status": "unknown",
        "operational_status": "unknown",
        "confidence": "inferred",
        "source": "VT sidewalk geometry; nearest approach, not a surveyed entrance",
        "building_offset_m": 5.4
      }
    },
    {
      "type": "Feature",
      "geometry": {
        "type": "Point",
        "coordinates": [
          -80.4257081,
          37.2313537
        ]
      },
      "properties": {
        "entrance_id": "APPROACH-VT-PARKING-STRUCTURE-PERRY-STREET-LOT",
        "node_id": "N-APPROACH-VT-PARKING-STRUCTURE-PERRY-STREET-LOT",
        "building_id": "VT-PARKING-STRUCTURE-PERRY-STREET-LOT",
        "entrance_name": "Nearby sidewalk \u2014 door not mapped",
        "node_role": "approach",
        "geometry_precision": "nearest_mapped_sidewalk",
        "accessibility_status": "unknown",
        "operational_status": "unknown",
        "confidence": "inferred",
        "source": "VT sidewalk geometry; nearest approach, not a surveyed entrance",
        "building_offset_m": 52.7
      }
    },
    {
      "type": "Feature",
      "geometry": {
        "type": "Point",
        "coordinates": [
          -80.4212064,
          37.2318886
        ]
      },
      "properties": {
        "entrance_id": "APPROACH-VT-MILITARY-BUILDING-LAUNDRY",
        "node_id": "N-APPROACH-VT-MILITARY-BUILDING-LAUNDRY",
        "building_id": "VT-MILITARY-BUILDING-LAUNDRY",
        "entrance_name": "Nearby sidewalk \u2014 door not mapped",
        "node_role": "approach",
        "geometry_precision": "nearest_mapped_sidewalk",
        "accessibility_status": "unknown",
        "operational_status": "unknown",
        "confidence": "inferred",
        "source": "VT sidewalk geometry; nearest approach, not a surveyed entrance",
        "building_offset_m": 29.6
      }
    },
    {
      "type": "Feature",
      "geometry": {
        "type": "Point",
        "coordinates": [
          -80.42080477156017,
          37.23193556686244
        ]
      },
      "properties": {
        "entrance_id": "APPROACH-VT-POWER-HOUSE",
        "node_id": "N-APPROACH-VT-POWER-HOUSE",
        "building_id": "VT-POWER-HOUSE",
        "entrance_name": "Nearby sidewalk \u2014 door not mapped",
        "node_role": "approach",
        "geometry_precision": "nearest_mapped_sidewalk",
        "accessibility_status": "unknown",
        "operational_status": "unknown",
        "confidence": "inferred",
        "source": "VT sidewalk geometry; nearest approach, not a surveyed entrance",
        "building_offset_m": 20.0
      }
    },
    {
      "type": "Feature",
      "geometry": {
        "type": "Point",
        "coordinates": [
          -80.434527,
          37.2313327
        ]
      },
      "properties": {
        "entrance_id": "APPROACH-VT-BUTLER-BUILDING",
        "node_id": "N-APPROACH-VT-BUTLER-BUILDING",
        "building_id": "VT-BUTLER-BUILDING",
        "entrance_name": "Nearby sidewalk \u2014 door not mapped",
        "node_role": "approach",
        "geometry_precision": "nearest_mapped_sidewalk",
        "accessibility_status": "unknown",
        "operational_status": "unknown",
        "confidence": "inferred",
        "source": "VT sidewalk geometry; nearest approach, not a surveyed entrance",
        "building_offset_m": 89.0
      }
    },
    {
      "type": "Feature",
      "geometry": {
        "type": "Point",
        "coordinates": [
          -80.4157529,
          37.2136888
        ]
      },
      "properties": {
        "entrance_id": "APPROACH-VT-RECREATION-FIELDS-BUILDING",
        "node_id": "N-APPROACH-VT-RECREATION-FIELDS-BUILDING",
        "building_id": "VT-RECREATION-FIELDS-BUILDING",
        "entrance_name": "Nearby sidewalk \u2014 door not mapped",
        "node_role": "approach",
        "geometry_precision": "nearest_mapped_sidewalk",
        "accessibility_status": "unknown",
        "operational_status": "unknown",
        "confidence": "inferred",
        "source": "VT sidewalk geometry; nearest approach, not a surveyed entrance",
        "building_offset_m": 20.7
      }
    },
    {
      "type": "Feature",
      "geometry": {
        "type": "Point",
        "coordinates": [
          -80.4192869,
          37.2146449
        ]
      },
      "properties": {
        "entrance_id": "APPROACH-VT-BURROWS-BURLESON-TENNIS-CENTER",
        "node_id": "N-APPROACH-VT-BURROWS-BURLESON-TENNIS-CENTER",
        "building_id": "VT-BURROWS-BURLESON-TENNIS-CENTER",
        "entrance_name": "Nearby sidewalk \u2014 door not mapped",
        "node_role": "approach",
        "geometry_precision": "nearest_mapped_sidewalk",
        "accessibility_status": "unknown",
        "operational_status": "unknown",
        "confidence": "inferred",
        "source": "VT sidewalk geometry; nearest approach, not a surveyed entrance",
        "building_offset_m": 22.1
      }
    },
    {
      "type": "Feature",
      "geometry": {
        "type": "Point",
        "coordinates": [
          -80.4185815,
          37.2151319
        ]
      },
      "properties": {
        "entrance_id": "APPROACH-VT-HEALTH-SAFETY-BUILDING",
        "node_id": "N-APPROACH-VT-HEALTH-SAFETY-BUILDING",
        "building_id": "VT-HEALTH-SAFETY-BUILDING",
        "entrance_name": "Nearby sidewalk \u2014 door not mapped",
        "node_role": "approach",
        "geometry_precision": "nearest_mapped_sidewalk",
        "accessibility_status": "unknown",
        "operational_status": "unknown",
        "confidence": "inferred",
        "source": "VT sidewalk geometry; nearest approach, not a surveyed entrance",
        "building_offset_m": 49.6
      }
    },
    {
      "type": "Feature",
      "geometry": {
        "type": "Point",
        "coordinates": [
          -80.4187719,
          37.2150908
        ]
      },
      "properties": {
        "entrance_id": "APPROACH-VT-SOUTH-RECREATION-TOILETS",
        "node_id": "N-APPROACH-VT-SOUTH-RECREATION-TOILETS",
        "building_id": "VT-SOUTH-RECREATION-TOILETS",
        "entrance_name": "Nearby sidewalk \u2014 door not mapped",
        "node_role": "approach",
        "geometry_precision": "nearest_mapped_sidewalk",
        "accessibility_status": "unknown",
        "operational_status": "unknown",
        "confidence": "inferred",
        "source": "VT sidewalk geometry; nearest approach, not a surveyed entrance",
        "building_offset_m": 20.6
      }
    },
    {
      "type": "Feature",
      "geometry": {
        "type": "Point",
        "coordinates": [
          -80.4183096,
          37.2159334
        ]
      },
      "properties": {
        "entrance_id": "APPROACH-VT-BROODER-HOUSE",
        "node_id": "N-APPROACH-VT-BROODER-HOUSE",
        "building_id": "VT-BROODER-HOUSE",
        "entrance_name": "Nearby sidewalk \u2014 door not mapped",
        "node_role": "approach",
        "geometry_precision": "nearest_mapped_sidewalk",
        "accessibility_status": "unknown",
        "operational_status": "unknown",
        "confidence": "inferred",
        "source": "VT sidewalk geometry; nearest approach, not a surveyed entrance",
        "building_offset_m": 96.4
      }
    },
    {
      "type": "Feature",
      "geometry": {
        "type": "Point",
        "coordinates": [
          -80.4182913,
          37.2160074
        ]
      },
      "properties": {
        "entrance_id": "APPROACH-VT-CAGE-LAYER-HOUSE",
        "node_id": "N-APPROACH-VT-CAGE-LAYER-HOUSE",
        "building_id": "VT-CAGE-LAYER-HOUSE",
        "entrance_name": "Nearby sidewalk \u2014 door not mapped",
        "node_role": "approach",
        "geometry_precision": "nearest_mapped_sidewalk",
        "accessibility_status": "unknown",
        "operational_status": "unknown",
        "confidence": "inferred",
        "source": "VT sidewalk geometry; nearest approach, not a surveyed entrance",
        "building_offset_m": 47.0
      }
    },
    {
      "type": "Feature",
      "geometry": {
        "type": "Point",
        "coordinates": [
          -80.41792489291574,
          37.21869012086473
        ]
      },
      "properties": {
        "entrance_id": "APPROACH-VT-LANE-STADIUM-TICKET-BOOTH-SOUTH",
        "node_id": "N-APPROACH-VT-LANE-STADIUM-TICKET-BOOTH-SOUTH",
        "building_id": "VT-LANE-STADIUM-TICKET-BOOTH-SOUTH",
        "entrance_name": "Nearby sidewalk \u2014 door not mapped",
        "node_role": "approach",
        "geometry_precision": "nearest_mapped_sidewalk",
        "accessibility_status": "unknown",
        "operational_status": "unknown",
        "confidence": "inferred",
        "source": "VT sidewalk geometry; nearest approach, not a surveyed entrance",
        "building_offset_m": 3.1
      }
    },
    {
      "type": "Feature",
      "geometry": {
        "type": "Point",
        "coordinates": [
          -80.4161947,
          37.2184212
        ]
      },
      "properties": {
        "entrance_id": "APPROACH-VT-SOUTHGATE-CENTER",
        "node_id": "N-APPROACH-VT-SOUTHGATE-CENTER",
        "building_id": "VT-SOUTHGATE-CENTER",
        "entrance_name": "Nearby sidewalk \u2014 door not mapped",
        "node_role": "approach",
        "geometry_precision": "nearest_mapped_sidewalk",
        "accessibility_status": "unknown",
        "operational_status": "unknown",
        "confidence": "inferred",
        "source": "VT sidewalk geometry; nearest approach, not a surveyed entrance",
        "building_offset_m": 33.3
      }
    },
    {
      "type": "Feature",
      "geometry": {
        "type": "Point",
        "coordinates": [
          -80.42048282587679,
          37.219201461798654
        ]
      },
      "properties": {
        "entrance_id": "APPROACH-VT-WOMEN-S-SOFTBALL-FIELD-DUGOUTS",
        "node_id": "N-APPROACH-VT-WOMEN-S-SOFTBALL-FIELD-DUGOUTS",
        "building_id": "VT-WOMEN-S-SOFTBALL-FIELD-DUGOUTS",
        "entrance_name": "Nearby sidewalk \u2014 door not mapped",
        "node_role": "approach",
        "geometry_precision": "nearest_mapped_sidewalk",
        "accessibility_status": "unknown",
        "operational_status": "unknown",
        "confidence": "inferred",
        "source": "VT sidewalk geometry; nearest approach, not a surveyed entrance",
        "building_offset_m": 20.8
      }
    },
    {
      "type": "Feature",
      "geometry": {
        "type": "Point",
        "coordinates": [
          -80.414743,
          37.2192211
        ]
      },
      "properties": {
        "entrance_id": "APPROACH-VT-BUILDING-270J-VPAS-IT",
        "node_id": "N-APPROACH-VT-BUILDING-270J-VPAS-IT",
        "building_id": "VT-BUILDING-270J-VPAS-IT",
        "entrance_name": "Nearby sidewalk \u2014 door not mapped",
        "node_role": "approach",
        "geometry_precision": "nearest_mapped_sidewalk",
        "accessibility_status": "unknown",
        "operational_status": "unknown",
        "confidence": "inferred",
        "source": "VT sidewalk geometry; nearest approach, not a surveyed entrance",
        "building_offset_m": 5.9
      }
    },
    {
      "type": "Feature",
      "geometry": {
        "type": "Point",
        "coordinates": [
          -80.4241027,
          37.2192174
        ]
      },
      "properties": {
        "entrance_id": "APPROACH-VT-HAHN-GARDEN-PAVILION",
        "node_id": "N-APPROACH-VT-HAHN-GARDEN-PAVILION",
        "building_id": "VT-HAHN-GARDEN-PAVILION",
        "entrance_name": "Nearby sidewalk \u2014 door not mapped",
        "node_role": "approach",
        "geometry_precision": "nearest_mapped_sidewalk",
        "accessibility_status": "unknown",
        "operational_status": "unknown",
        "confidence": "inferred",
        "source": "VT sidewalk geometry; nearest approach, not a surveyed entrance",
        "building_offset_m": 7.1
      }
    },
    {
      "type": "Feature",
      "geometry": {
        "type": "Point",
        "coordinates": [
          -80.4155478,
          37.2187482
        ]
      },
      "properties": {
        "entrance_id": "APPROACH-VT-PUBLIC-SAFETY-BUILDING",
        "node_id": "N-APPROACH-VT-PUBLIC-SAFETY-BUILDING",
        "building_id": "VT-PUBLIC-SAFETY-BUILDING",
        "entrance_name": "Nearby sidewalk \u2014 door not mapped",
        "node_role": "approach",
        "geometry_precision": "nearest_mapped_sidewalk",
        "accessibility_status": "unknown",
        "operational_status": "unknown",
        "confidence": "inferred",
        "source": "VT sidewalk geometry; nearest approach, not a surveyed entrance",
        "building_offset_m": 15.1
      }
    },
    {
      "type": "Feature",
      "geometry": {
        "type": "Point",
        "coordinates": [
          -80.42235874713835,
          37.22014727856698
        ]
      },
      "properties": {
        "entrance_id": "APPROACH-VT-MCCOMAS-HALL",
        "node_id": "N-APPROACH-VT-MCCOMAS-HALL",
        "building_id": "VT-MCCOMAS-HALL",
        "entrance_name": "Nearby sidewalk \u2014 door not mapped",
        "node_role": "approach",
        "geometry_precision": "nearest_mapped_sidewalk",
        "accessibility_status": "unknown",
        "operational_status": "unknown",
        "confidence": "inferred",
        "source": "VT sidewalk geometry; nearest approach, not a surveyed entrance",
        "building_offset_m": 11.2
      }
    },
    {
      "type": "Feature",
      "geometry": {
        "type": "Point",
        "coordinates": [
          -80.4192086,
          37.2310982
        ]
      },
      "properties": {
        "entrance_id": "APPROACH-VT-PEARSON-HALL-EAST",
        "node_id": "N-APPROACH-VT-PEARSON-HALL-EAST",
        "building_id": "VT-PEARSON-HALL-EAST",
        "entrance_name": "Nearby sidewalk \u2014 door not mapped",
        "node_role": "approach",
        "geometry_precision": "nearest_mapped_sidewalk",
        "accessibility_status": "unknown",
        "operational_status": "unknown",
        "confidence": "inferred",
        "source": "VT sidewalk geometry; nearest approach, not a surveyed entrance",
        "building_offset_m": 25.5
      }
    },
    {
      "type": "Feature",
      "geometry": {
        "type": "Point",
        "coordinates": [
          -80.4263014,
          37.2207824
        ]
      },
      "properties": {
        "entrance_id": "APPROACH-VT-STEGER-HALL-SOUTH-WING",
        "node_id": "N-APPROACH-VT-STEGER-HALL-SOUTH-WING",
        "building_id": "VT-STEGER-HALL-SOUTH-WING",
        "entrance_name": "Nearby sidewalk \u2014 door not mapped",
        "node_role": "approach",
        "geometry_precision": "nearest_mapped_sidewalk",
        "accessibility_status": "unknown",
        "operational_status": "unknown",
        "confidence": "inferred",
        "source": "VT sidewalk geometry; nearest approach, not a surveyed entrance",
        "building_offset_m": 21.6
      }
    },
    {
      "type": "Feature",
      "geometry": {
        "type": "Point",
        "coordinates": [
          -80.42625167419071,
          37.22127031319662
        ]
      },
      "properties": {
        "entrance_id": "APPROACH-VT-STEGER-HALL-NORTH-WING",
        "node_id": "N-APPROACH-VT-STEGER-HALL-NORTH-WING",
        "building_id": "VT-STEGER-HALL-NORTH-WING",
        "entrance_name": "Nearby sidewalk \u2014 door not mapped",
        "node_role": "approach",
        "geometry_precision": "nearest_mapped_sidewalk",
        "accessibility_status": "unknown",
        "operational_status": "unknown",
        "confidence": "inferred",
        "source": "VT sidewalk geometry; nearest approach, not a surveyed entrance",
        "building_offset_m": 24.8
      }
    },
    {
      "type": "Feature",
      "geometry": {
        "type": "Point",
        "coordinates": [
          -80.43048904140011,
          37.22987738580813
        ]
      },
      "properties": {
        "entrance_id": "APPROACH-VT-THE-INN-AT-VIRGINIA-TECH",
        "node_id": "N-APPROACH-VT-THE-INN-AT-VIRGINIA-TECH",
        "building_id": "VT-THE-INN-AT-VIRGINIA-TECH",
        "entrance_name": "Nearby sidewalk \u2014 door not mapped",
        "node_role": "approach",
        "geometry_precision": "nearest_mapped_sidewalk",
        "accessibility_status": "unknown",
        "operational_status": "unknown",
        "confidence": "inferred",
        "source": "VT sidewalk geometry; nearest approach, not a surveyed entrance",
        "building_offset_m": 13.8
      }
    },
    {
      "type": "Feature",
      "geometry": {
        "type": "Point",
        "coordinates": [
          -80.429408,
          37.2291606
        ]
      },
      "properties": {
        "entrance_id": "APPROACH-VT-HOLTZMAN-ALUMNI-CENTER",
        "node_id": "N-APPROACH-VT-HOLTZMAN-ALUMNI-CENTER",
        "building_id": "VT-HOLTZMAN-ALUMNI-CENTER",
        "entrance_name": "Nearby sidewalk \u2014 door not mapped",
        "node_role": "approach",
        "geometry_precision": "nearest_mapped_sidewalk",
        "accessibility_status": "unknown",
        "operational_status": "unknown",
        "confidence": "inferred",
        "source": "VT sidewalk geometry; nearest approach, not a surveyed entrance",
        "building_offset_m": 18.9
      }
    },
    {
      "type": "Feature",
      "geometry": {
        "type": "Point",
        "coordinates": [
          -80.42925817595416,
          37.22927142217081
        ]
      },
      "properties": {
        "entrance_id": "APPROACH-VT-SKELTON-CONFERENCE-CENTER",
        "node_id": "N-APPROACH-VT-SKELTON-CONFERENCE-CENTER",
        "building_id": "VT-SKELTON-CONFERENCE-CENTER",
        "entrance_name": "Nearby sidewalk \u2014 door not mapped",
        "node_role": "approach",
        "geometry_precision": "nearest_mapped_sidewalk",
        "accessibility_status": "unknown",
        "operational_status": "unknown",
        "confidence": "inferred",
        "source": "VT sidewalk geometry; nearest approach, not a surveyed entrance",
        "building_offset_m": 44.2
      }
    },
    {
      "type": "Feature",
      "geometry": {
        "type": "Point",
        "coordinates": [
          -80.4148392255387,
          37.22866501722395
        ]
      },
      "properties": {
        "entrance_id": "APPROACH-VT-201-WEST-ROANOKE-STREET",
        "node_id": "N-APPROACH-VT-201-WEST-ROANOKE-STREET",
        "building_id": "VT-201-WEST-ROANOKE-STREET",
        "entrance_name": "Nearby sidewalk \u2014 door not mapped",
        "node_role": "approach",
        "geometry_precision": "nearest_mapped_sidewalk",
        "accessibility_status": "unknown",
        "operational_status": "unknown",
        "confidence": "inferred",
        "source": "VT sidewalk geometry; nearest approach, not a surveyed entrance",
        "building_offset_m": 13.4
      }
    },
    {
      "type": "Feature",
      "geometry": {
        "type": "Point",
        "coordinates": [
          -80.4217284,
          37.2220049
        ]
      },
      "properties": {
        "entrance_id": "APPROACH-VT-STUDENT-SERVICES-BUILDING",
        "node_id": "N-APPROACH-VT-STUDENT-SERVICES-BUILDING",
        "building_id": "VT-STUDENT-SERVICES-BUILDING",
        "entrance_name": "Nearby sidewalk \u2014 door not mapped",
        "node_role": "approach",
        "geometry_precision": "nearest_mapped_sidewalk",
        "accessibility_status": "unknown",
        "operational_status": "unknown",
        "confidence": "inferred",
        "source": "VT sidewalk geometry; nearest approach, not a surveyed entrance",
        "building_offset_m": 12.6
      }
    },
    {
      "type": "Feature",
      "geometry": {
        "type": "Point",
        "coordinates": [
          -80.4130002,
          37.2198745
        ]
      },
      "properties": {
        "entrance_id": "APPROACH-VT-RECYCLE-CENTER",
        "node_id": "N-APPROACH-VT-RECYCLE-CENTER",
        "building_id": "VT-RECYCLE-CENTER",
        "entrance_name": "Nearby sidewalk \u2014 door not mapped",
        "node_role": "approach",
        "geometry_precision": "nearest_mapped_sidewalk",
        "accessibility_status": "unknown",
        "operational_status": "unknown",
        "confidence": "inferred",
        "source": "VT sidewalk geometry; nearest approach, not a surveyed entrance",
        "building_offset_m": 90.7
      }
    },
    {
      "type": "Feature",
      "geometry": {
        "type": "Point",
        "coordinates": [
          -80.41735898929805,
          37.22002376685876
        ]
      },
      "properties": {
        "entrance_id": "APPROACH-VT-LANE-STADIUM-EAST-STANDS",
        "node_id": "N-APPROACH-VT-LANE-STADIUM-EAST-STANDS",
        "building_id": "VT-LANE-STADIUM-EAST-STANDS",
        "entrance_name": "Nearby sidewalk \u2014 door not mapped",
        "node_role": "approach",
        "geometry_precision": "nearest_mapped_sidewalk",
        "accessibility_status": "unknown",
        "operational_status": "unknown",
        "confidence": "inferred",
        "source": "VT sidewalk geometry; nearest approach, not a surveyed entrance",
        "building_offset_m": 10.1
      }
    },
    {
      "type": "Feature",
      "geometry": {
        "type": "Point",
        "coordinates": [
          -80.41877198719253,
          37.21997749578969
        ]
      },
      "properties": {
        "entrance_id": "APPROACH-VT-LANE-STADIUM-WEST-STANDS",
        "node_id": "N-APPROACH-VT-LANE-STADIUM-WEST-STANDS",
        "building_id": "VT-LANE-STADIUM-WEST-STANDS",
        "entrance_name": "Nearby sidewalk \u2014 door not mapped",
        "node_role": "approach",
        "geometry_precision": "nearest_mapped_sidewalk",
        "accessibility_status": "unknown",
        "operational_status": "unknown",
        "confidence": "inferred",
        "source": "VT sidewalk geometry; nearest approach, not a surveyed entrance",
        "building_offset_m": 1.5
      }
    },
    {
      "type": "Feature",
      "geometry": {
        "type": "Point",
        "coordinates": [
          -80.41801688886518,
          37.21930082302048
        ]
      },
      "properties": {
        "entrance_id": "APPROACH-VT-LANE-STADIUM-SOUTH-END-ZONE",
        "node_id": "N-APPROACH-VT-LANE-STADIUM-SOUTH-END-ZONE",
        "building_id": "VT-LANE-STADIUM-SOUTH-END-ZONE",
        "entrance_name": "Nearby sidewalk \u2014 door not mapped",
        "node_role": "approach",
        "geometry_precision": "nearest_mapped_sidewalk",
        "accessibility_status": "unknown",
        "operational_status": "unknown",
        "confidence": "inferred",
        "source": "VT sidewalk geometry; nearest approach, not a surveyed entrance",
        "building_offset_m": 12.8
      }
    },
    {
      "type": "Feature",
      "geometry": {
        "type": "Point",
        "coordinates": [
          -80.41951310746663,
          37.2160759918685
        ]
      },
      "properties": {
        "entrance_id": "APPROACH-VT-REC-SPORTS-FIELD-HOUSE",
        "node_id": "N-APPROACH-VT-REC-SPORTS-FIELD-HOUSE",
        "building_id": "VT-REC-SPORTS-FIELD-HOUSE",
        "entrance_name": "Nearby sidewalk \u2014 door not mapped",
        "node_role": "approach",
        "geometry_precision": "nearest_mapped_sidewalk",
        "accessibility_status": "unknown",
        "operational_status": "unknown",
        "confidence": "inferred",
        "source": "VT sidewalk geometry; nearest approach, not a surveyed entrance",
        "building_offset_m": 19.6
      }
    },
    {
      "type": "Feature",
      "geometry": {
        "type": "Point",
        "coordinates": [
          -80.41810094732138,
          37.220863087339744
        ]
      },
      "properties": {
        "entrance_id": "APPROACH-VT-LANE-STADIUM-NORTH-END-ZONE",
        "node_id": "N-APPROACH-VT-LANE-STADIUM-NORTH-END-ZONE",
        "building_id": "VT-LANE-STADIUM-NORTH-END-ZONE",
        "entrance_name": "Nearby sidewalk \u2014 door not mapped",
        "node_role": "approach",
        "geometry_precision": "nearest_mapped_sidewalk",
        "accessibility_status": "unknown",
        "operational_status": "unknown",
        "confidence": "inferred",
        "source": "VT sidewalk geometry; nearest approach, not a surveyed entrance",
        "building_offset_m": 11.3
      }
    },
    {
      "type": "Feature",
      "geometry": {
        "type": "Point",
        "coordinates": [
          -80.42124298480874,
          37.23162617336388
        ]
      },
      "properties": {
        "entrance_id": "APPROACH-VT-WARE-LAB-STORAGE-BUILDING",
        "node_id": "N-APPROACH-VT-WARE-LAB-STORAGE-BUILDING",
        "building_id": "VT-WARE-LAB-STORAGE-BUILDING",
        "entrance_name": "Nearby sidewalk \u2014 door not mapped",
        "node_role": "approach",
        "geometry_precision": "nearest_mapped_sidewalk",
        "accessibility_status": "unknown",
        "operational_status": "unknown",
        "confidence": "inferred",
        "source": "VT sidewalk geometry; nearest approach, not a surveyed entrance",
        "building_offset_m": 13.6
      }
    },
    {
      "type": "Feature",
      "geometry": {
        "type": "Point",
        "coordinates": [
          -80.43185855974257,
          37.22316664470213
        ]
      },
      "properties": {
        "entrance_id": "APPROACH-VT-BUILDING-270K-VIRGINIA-TECH-DRONE-PARK",
        "node_id": "N-APPROACH-VT-BUILDING-270K-VIRGINIA-TECH-DRONE-PARK",
        "building_id": "VT-BUILDING-270K-VIRGINIA-TECH-DRONE-PARK",
        "entrance_name": "Nearby sidewalk \u2014 door not mapped",
        "node_role": "approach",
        "geometry_precision": "nearest_mapped_sidewalk",
        "accessibility_status": "unknown",
        "operational_status": "unknown",
        "confidence": "inferred",
        "source": "VT sidewalk geometry; nearest approach, not a surveyed entrance",
        "building_offset_m": 7.2
      }
    },
    {
      "type": "Feature",
      "geometry": {
        "type": "Point",
        "coordinates": [
          -80.4224063,
          37.2179118
        ]
      },
      "properties": {
        "entrance_id": "APPROACH-VT-ACC-BASEBALL-TOWER",
        "node_id": "N-APPROACH-VT-ACC-BASEBALL-TOWER",
        "building_id": "VT-ACC-BASEBALL-TOWER",
        "entrance_name": "Nearby sidewalk \u2014 door not mapped",
        "node_role": "approach",
        "geometry_precision": "nearest_mapped_sidewalk",
        "accessibility_status": "unknown",
        "operational_status": "unknown",
        "confidence": "inferred",
        "source": "VT sidewalk geometry; nearest approach, not a surveyed entrance",
        "building_offset_m": 52.7
      }
    },
    {
      "type": "Feature",
      "geometry": {
        "type": "Point",
        "coordinates": [
          -80.4218174874234,
          37.21935548116431
        ]
      },
      "properties": {
        "entrance_id": "APPROACH-VT-ACC-SOCCER-LACROSSE-TOWER",
        "node_id": "N-APPROACH-VT-ACC-SOCCER-LACROSSE-TOWER",
        "building_id": "VT-ACC-SOCCER-LACROSSE-TOWER",
        "entrance_name": "Nearby sidewalk \u2014 door not mapped",
        "node_role": "approach",
        "geometry_precision": "nearest_mapped_sidewalk",
        "accessibility_status": "unknown",
        "operational_status": "unknown",
        "confidence": "inferred",
        "source": "VT sidewalk geometry; nearest approach, not a surveyed entrance",
        "building_offset_m": 9.8
      }
    },
    {
      "type": "Feature",
      "geometry": {
        "type": "Point",
        "coordinates": [
          -80.41953085962018,
          37.218611285878445
        ]
      },
      "properties": {
        "entrance_id": "APPROACH-VT-ACC-SOFTBALL-TOWER",
        "node_id": "N-APPROACH-VT-ACC-SOFTBALL-TOWER",
        "building_id": "VT-ACC-SOFTBALL-TOWER",
        "entrance_name": "Nearby sidewalk \u2014 door not mapped",
        "node_role": "approach",
        "geometry_precision": "nearest_mapped_sidewalk",
        "accessibility_status": "unknown",
        "operational_status": "unknown",
        "confidence": "inferred",
        "source": "VT sidewalk geometry; nearest approach, not a surveyed entrance",
        "building_offset_m": 11.0
      }
    },
    {
      "type": "Feature",
      "geometry": {
        "type": "Point",
        "coordinates": [
          -80.4224063,
          37.2179118
        ]
      },
      "properties": {
        "entrance_id": "APPROACH-VT-ACC-TRACK-TOWER",
        "node_id": "N-APPROACH-VT-ACC-TRACK-TOWER",
        "building_id": "VT-ACC-TRACK-TOWER",
        "entrance_name": "Nearby sidewalk \u2014 door not mapped",
        "node_role": "approach",
        "geometry_precision": "nearest_mapped_sidewalk",
        "accessibility_status": "unknown",
        "operational_status": "unknown",
        "confidence": "inferred",
        "source": "VT sidewalk geometry; nearest approach, not a surveyed entrance",
        "building_offset_m": 66.8
      }
    },
    {
      "type": "Feature",
      "geometry": {
        "type": "Point",
        "coordinates": [
          -80.42046533113592,
          37.21921897595968
        ]
      },
      "properties": {
        "entrance_id": "APPROACH-VT-WOMEN-S-SOFTBALL-PRESS-BOX",
        "node_id": "N-APPROACH-VT-WOMEN-S-SOFTBALL-PRESS-BOX",
        "building_id": "VT-WOMEN-S-SOFTBALL-PRESS-BOX",
        "entrance_name": "Nearby sidewalk \u2014 door not mapped",
        "node_role": "approach",
        "geometry_precision": "nearest_mapped_sidewalk",
        "accessibility_status": "unknown",
        "operational_status": "unknown",
        "confidence": "inferred",
        "source": "VT sidewalk geometry; nearest approach, not a surveyed entrance",
        "building_offset_m": 6.7
      }
    },
    {
      "type": "Feature",
      "geometry": {
        "type": "Point",
        "coordinates": [
          -80.4254441,
          37.2301108
        ]
      },
      "properties": {
        "entrance_id": "APPROACH-VT-BISHOP-FAVRAO-HALL",
        "node_id": "N-APPROACH-VT-BISHOP-FAVRAO-HALL",
        "building_id": "VT-BISHOP-FAVRAO-HALL",
        "entrance_name": "Nearby sidewalk \u2014 door not mapped",
        "node_role": "approach",
        "geometry_precision": "nearest_mapped_sidewalk",
        "accessibility_status": "unknown",
        "operational_status": "unknown",
        "confidence": "inferred",
        "source": "VT sidewalk geometry; nearest approach, not a surveyed entrance",
        "building_offset_m": 10.1
      }
    },
    {
      "type": "Feature",
      "geometry": {
        "type": "Point",
        "coordinates": [
          -80.42569910232814,
          37.23054191766461
        ]
      },
      "properties": {
        "entrance_id": "APPROACH-VT-TRANSIT-CENTER",
        "node_id": "N-APPROACH-VT-TRANSIT-CENTER",
        "building_id": "VT-TRANSIT-CENTER",
        "entrance_name": "Nearby sidewalk \u2014 door not mapped",
        "node_role": "approach",
        "geometry_precision": "nearest_mapped_sidewalk",
        "accessibility_status": "unknown",
        "operational_status": "unknown",
        "confidence": "inferred",
        "source": "VT sidewalk geometry; nearest approach, not a surveyed entrance",
        "building_offset_m": 24.8
      }
    },
    {
      "type": "Feature",
      "geometry": {
        "type": "Point",
        "coordinates": [
          -80.41710504085022,
          37.22773615950377
        ]
      },
      "properties": {
        "entrance_id": "APPROACH-VT-CREATIVITY-AND-INNOVATION-DISTRICT-LIVIN",
        "node_id": "N-APPROACH-VT-CREATIVITY-AND-INNOVATION-DISTRICT-LIVIN",
        "building_id": "VT-CREATIVITY-AND-INNOVATION-DISTRICT-LIVIN",
        "entrance_name": "Nearby sidewalk \u2014 door not mapped",
        "node_role": "approach",
        "geometry_precision": "nearest_mapped_sidewalk",
        "accessibility_status": "unknown",
        "operational_status": "unknown",
        "confidence": "inferred",
        "source": "VT sidewalk geometry; nearest approach, not a surveyed entrance",
        "building_offset_m": 43.2
      }
    },
    {
      "type": "Feature",
      "geometry": {
        "type": "Point",
        "coordinates": [
          -80.4205522,
          37.2316317
        ]
      },
      "properties": {
        "entrance_id": "APPROACH-VT-CORPS-LEADERSHIP-AND-MILITARY-SCIENCE-BU",
        "node_id": "N-APPROACH-VT-CORPS-LEADERSHIP-AND-MILITARY-SCIENCE-BU",
        "building_id": "VT-CORPS-LEADERSHIP-AND-MILITARY-SCIENCE-BU",
        "entrance_name": "Nearby sidewalk \u2014 door not mapped",
        "node_role": "approach",
        "geometry_precision": "nearest_mapped_sidewalk",
        "accessibility_status": "unknown",
        "operational_status": "unknown",
        "confidence": "inferred",
        "source": "VT sidewalk geometry; nearest approach, not a surveyed entrance",
        "building_offset_m": 15.5
      }
    },
    {
      "type": "Feature",
      "geometry": {
        "type": "Point",
        "coordinates": [
          -80.4212168667335,
          37.22000332176898
        ]
      },
      "properties": {
        "entrance_id": "APPROACH-VT-SOCCER-FIELD-ENCLOSURE",
        "node_id": "N-APPROACH-VT-SOCCER-FIELD-ENCLOSURE",
        "building_id": "VT-SOCCER-FIELD-ENCLOSURE",
        "entrance_name": "Nearby sidewalk \u2014 door not mapped",
        "node_role": "approach",
        "geometry_precision": "nearest_mapped_sidewalk",
        "accessibility_status": "unknown",
        "operational_status": "unknown",
        "confidence": "inferred",
        "source": "VT sidewalk geometry; nearest approach, not a surveyed entrance",
        "building_offset_m": 5.1
      }
    },
    {
      "type": "Feature",
      "geometry": {
        "type": "Point",
        "coordinates": [
          -80.4249777,
          37.2295821
        ]
      },
      "properties": {
        "entrance_id": "APPROACH-VT-JOHNSTON-STUDENT-CENTER-ELEVATOR-TOWER",
        "node_id": "N-APPROACH-VT-JOHNSTON-STUDENT-CENTER-ELEVATOR-TOWER",
        "building_id": "VT-JOHNSTON-STUDENT-CENTER-ELEVATOR-TOWER",
        "entrance_name": "Nearby sidewalk \u2014 door not mapped",
        "node_role": "approach",
        "geometry_precision": "nearest_mapped_sidewalk",
        "accessibility_status": "unknown",
        "operational_status": "unknown",
        "confidence": "inferred",
        "source": "VT sidewalk geometry; nearest approach, not a surveyed entrance",
        "building_offset_m": 4.4
      }
    },
    {
      "type": "Feature",
      "geometry": {
        "type": "Point",
        "coordinates": [
          -80.427472,
          37.2300199
        ]
      },
      "properties": {
        "entrance_id": "APPROACH-VT-UNDERGRADUATE-SCIENCE-LABORATORY-BUILDIN",
        "node_id": "N-APPROACH-VT-UNDERGRADUATE-SCIENCE-LABORATORY-BUILDIN",
        "building_id": "VT-UNDERGRADUATE-SCIENCE-LABORATORY-BUILDIN",
        "entrance_name": "Nearby sidewalk \u2014 door not mapped",
        "node_role": "approach",
        "geometry_precision": "nearest_mapped_sidewalk",
        "accessibility_status": "unknown",
        "operational_status": "unknown",
        "confidence": "inferred",
        "source": "VT sidewalk geometry; nearest approach, not a surveyed entrance",
        "building_offset_m": 7.5
      }
    },
    {
      "type": "Feature",
      "geometry": {
        "type": "Point",
        "coordinates": [
          -80.42228981545966,
          37.23017201136794
        ]
      },
      "properties": {
        "entrance_id": "APPROACH-VT-HOLDEN-HALL",
        "node_id": "N-APPROACH-VT-HOLDEN-HALL",
        "building_id": "VT-HOLDEN-HALL",
        "entrance_name": "Nearby sidewalk \u2014 door not mapped",
        "node_role": "approach",
        "geometry_precision": "nearest_mapped_sidewalk",
        "accessibility_status": "unknown",
        "operational_status": "unknown",
        "confidence": "inferred",
        "source": "VT sidewalk geometry; nearest approach, not a surveyed entrance",
        "building_offset_m": 5.6
      }
    },
    {
      "type": "Feature",
      "geometry": {
        "type": "Point",
        "coordinates": [
          -80.42126532171287,
          37.231211089541624
        ]
      },
      "properties": {
        "entrance_id": "APPROACH-VT-UPPER-QUAD-HALL-NORTH",
        "node_id": "N-APPROACH-VT-UPPER-QUAD-HALL-NORTH",
        "building_id": "VT-UPPER-QUAD-HALL-NORTH",
        "entrance_name": "Nearby sidewalk \u2014 door not mapped",
        "node_role": "approach",
        "geometry_precision": "nearest_mapped_sidewalk",
        "accessibility_status": "unknown",
        "operational_status": "unknown",
        "confidence": "inferred",
        "source": "VT sidewalk geometry; nearest approach, not a surveyed entrance",
        "building_offset_m": 0.5
      }
    },
    {
      "type": "Feature",
      "geometry": {
        "type": "Point",
        "coordinates": [
          -80.41900437772325,
          37.215648051707504
        ]
      },
      "properties": {
        "entrance_id": "APPROACH-VT-VENTURE-OUT-CENTER",
        "node_id": "N-APPROACH-VT-VENTURE-OUT-CENTER",
        "building_id": "VT-VENTURE-OUT-CENTER",
        "entrance_name": "Nearby sidewalk \u2014 door not mapped",
        "node_role": "approach",
        "geometry_precision": "nearest_mapped_sidewalk",
        "accessibility_status": "unknown",
        "operational_status": "unknown",
        "confidence": "inferred",
        "source": "VT sidewalk geometry; nearest approach, not a surveyed entrance",
        "building_offset_m": 27.5
      }
    },
    {
      "type": "Feature",
      "geometry": {
        "type": "Point",
        "coordinates": [
          -80.42268126597969,
          37.218468583970036
        ]
      },
      "properties": {
        "entrance_id": "APPROACH-VT-JAMES-C-WEAVER-BASEBALL-CENTER",
        "node_id": "N-APPROACH-VT-JAMES-C-WEAVER-BASEBALL-CENTER",
        "building_id": "VT-JAMES-C-WEAVER-BASEBALL-CENTER",
        "entrance_name": "Nearby sidewalk \u2014 door not mapped",
        "node_role": "approach",
        "geometry_precision": "nearest_mapped_sidewalk",
        "accessibility_status": "unknown",
        "operational_status": "unknown",
        "confidence": "inferred",
        "source": "VT sidewalk geometry; nearest approach, not a surveyed entrance",
        "building_offset_m": 13.2
      }
    },
    {
      "type": "Feature",
      "geometry": {
        "type": "Point",
        "coordinates": [
          -80.4356682,
          37.2250321
        ]
      },
      "properties": {
        "entrance_id": "APPROACH-VT-SIGMA-PHI-EPSILON-HOUSE",
        "node_id": "N-APPROACH-VT-SIGMA-PHI-EPSILON-HOUSE",
        "building_id": "VT-SIGMA-PHI-EPSILON-HOUSE",
        "entrance_name": "Nearby sidewalk \u2014 door not mapped",
        "node_role": "approach",
        "geometry_precision": "nearest_mapped_sidewalk",
        "accessibility_status": "unknown",
        "operational_status": "unknown",
        "confidence": "inferred",
        "source": "VT sidewalk geometry; nearest approach, not a surveyed entrance",
        "building_offset_m": 8.7
      }
    },
    {
      "type": "Feature",
      "geometry": {
        "type": "Point",
        "coordinates": [
          -80.4183333,
          37.2159859
        ]
      },
      "properties": {
        "entrance_id": "APPROACH-VT-PARKING-SERVICES",
        "node_id": "N-APPROACH-VT-PARKING-SERVICES",
        "building_id": "VT-PARKING-SERVICES",
        "entrance_name": "Nearby sidewalk \u2014 door not mapped",
        "node_role": "approach",
        "geometry_precision": "nearest_mapped_sidewalk",
        "accessibility_status": "unknown",
        "operational_status": "unknown",
        "confidence": "inferred",
        "source": "VT sidewalk geometry; nearest approach, not a surveyed entrance",
        "building_offset_m": 7.7
      }
    },
    {
      "type": "Feature",
      "geometry": {
        "type": "Point",
        "coordinates": [
          -80.4192764,
          37.2216656
        ]
      },
      "properties": {
        "entrance_id": "APPROACH-VT-MERRYMAN-ATHLETIC-FACILITY",
        "node_id": "N-APPROACH-VT-MERRYMAN-ATHLETIC-FACILITY",
        "building_id": "VT-MERRYMAN-ATHLETIC-FACILITY",
        "entrance_name": "Nearby sidewalk \u2014 door not mapped",
        "node_role": "approach",
        "geometry_precision": "nearest_mapped_sidewalk",
        "accessibility_status": "unknown",
        "operational_status": "unknown",
        "confidence": "inferred",
        "source": "VT sidewalk geometry; nearest approach, not a surveyed entrance",
        "building_offset_m": 22.3
      }
    },
    {
      "type": "Feature",
      "geometry": {
        "type": "Point",
        "coordinates": [
          -80.42454694691848,
          37.229302147717426
        ]
      },
      "properties": {
        "entrance_id": "APPROACH-VT-JOHNSTON-STUDENT-CENTER",
        "node_id": "N-APPROACH-VT-JOHNSTON-STUDENT-CENTER",
        "building_id": "VT-JOHNSTON-STUDENT-CENTER",
        "entrance_name": "Nearby sidewalk \u2014 door not mapped",
        "node_role": "approach",
        "geometry_precision": "nearest_mapped_sidewalk",
        "accessibility_status": "unknown",
        "operational_status": "unknown",
        "confidence": "inferred",
        "source": "VT sidewalk geometry; nearest approach, not a surveyed entrance",
        "building_offset_m": 7.7
      }
    },
    {
      "type": "Feature",
      "geometry": {
        "type": "Point",
        "coordinates": [
          -80.4242837,
          37.2193643
        ]
      },
      "properties": {
        "entrance_id": "APPROACH-VT-HAHN-GARDEN-MARQUEE",
        "node_id": "N-APPROACH-VT-HAHN-GARDEN-MARQUEE",
        "building_id": "VT-HAHN-GARDEN-MARQUEE",
        "entrance_name": "Nearby sidewalk \u2014 door not mapped",
        "node_role": "approach",
        "geometry_precision": "nearest_mapped_sidewalk",
        "accessibility_status": "unknown",
        "operational_status": "unknown",
        "confidence": "inferred",
        "source": "VT sidewalk geometry; nearest approach, not a surveyed entrance",
        "building_offset_m": 7.3
      }
    },
    {
      "type": "Feature",
      "geometry": {
        "type": "Point",
        "coordinates": [
          -80.41494460933075,
          37.218964003921606
        ]
      },
      "properties": {
        "entrance_id": "APPROACH-VT-ARMY-RESERVE-STORAGE",
        "node_id": "N-APPROACH-VT-ARMY-RESERVE-STORAGE",
        "building_id": "VT-ARMY-RESERVE-STORAGE",
        "entrance_name": "Nearby sidewalk \u2014 door not mapped",
        "node_role": "approach",
        "geometry_precision": "nearest_mapped_sidewalk",
        "accessibility_status": "unknown",
        "operational_status": "unknown",
        "confidence": "inferred",
        "source": "VT sidewalk geometry; nearest approach, not a surveyed entrance",
        "building_offset_m": 13.2
      }
    }
  ]
}
